x,y,bbox_w,bbox_h,type_code,type_name,place_name,level,variant,instance_id,template_key
1288,35,1,1,1,Ruin,,1,01,17522881336283509828,poiNode__ruin_lvl1_dorne_alpha
1100,36,1,1,1,Ruin,,1,01,17522881336283509828,poiNode__ruin_lvl1_dorne_alpha
1071,39,1,1,1,Ruin,,1,01,17522881336283509828,poiNode__ruin_lvl1_dorne_alpha
1058,40,1,1,1,Ruin,,1,01,17522881336283509828,poiNode__ruin_lvl1_dorne_alpha
1538,40,1,1,1,Ruin,,1,01,17522881336283509828,poiNode__ruin_lvl1_dorne_alpha
1113,41,1,1,1,Ruin,,1,01,17522881336283509828,poiNode__ruin_lvl1_dorne_alpha
1126,44,2,2,4,Settlement (Town),,2,0b,3286385545442074994,poiNode__town_lvl2_food_dorne_alpha
1666,44,1,1,1,Ruin,,1,01,17522881336283509828,poiNode__ruin_lvl1_dorne_alpha
1657,45,1,1,1,Ruin,,1,01,17522881336283509828,poiNode__ruin_lvl1_dorne_alpha
1304,46,1,1,1,Ruin,,1,01,17522881336283509828,poiNode__ruin_lvl1_dorne_alpha
1630,47,1,1,1,Ruin,,1,01,17522881336283509828,poiNode__ruin_lvl1_dorne_alpha
1569,48,1,1,1,Ruin,,1,01,17522881336283509828,poiNode__ruin_lvl1_dorne_alpha
1641,48,1,1,1,Ruin,,1,01,17522881336283509828,poiNode__ruin_lvl1_dorne_alpha
1708,50,1,1,1,Ruin,,1,01,17522881336283509828,poiNode__ruin_lvl1_dorne_alpha
982,51,1,1,1,Ruin,,1,01,17522881336283509828,poiNode__ruin_lvl1_dorne_alpha
1690,51,1,1,1,Ruin,,1,01,17522881336283509828,poiNode__ruin_lvl1_dorne_alpha
1067,52,1,1,1,Ruin,,1,01,17522881336283509828,poiNode__ruin_lvl1_dorne_alpha
1275,52,1,1,1,Ruin,,1,01,17522881336283509828,poiNode__ruin_lvl1_dorne_alpha
1451,52,1,1,1,Ruin,,1,01,17522881336283509828,poiNode__ruin_lvl1_dorne_alpha
1721,52,1,1,1,Ruin,,1,01,17522881336283509828,poiNode__ruin_lvl1_dorne_alpha
1580,54,5,1,5,Bridge,,2,1f,1498553686271999927,poiNode__bridge_5hex_lvl2_alpha
1074,56,2,2,4,Settlement (Town),,2,0b,12430922041646588100,poiNode__town_lvl2_stone_dorne_alpha
1475,57,1,1,1,Ruin,,1,01,17522881336283509828,poiNode__ruin_lvl1_dorne_alpha
1546,57,1,1,1,Ruin,,1,01,17522881336283509828,poiNode__ruin_lvl1_dorne_alpha
1028,58,2,2,4,Settlement (Town),,2,0b,3286385545442074994,poiNode__town_lvl2_food_dorne_alpha
1627,59,1,1,1,Ruin,,1,01,17522881336283509828,poiNode__ruin_lvl1_dorne_alpha
862,60,2,2,4,Settlement (Town),,2,0b,17244005265719231113,poiNode__town_lvl2_wood_dorne_alpha
1059,60,3,5,15,Bridge,,2,9412,1498553686271999927,poiNode__bridge_5hex_lvl2_alpha
1234,60,1,1,1,Ruin,,1,01,17522881336283509828,poiNode__ruin_lvl1_dorne_alpha
1115,61,3,3,9,Castle,,2,b700,233768147089847775,poiNode__castle_lvl2_dorne_alpha
1145,61,2,2,4,Dragon Sanctum,,1,0f,12986605537241065867,poiNode__dragonsanctum_lv01_dorne_alpha
1285,61,1,1,1,Ruin,,1,01,17522881336283509828,poiNode__ruin_lvl1_dorne_alpha
1693,61,1,1,1,Ruin,,1,01,17522881336283509828,poiNode__ruin_lvl1_dorne_alpha
1066,62,1,1,1,Ruin,,1,01,17522881336283509828,poiNode__ruin_lvl1_dorne_alpha
1273,63,1,1,1,Ruin,,1,01,17522881336283509828,poiNode__ruin_lvl1_dorne_alpha
1537,63,4,3,12,Seat of Power,Saltshore,,fe0e,12637539716245970610,poiNode__sop_Saltshore_alpha
1342,64,2,2,4,Settlement (Town),,3,0b,431345790414121969,poiNode__town_lvl3_food_dorne_alpha
1441,64,1,1,1,Ruin,,1,01,17522881336283509828,poiNode__ruin_lvl1_dorne_alpha
1453,64,2,2,4,Settlement (Town),,3,0b,14350975191467345930,poiNode__town_lvl3_wood_dorne_alpha
1609,64,1,1,1,Ruin,,1,01,17522881336283509828,poiNode__ruin_lvl1_dorne_alpha
1188,65,2,2,4,Crossing,,1,,186484103584441603,poiNode__crossing_lvl1_alpha
1707,65,1,1,1,Ruin,,1,01,17522881336283509828,poiNode__ruin_lvl1_dorne_alpha
941,67,2,3,6,Bridge,,2,%,6488258009797769972,poiNode__bridge_3hex_lvl2_alpha
860,68,1,1,1,Ruin,,1,01,17522881336283509828,poiNode__ruin_lvl1_dorne_alpha
1053,68,1,1,1,Ruin,,1,01,17522881336283509828,poiNode__ruin_lvl1_dorne_alpha
1251,68,1,1,1,Ruin,,1,01,17522881336283509828,poiNode__ruin_lvl1_dorne_alpha
1266,68,1,1,1,Ruin,,1,01,17522881336283509828,poiNode__ruin_lvl1_dorne_alpha
1434,68,1,1,1,Ruin,,1,01,17522881336283509828,poiNode__ruin_lvl1_dorne_alpha
1032,69,1,1,1,Ruin,,1,01,17522881336283509828,poiNode__ruin_lvl1_dorne_alpha
1171,69,1,1,1,Ruin,,1,01,17522881336283509828,poiNode__ruin_lvl1_dorne_alpha
1591,69,2,2,4,Settlement (Town),,3,07,1793729568005850773,poiNode__town_lvl3_stone_dorne_alpha
1697,69,3,3,9,Castle,,3,b700,14456418997839286798,poiNode__castle_lvl3_dorne_alpha
1240,70,1,1,1,Ruin,,1,01,17522881336283509828,poiNode__ruin_lvl1_dorne_alpha
1292,70,2,2,4,Settlement (Town),,2,0b,4572143029366277926,poiNode__town_lvl2_iron_dorne_alpha
1396,70,1,1,1,Ruin,,1,01,17522881336283509828,poiNode__ruin_lvl1_dorne_alpha
1480,70,1,1,1,Ruin,,1,01,17522881336283509828,poiNode__ruin_lvl1_dorne_alpha
1530,70,1,1,1,Ruin,,1,01,17522881336283509828,poiNode__ruin_lvl1_dorne_alpha
1600,70,1,1,1,Ruin,,1,01,17522881336283509828,poiNode__ruin_lvl1_dorne_alpha
824,71,1,1,1,Ruin,,1,01,17522881336283509828,poiNode__ruin_lvl1_dorne_alpha
1192,71,1,2,2,Crossing,,1,03,186484103584441603,poiNode__crossing_lvl1_alpha
1674,71,1,1,1,Ruin,,1,01,17522881336283509828,poiNode__ruin_lvl1_dorne_alpha
970,72,2,2,4,Settlement (Town),,2,0b,17244005265719231113,poiNode__town_lvl2_wood_dorne_alpha
1016,72,2,2,4,Crossing,,2,,17576595532914463501,poiNode__crossing_lvl2_alpha
1404,72,1,1,1,Ruin,,1,01,17522881336283509828,poiNode__ruin_lvl1_dorne_alpha
1316,73,3,5,15,Bridge,,3,9148,4908333263510868557,poiNode__bridge_5hex_lvl3_alpha
1490,73,1,1,1,Ruin,,1,01,17522881336283509828,poiNode__ruin_lvl1_dorne_alpha
1607,73,1,1,1,Ruin,,1,01,17522881336283509828,poiNode__ruin_lvl1_dorne_alpha
1617,73,1,1,1,Ruin,,1,01,17522881336283509828,poiNode__ruin_lvl1_dorne_alpha
1412,74,1,1,1,Ruin,,1,01,17522881336283509828,poiNode__ruin_lvl1_dorne_alpha
1581,74,1,1,1,Ruin,,1,01,17522881336283509828,poiNode__ruin_lvl1_dorne_alpha
1682,74,1,1,1,Ruin,,1,01,17522881336283509828,poiNode__ruin_lvl1_dorne_alpha
1009,75,2,2,4,Crossing,,2,06,17576595532914463501,poiNode__crossing_lvl2_alpha
1255,75,2,2,4,Settlement (Town),,2,07,12430922041646588100,poiNode__town_lvl2_stone_dorne_alpha
1347,75,1,1,1,Ruin,,1,01,17522881336283509828,poiNode__ruin_lvl1_dorne_alpha
849,76,1,1,1,Ruin,,1,01,17522881336283509828,poiNode__ruin_lvl1_dorne_alpha
964,76,3,2,6,Dragon Sanctum,,1,1e,12986605537241065867,poiNode__dragonsanctum_lv01_dorne_alpha
1082,76,1,1,1,Ruin,,1,01,17522881336283509828,poiNode__ruin_lvl1_dorne_alpha
1337,76,3,3,9,Castle,,3,9f00,14456418997839286798,poiNode__castle_lvl3_dorne_alpha
1503,76,1,1,1,Ruin,,1,01,17522881336283509828,poiNode__ruin_lvl1_dorne_alpha
1627,77,1,1,1,Ruin,,1,01,17522881336283509828,poiNode__ruin_lvl1_dorne_alpha
1667,77,2,2,4,Settlement (Town),,3,07,1793729568005850773,poiNode__town_lvl3_stone_dorne_alpha
1373,78,1,1,1,Ruin,,1,01,17522881336283509828,poiNode__ruin_lvl1_dorne_alpha
1515,78,2,2,4,Settlement (Town),,3,0b,1663067788791778725,poiNode__town_lvl3_iron_dorne_alpha
1732,78,2,2,4,Settlement (Town),,3,0b,1663067788791778725,poiNode__town_lvl3_iron_dorne_alpha
1744,78,1,1,1,Ruin,,1,01,17522881336283509828,poiNode__ruin_lvl1_dorne_alpha
958,79,1,1,1,Ruin,,1,01,17522881336283509828,poiNode__ruin_lvl1_dorne_alpha
1023,80,1,1,1,Ruin,,1,01,17522881336283509828,poiNode__ruin_lvl1_dorne_alpha
1128,80,2,2,4,Settlement (Town),,2,0b,3286385545442074994,poiNode__town_lvl2_food_dorne_alpha
1213,80,1,1,1,Ruin,,1,01,17522881336283509828,poiNode__ruin_lvl1_dorne_alpha
1542,80,1,1,1,Ruin,,1,01,17522881336283509828,poiNode__ruin_lvl1_dorne_alpha
1587,80,1,1,1,Ruin,,1,01,17522881336283509828,poiNode__ruin_lvl1_dorne_alpha
1642,80,1,1,1,Ruin,,1,01,17522881336283509828,poiNode__ruin_lvl1_dorne_alpha
1389,81,1,1,1,Ruin,,1,01,17522881336283509828,poiNode__ruin_lvl1_dorne_alpha
1402,81,1,1,1,Ruin,,1,01,17522881336283509828,poiNode__ruin_lvl1_dorne_alpha
1058,82,1,1,1,Ruin,,1,01,17522881336283509828,poiNode__ruin_lvl1_dorne_alpha
1094,82,2,2,4,Settlement (Town),,2,0b,3286385545442074994,poiNode__town_lvl2_food_dorne_alpha
1427,83,2,2,4,Settlement (Town),,3,07,14350975191467345930,poiNode__town_lvl3_wood_dorne_alpha
1437,83,1,1,1,Ruin,,1,01,17522881336283509828,poiNode__ruin_lvl1_dorne_alpha
1736,83,1,1,1,Ruin,,1,01,17522881336283509828,poiNode__ruin_lvl1_dorne_alpha
1766,83,1,1,1,Ruin,,1,01,17522881336283509828,poiNode__ruin_lvl1_dorne_alpha
1352,84,1,1,1,Ruin,,1,01,17522881336283509828,poiNode__ruin_lvl1_dorne_alpha
1609,84,3,3,9,Castle,,3,9f00,14456418997839286798,poiNode__castle_lvl3_dorne_alpha
844,85,1,1,1,Ruin,,1,01,17522881336283509828,poiNode__ruin_lvl1_dorne_alpha
1369,85,2,2,4,Settlement (Town),,3,07,431345790414121969,poiNode__town_lvl3_food_dorne_alpha
1788,85,1,1,1,Ruin,,1,01,17522881336283509828,poiNode__ruin_lvl1_dorne_alpha
1196,86,1,1,1,Ruin,,1,01,17522881336283509828,poiNode__ruin_lvl1_dorne_alpha
886,87,1,1,1,Ruin,,1,01,17522881336283509828,poiNode__ruin_lvl1_dorne_alpha
1258,87,1,1,1,Ruin,,1,01,17522881336283509828,poiNode__ruin_lvl1_dorne_alpha
1317,87,1,1,1,Ruin,,1,01,17522881336283509828,poiNode__ruin_lvl1_dorne_alpha
1778,87,1,1,1,Ruin,,1,01,17522881336283509828,poiNode__ruin_lvl1_dorne_alpha
781,88,2,2,4,Settlement (Town),,2,0b,3286385545442074994,poiNode__town_lvl2_food_dorne_alpha
1294,88,1,1,1,Ruin,,1,01,17522881336283509828,poiNode__ruin_lvl1_dorne_alpha
1424,88,1,1,1,Ruin,,1,01,17522881336283509828,poiNode__ruin_lvl1_dorne_alpha
1470,88,2,2,4,Settlement (Town),,3,0b,431345790414121969,poiNode__town_lvl3_food_dorne_alpha
1671,88,1,1,1,Ruin,,1,01,17522881336283509828,poiNode__ruin_lvl1_dorne_alpha
1721,88,1,1,1,Ruin,,1,01,17522881336283509828,poiNode__ruin_lvl1_dorne_alpha
1753,88,1,1,1,Ruin,,1,01,17522881336283509828,poiNode__ruin_lvl1_dorne_alpha
1025,90,1,1,1,Ruin,,1,01,17522881336283509828,poiNode__ruin_lvl1_dorne_alpha
1747,91,3,3,9,Castle,,3,b700,14456418997839286798,poiNode__castle_lvl3_dorne_alpha
869,92,1,1,1,Ruin,,1,01,17522881336283509828,poiNode__ruin_lvl1_dorne_alpha
1075,92,3,3,9,Castle,,2,9f00,233768147089847775,poiNode__castle_lvl2_dorne_alpha
1559,92,3,3,9,Castle,,3,9f00,14456418997839286798,poiNode__castle_lvl3_dorne_alpha
1436,93,1,1,1,Ruin,,1,01,17522881336283509828,poiNode__ruin_lvl1_dorne_alpha
1458,93,1,1,1,Ruin,,1,01,17522881336283509828,poiNode__ruin_lvl1_dorne_alpha
1576,93,1,1,1,Ruin,,1,01,17522881336283509828,poiNode__ruin_lvl1_dorne_alpha
1584,93,2,2,4,Settlement (Town),,3,07,1793729568005850773,poiNode__town_lvl3_stone_dorne_alpha
1239,94,3,2,6,Dragon Sanctum,,4,1e,6082156363026124616,poiNode__dragonsanctum_lv04_dorne_alpha
1493,94,1,1,1,Ruin,,1,01,17522881336283509828,poiNode__ruin_lvl1_dorne_alpha
1714,94,2,2,4,Settlement (Town),,3,0b,1663067788791778725,poiNode__town_lvl3_iron_dorne_alpha
903,95,1,1,1,Ruin,,1,01,17522881336283509828,poiNode__ruin_lvl1_dorne_alpha
974,95,1,1,1,Ruin,,1,01,17522881336283509828,poiNode__ruin_lvl1_dorne_alpha
1374,95,1,1,1,Ruin,,1,01,17522881336283509828,poiNode__ruin_lvl1_dorne_alpha
781,96,1,1,1,Ruin,,1,01,17522881336283509828,poiNode__ruin_lvl1_dorne_alpha
844,96,3,5,15,Bridge,,2,9412,1498553686271999927,poiNode__bridge_5hex_lvl2_alpha
1339,96,1,1,1,Ruin,,1,01,17522881336283509828,poiNode__ruin_lvl1_dorne_alpha
1121,97,3,5,15,Bridge,,1,a414,16551278857259698617,poiNode__bridge_5hex_lvl1_alpha
1806,98,1,1,1,Ruin,,1,01,17522881336283509828,poiNode__ruin_lvl1_dorne_alpha
853,99,1,1,1,Ruin,,1,01,17522881336283509828,poiNode__ruin_lvl1_dorne_alpha
1324,99,1,1,1,Ruin,,1,01,17522881336283509828,poiNode__ruin_lvl1_dorne_alpha
1444,99,1,1,1,Ruin,,1,01,17522881336283509828,poiNode__ruin_lvl1_dorne_alpha
1149,100,1,1,1,Ruin,,1,01,17522881336283509828,poiNode__ruin_lvl1_dorne_alpha
1546,100,1,1,1,Ruin,,1,01,17522881336283509828,poiNode__ruin_lvl1_dorne_alpha
1556,100,1,1,1,Ruin,,1,01,17522881336283509828,poiNode__ruin_lvl1_dorne_alpha
1640,100,1,1,1,Ruin,,1,01,17522881336283509828,poiNode__ruin_lvl1_dorne_alpha
1256,101,1,1,1,Ruin,,1,01,17522881336283509828,poiNode__ruin_lvl1_dorne_alpha
1686,101,2,2,4,Settlement (Town),,3,07,1663067788791778725,poiNode__town_lvl3_iron_dorne_alpha
1214,102,1,1,1,Ruin,,1,01,17522881336283509828,poiNode__ruin_lvl1_dorne_alpha
1393,102,3,3,9,Castle,,3,9f00,14456418997839286798,poiNode__castle_lvl3_dorne_alpha
826,103,1,1,1,Ruin,,1,01,17522881336283509828,poiNode__ruin_lvl1_dorne_alpha
1585,103,1,1,1,Ruin,,1,01,17522881336283509828,poiNode__ruin_lvl1_dorne_alpha
1106,104,1,1,1,Ruin,,1,01,17522881336283509828,poiNode__ruin_lvl1_dorne_alpha
1381,104,1,1,1,Ruin,,1,01,17522881336283509828,poiNode__ruin_lvl1_dorne_alpha
1460,104,3,3,9,Castle,,3,9f00,14456418997839286798,poiNode__castle_lvl3_dorne_alpha
1506,105,1,1,1,Ruin,,1,01,17522881336283509828,poiNode__ruin_lvl1_dorne_alpha
1678,105,1,1,1,Ruin,,1,01,17522881336283509828,poiNode__ruin_lvl1_dorne_alpha
1757,105,1,1,1,Ruin,,1,01,17522881336283509828,poiNode__ruin_lvl1_dorne_alpha
1268,106,2,2,4,Settlement (Town),,2,0b,17244005265719231113,poiNode__town_lvl2_wood_dorne_alpha
1335,106,1,1,1,Ruin,,1,01,17522881336283509828,poiNode__ruin_lvl1_dorne_alpha
1731,106,1,1,1,Ruin,,1,01,17522881336283509828,poiNode__ruin_lvl1_dorne_alpha
1773,106,1,1,1,Ruin,,1,01,17522881336283509828,poiNode__ruin_lvl1_dorne_alpha
1152,107,3,3,9,Castle,,2,b700,233768147089847775,poiNode__castle_lvl2_dorne_alpha
1793,107,1,1,1,Ruin,,1,01,17522881336283509828,poiNode__ruin_lvl1_dorne_alpha
1479,108,1,1,1,Ruin,,1,01,17522881336283509828,poiNode__ruin_lvl1_dorne_alpha
973,109,1,1,1,Ruin,,1,01,17522881336283509828,poiNode__ruin_lvl1_dorne_alpha
1492,109,1,1,1,Ruin,,1,01,17522881336283509828,poiNode__ruin_lvl1_dorne_alpha
1669,109,5,1,5,Bridge,,2,1f,1498553686271999927,poiNode__bridge_5hex_lvl2_alpha
1707,109,1,1,1,Ruin,,1,01,17522881336283509828,poiNode__ruin_lvl1_dorne_alpha
1513,110,3,1,3,Bridge,,2,07,6488258009797769972,poiNode__bridge_3hex_lvl2_alpha
895,111,1,1,1,Ruin,,1,01,17522881336283509828,poiNode__ruin_lvl1_dorne_alpha
1406,111,1,1,1,Ruin,,1,01,17522881336283509828,poiNode__ruin_lvl1_dorne_alpha
1523,111,1,1,1,Ruin,,1,01,17522881336283509828,poiNode__ruin_lvl1_dorne_alpha
1181,112,1,1,1,Ruin,,1,01,17522881336283509828,poiNode__ruin_lvl1_dorne_alpha
1351,112,1,1,1,Ruin,,1,01,17522881336283509828,poiNode__ruin_lvl1_dorne_alpha
1658,112,3,3,9,Castle,,3,9f00,14456418997839286798,poiNode__castle_lvl3_dorne_alpha
1866,112,1,1,1,Ruin,,1,01,17522881336283509828,poiNode__ruin_lvl1_dorne_alpha
1437,113,2,2,4,Settlement (Town),,3,07,1793729568005850773,poiNode__town_lvl3_stone_dorne_alpha
1544,113,2,2,4,Settlement (Town),,3,07,14350975191467345930,poiNode__town_lvl3_wood_dorne_alpha
1391,114,1,1,1,Ruin,,1,01,17522881336283509828,poiNode__ruin_lvl1_dorne_alpha
1606,114,1,1,1,Ruin,,1,01,17522881336283509828,poiNode__ruin_lvl1_dorne_alpha
1499,115,1,1,1,Ruin,,1,01,17522881336283509828,poiNode__ruin_lvl1_dorne_alpha
1196,116,1,1,1,Ruin,,1,01,17522881336283509828,poiNode__ruin_lvl1_dorne_alpha
1693,116,1,1,1,Ruin,,1,01,17522881336283509828,poiNode__ruin_lvl1_dorne_alpha
887,118,3,3,9,Castle,,2,9f00,233768147089847775,poiNode__castle_lvl2_dorne_alpha
1382,118,1,1,1,Ruin,,1,01,17522881336283509828,poiNode__ruin_lvl1_dorne_alpha
1482,119,2,2,4,Settlement (Town),,3,07,1793729568005850773,poiNode__town_lvl3_stone_dorne_alpha
1746,119,1,1,1,Ruin,,1,01,17522881336283509828,poiNode__ruin_lvl1_dorne_alpha
1889,119,1,1,1,Ruin,,1,01,17522881336283509828,poiNode__ruin_lvl1_dorne_alpha
478,120,2,2,4,Tunnel,,2,06,1315898000168475582,poiNode__tunnel_lvl2_crownlands_alpha
770,120,1,1,1,Ruin,,1,01,17522881336283509828,poiNode__ruin_lvl1_dorne_alpha
1475,120,1,1,1,Ruin,,1,01,17522881336283509828,poiNode__ruin_lvl1_dorne_alpha
1563,120,2,2,4,Settlement (Town),,3,0b,1663067788791778725,poiNode__town_lvl3_iron_dorne_alpha
1414,121,1,1,1,Ruin,,1,01,17522881336283509828,poiNode__ruin_lvl1_dorne_alpha
825,122,2,2,4,Tunnel,,2,06,15351316214017112016,poiNode__tunnel_lvl2_dorne_alpha
894,122,2,2,4,Settlement (Town),,2,0b,3286385545442074994,poiNode__town_lvl2_food_dorne_alpha
1020,122,1,1,1,Ruin,,1,01,17522881336283509828,poiNode__ruin_lvl1_dorne_alpha
1303,122,1,1,1,Ruin,,1,01,17522881336283509828,poiNode__ruin_lvl1_dorne_alpha
1557,122,1,1,1,Ruin,,1,01,17522881336283509828,poiNode__ruin_lvl1_dorne_alpha
1573,122,3,5,15,Bridge,,2,8944,1498553686271999927,poiNode__bridge_5hex_lvl2_alpha
1703,122,1,1,1,Ruin,,1,01,17522881336283509828,poiNode__ruin_lvl1_dorne_alpha
1794,122,2,2,4,Settlement (Town),,4,0b,15910035531034336888,poiNode__town_lvl4_food_dorne_alpha
1608,123,1,1,1,Ruin,,1,01,17522881336283509828,poiNode__ruin_lvl1_dorne_alpha
1723,123,1,1,1,Ruin,,1,01,17522881336283509828,poiNode__ruin_lvl1_dorne_alpha
1241,124,1,1,1,Ruin,,1,01,17522881336283509828,poiNode__ruin_lvl1_dorne_alpha
1371,124,1,1,1,Ruin,,1,01,17522881336283509828,poiNode__ruin_lvl1_dorne_alpha
475,125,2,2,4,Tunnel,,2,,1315898000168475582,poiNode__tunnel_lvl2_crownlands_alpha
495,125,2,2,4,Crossing,,2,,17576595532914463501,poiNode__crossing_lvl2_alpha
503,125,1,2,2,Crossing,,2,03,17576595532914463501,poiNode__crossing_lvl2_alpha
1389,125,1,1,1,Ruin,,1,01,17522881336283509828,poiNode__ruin_lvl1_dorne_alpha
1333,126,2,2,4,Crossing,,3,06,11761877450986962679,poiNode__crossing_lvl3_alpha
821,127,2,2,4,Tunnel,,2,06,15351316214017112016,poiNode__tunnel_lvl2_dorne_alpha
1164,127,5,1,5,Bridge,,1,1f,16551278857259698617,poiNode__bridge_5hex_lvl1_alpha
1182,127,1,1,1,Ruin,,1,01,17522881336283509828,poiNode__ruin_lvl1_dorne_alpha
1315,127,1,1,1,Ruin,,1,01,17522881336283509828,poiNode__ruin_lvl1_dorne_alpha
1536,127,1,1,1,Ruin,,1,01,17522881336283509828,poiNode__ruin_lvl1_dorne_alpha
423,128,1,2,2,Tunnel,,2,03,1315898000168475582,poiNode__tunnel_lvl2_crownlands_alpha
518,128,1,2,2,Crossing,,2,03,17576595532914463501,poiNode__crossing_lvl2_alpha
1196,128,1,1,1,Ruin,,1,01,17522881336283509828,poiNode__ruin_lvl1_dorne_alpha
1328,128,1,2,2,Crossing,,3,03,11761877450986962679,poiNode__crossing_lvl3_alpha
1348,128,1,1,1,Ruin,,1,01,17522881336283509828,poiNode__ruin_lvl1_dorne_alpha
527,129,1,2,2,Crossing,,2,03,17576595532914463501,poiNode__crossing_lvl2_alpha
1254,129,3,3,9,Castle,,2,b700,233768147089847775,poiNode__castle_lvl2_dorne_alpha
1484,130,1,1,1,Ruin,,1,01,17522881336283509828,poiNode__ruin_lvl1_dorne_alpha
1149,131,1,1,1,Ruin,,1,01,17522881336283509828,poiNode__ruin_lvl1_dorne_alpha
425,132,2,1,2,Tunnel,,2,03,1315898000168475582,poiNode__tunnel_lvl2_crownlands_alpha
934,132,2,2,4,Settlement (Town),,2,0b,17244005265719231113,poiNode__town_lvl2_wood_dorne_alpha
1450,132,1,1,1,Ruin,,1,01,17522881336283509828,poiNode__ruin_lvl1_dorne_alpha
1545,133,1,1,1,Ruin,,1,01,17522881336283509828,poiNode__ruin_lvl1_dorne_alpha
1604,133,1,1,1,Ruin,,1,01,17522881336283509828,poiNode__ruin_lvl1_dorne_alpha
1903,133,1,1,1,Ruin,,1,01,17522881336283509828,poiNode__ruin_lvl1_dorne_alpha
1416,134,1,1,1,Ruin,,1,01,17522881336283509828,poiNode__ruin_lvl1_dorne_alpha
1468,134,1,1,1,Ruin,,1,01,17522881336283509828,poiNode__ruin_lvl1_dorne_alpha
1655,134,1,1,1,Ruin,,1,01,17522881336283509828,poiNode__ruin_lvl1_dorne_alpha
539,135,2,2,4,Crossing,,1,,186484103584441603,poiNode__crossing_lvl1_alpha
1284,135,1,1,1,Ruin,,1,01,17522881336283509828,poiNode__ruin_lvl1_dorne_alpha
547,136,2,2,4,Crossing,,1,,186484103584441603,poiNode__crossing_lvl1_alpha
1380,136,1,1,1,Ruin,,1,01,17522881336283509828,poiNode__ruin_lvl1_dorne_alpha
1585,136,1,1,1,Ruin,,1,01,17522881336283509828,poiNode__ruin_lvl1_dorne_alpha
1760,136,1,1,1,Ruin,,1,01,17522881336283509828,poiNode__ruin_lvl1_dorne_alpha
882,137,1,1,1,Ruin,,1,01,17522881336283509828,poiNode__ruin_lvl1_dorne_alpha
1813,137,3,3,9,Castle,,4,b700,4410804331401344068,poiNode__castle_lvl4_dorne_alpha
1856,137,2,2,4,Settlement (Town),,4,07,14853954472170715180,poiNode__town_lvl4_iron_dorne_alpha
849,138,1,1,1,Ruin,,1,01,17522881336283509828,poiNode__ruin_lvl1_dorne_alpha
891,138,1,1,1,Ruin,,1,01,17522881336283509828,poiNode__ruin_lvl1_dorne_alpha
1268,138,2,2,4,Settlement (Town),,2,0b,12430922041646588100,poiNode__town_lvl2_stone_dorne_alpha
1329,138,3,3,9,Castle,,3,9f00,14456418997839286798,poiNode__castle_lvl3_dorne_alpha
1556,138,1,1,1,Ruin,,1,01,17522881336283509828,poiNode__ruin_lvl1_dorne_alpha
859,139,1,1,1,Ruin,,1,01,17522881336283509828,poiNode__ruin_lvl1_dorne_alpha
1358,139,1,1,1,Ruin,,1,01,17522881336283509828,poiNode__ruin_lvl1_dorne_alpha
1370,139,1,1,1,Ruin,,1,01,17522881336283509828,poiNode__ruin_lvl1_dorne_alpha
1571,139,1,1,1,Ruin,,1,01,17522881336283509828,poiNode__ruin_lvl1_dorne_alpha
1925,139,6,5,30,Great House Capital,Sunspear,,8ef7f91e,15169895494724241487,poiNode__capital_Sunspear_alpha
1148,140,1,1,1,Ruin,,1,01,17522881336283509828,poiNode__ruin_lvl1_dorne_alpha
1524,140,1,1,1,Ruin,,1,01,17522881336283509828,poiNode__ruin_lvl1_dorne_alpha
1626,140,1,1,1,Ruin,,1,01,17522881336283509828,poiNode__ruin_lvl1_dorne_alpha
1302,141,1,1,1,Ruin,,1,01,17522881336283509828,poiNode__ruin_lvl1_dorne_alpha
411,142,2,2,4,Tunnel,,2,06,1315898000168475582,poiNode__tunnel_lvl2_crownlands_alpha
1183,142,1,1,1,Ruin,,1,01,17522881336283509828,poiNode__ruin_lvl1_dorne_alpha
1192,142,1,1,1,Ruin,,1,01,17522881336283509828,poiNode__ruin_lvl1_dorne_alpha
1429,142,2,2,4,Settlement (Town),,3,0b,431345790414121969,poiNode__town_lvl3_food_dorne_alpha
1476,142,1,2,2,Crossing,,3,03,11761877450986962679,poiNode__crossing_lvl3_alpha
1653,142,2,2,4,Settlement (Town),,3,0b,1663067788791778725,poiNode__town_lvl3_iron_dorne_alpha
1059,143,1,1,1,Ruin,,1,01,17522881336283509828,poiNode__ruin_lvl1_dorne_alpha
1168,143,1,1,1,Ruin,,1,01,17522881336283509828,poiNode__ruin_lvl1_dorne_alpha
1421,143,1,1,1,Ruin,,1,01,17522881336283509828,poiNode__ruin_lvl1_dorne_alpha
1448,144,1,1,1,Ruin,,1,01,17522881336283509828,poiNode__ruin_lvl1_dorne_alpha
1388,145,1,1,1,Ruin,,1,01,17522881336283509828,poiNode__ruin_lvl1_dorne_alpha
1544,145,1,1,1,Ruin,,1,01,17522881336283509828,poiNode__ruin_lvl1_dorne_alpha
1307,146,2,2,4,Settlement (Town),,3,0b,1793729568005850773,poiNode__town_lvl3_stone_dorne_alpha
1377,146,4,3,12,Seat of Power,Vaith,,f707,18131952485783192308,poiNode__sop_Vaith_alpha
1745,146,1,1,1,Ruin,,1,01,17522881336283509828,poiNode__ruin_lvl1_dorne_alpha
405,147,2,2,4,Tunnel,,2,,1315898000168475582,poiNode__tunnel_lvl2_crownlands_alpha
1865,148,1,1,1,Ruin,,1,01,17522881336283509828,poiNode__ruin_lvl1_dorne_alpha
1146,149,1,1,1,Ruin,,1,01,17522881336283509828,poiNode__ruin_lvl1_dorne_alpha
1200,150,1,1,1,Ruin,,1,01,17522881336283509828,poiNode__ruin_lvl1_dorne_alpha
1268,150,1,1,1,Ruin,,1,01,17522881336283509828,poiNode__ruin_lvl1_dorne_alpha
1341,150,1,1,1,Ruin,,1,01,17522881336283509828,poiNode__ruin_lvl1_dorne_alpha
987,151,1,1,1,Ruin,,1,01,17522881336283509828,poiNode__ruin_lvl1_dorne_alpha
454,152,3,5,15,Bridge,,2,9412,1498553686271999927,poiNode__bridge_5hex_lvl2_alpha
565,152,3,3,9,Castle,,1,9f00,15953943652019753607,poiNode__castle_lvl1_dorne_alpha
957,152,2,3,6,Bridge,,2,),6488258009797769972,poiNode__bridge_3hex_lvl2_alpha
1479,152,2,2,4,Crossing,,3,,11761877450986962679,poiNode__crossing_lvl3_alpha
594,153,1,1,1,Ruin,,1,01,17522881336283509828,poiNode__ruin_lvl1_dorne_alpha
845,153,1,2,2,Tunnel,,1,03,816168711756189832,poiNode__tunnel_lvl1_dorne_alpha
1210,154,2,2,4,Settlement (Town),,2,0b,12430922041646588100,poiNode__town_lvl2_stone_dorne_alpha
1539,154,2,2,4,Crossing,,3,06,11761877450986962679,poiNode__crossing_lvl3_alpha
1725,154,1,1,1,Ruin,,1,01,17522881336283509828,poiNode__ruin_lvl1_dorne_alpha
1790,155,1,1,1,Ruin,,1,01,17522881336283509828,poiNode__ruin_lvl1_dorne_alpha
1103,156,1,1,1,Ruin,,1,01,17522881336283509828,poiNode__ruin_lvl1_dorne_alpha
557,157,1,1,1,Ruin,,1,01,17522881336283509828,poiNode__ruin_lvl1_dorne_alpha
1087,157,1,1,1,Ruin,,1,01,17522881336283509828,poiNode__ruin_lvl1_dorne_alpha
1398,157,1,2,2,Crossing,,3,03,11761877450986962679,poiNode__crossing_lvl3_alpha
1900,157,1,1,1,Ruin,,1,01,17522881336283509828,poiNode__ruin_lvl1_dorne_alpha
1286,158,1,1,1,Ruin,,1,01,17522881336283509828,poiNode__ruin_lvl1_dorne_alpha
986,160,1,1,1,Ruin,,1,01,17522881336283509828,poiNode__ruin_lvl1_dorne_alpha
1022,160,3,3,9,Castle,,2,9f00,233768147089847775,poiNode__castle_lvl2_dorne_alpha
1534,160,1,2,2,Crossing,,3,03,11761877450986962679,poiNode__crossing_lvl3_alpha
1823,160,1,1,1,Ruin,,1,01,17522881336283509828,poiNode__ruin_lvl1_dorne_alpha
440,161,4,1,4,Bridge,,2,0f,14462941546211862082,poiNode__bridge_4hex_lvl2_alpha
1730,161,1,1,1,Ruin,,1,01,17522881336283509828,poiNode__ruin_lvl1_dorne_alpha
1872,161,1,1,1,Ruin,,1,01,17522881336283509828,poiNode__ruin_lvl1_dorne_alpha
578,162,1,1,1,Ruin,,1,01,17522881336283509828,poiNode__ruin_lvl1_dorne_alpha
625,162,1,1,1,Ruin,,1,01,17522881336283509828,poiNode__ruin_lvl1_dorne_alpha
671,162,1,1,1,Ruin,,1,01,17522881336283509828,poiNode__ruin_lvl1_dorne_alpha
1658,162,2,2,4,Crossing,,3,06,11761877450986962679,poiNode__crossing_lvl3_alpha
1786,162,2,2,4,Settlement (Town),,4,0b,2170550671135325571,poiNode__town_lvl4_wood_dorne_alpha
959,163,1,1,1,Ruin,,1,01,17522881336283509828,poiNode__ruin_lvl1_dorne_alpha
1004,163,1,1,1,Ruin,,1,01,17522881336283509828,poiNode__ruin_lvl1_dorne_alpha
1161,163,4,4,16,Seat of Power,Hellholt,,e667,1734202760351578726,poiNode__sop_Hellholt_alpha
1267,163,1,1,1,Ruin,,1,01,17522881336283509828,poiNode__ruin_lvl1_dorne_alpha
1312,163,1,1,1,Ruin,,1,01,17522881336283509828,poiNode__ruin_lvl1_dorne_alpha
1831,163,1,1,1,Ruin,,1,01,17522881336283509828,poiNode__ruin_lvl1_dorne_alpha
843,164,2,2,4,Tunnel,,1,,816168711756189832,poiNode__tunnel_lvl1_dorne_alpha
1126,164,1,1,1,Ruin,,1,01,17522881336283509828,poiNode__ruin_lvl1_dorne_alpha
1441,164,1,1,1,Ruin,,1,01,17522881336283509828,poiNode__ruin_lvl1_dorne_alpha
1516,164,1,1,1,Ruin,,1,01,17522881336283509828,poiNode__ruin_lvl1_dorne_alpha
1206,166,1,1,1,Ruin,,1,01,17522881336283509828,poiNode__ruin_lvl1_dorne_alpha
1398,166,1,2,2,Crossing,,3,03,11761877450986962679,poiNode__crossing_lvl3_alpha
816,167,1,1,1,Ruin,,1,01,17522881336283509828,poiNode__ruin_lvl1_dorne_alpha
1165,167,3,5,15,Bridge,,2,9148,1498553686271999927,poiNode__bridge_5hex_lvl2_alpha
1460,167,1,1,1,Ruin,,1,01,17522881336283509828,poiNode__ruin_lvl1_dorne_alpha
1920,167,1,1,1,Ruin,,1,01,17522881336283509828,poiNode__ruin_lvl1_dorne_alpha
895,168,1,1,1,Ruin,,1,01,17522881336283509828,poiNode__ruin_lvl1_dorne_alpha
1332,168,1,1,1,Ruin,,1,01,17522881336283509828,poiNode__ruin_lvl1_dorne_alpha
1359,168,1,2,2,Crossing,,3,03,11761877450986962679,poiNode__crossing_lvl3_alpha
1655,168,1,2,2,Crossing,,3,03,11761877450986962679,poiNode__crossing_lvl3_alpha
1907,169,1,1,1,Ruin,,1,01,17522881336283509828,poiNode__ruin_lvl1_dorne_alpha
1490,171,1,1,1,Ruin,,1,01,17522881336283509828,poiNode__ruin_lvl1_dorne_alpha
1324,172,1,1,1,Ruin,,1,01,17522881336283509828,poiNode__ruin_lvl1_dorne_alpha
1577,172,1,2,2,Crossing,,3,03,11761877450986962679,poiNode__crossing_lvl3_alpha
1639,172,1,1,1,Ruin,,1,01,17522881336283509828,poiNode__ruin_lvl1_dorne_alpha
1724,172,1,1,1,Ruin,,1,01,17522881336283509828,poiNode__ruin_lvl1_dorne_alpha
1791,172,1,2,2,Crossing,,4,03,10638324116765093946,poiNode__crossing_lvl4_alpha
929,173,1,1,1,Ruin,,1,01,17522881336283509828,poiNode__ruin_lvl1_dorne_alpha
1313,173,1,1,1,Ruin,,1,01,17522881336283509828,poiNode__ruin_lvl1_dorne_alpha
1871,173,3,3,9,Castle,,4,b700,4410804331401344068,poiNode__castle_lvl4_dorne_alpha
1927,173,3,3,9,Castle,,4,b700,4410804331401344068,poiNode__castle_lvl4_dorne_alpha
1569,174,1,1,1,Ruin,,1,01,17522881336283509828,poiNode__ruin_lvl1_dorne_alpha
1800,174,1,1,1,Ruin,,1,01,17522881336283509828,poiNode__ruin_lvl1_dorne_alpha
1837,174,2,2,4,Settlement (Town),,4,0b,15910035531034336888,poiNode__town_lvl4_food_dorne_alpha
560,175,2,2,4,Settlement (Town),,1,07,5177923786824194211,poiNode__town_lvl1_iron_dorne_alpha
609,175,2,2,4,Settlement (Town),,1,07,17478731388639675676,poiNode__town_lvl1_stone_dorne_alpha
979,175,1,1,1,Ruin,,1,01,17522881336283509828,poiNode__ruin_lvl1_dorne_alpha
1091,175,1,1,1,Ruin,,1,01,17522881336283509828,poiNode__ruin_lvl1_dorne_alpha
1295,175,2,2,4,Settlement (Town),,3,07,1793729568005850773,poiNode__town_lvl3_stone_dorne_alpha
1454,175,2,2,4,Settlement (Town),,3,07,431345790414121969,poiNode__town_lvl3_food_dorne_alpha
1499,175,1,1,1,Ruin,,1,01,17522881336283509828,poiNode__ruin_lvl1_dorne_alpha
1649,175,1,1,1,Ruin,,1,01,17522881336283509828,poiNode__ruin_lvl1_dorne_alpha
1882,175,1,2,2,Crossing,,4,03,10638324116765093946,poiNode__crossing_lvl4_alpha
1139,176,1,1,1,Ruin,,1,01,17522881336283509828,poiNode__ruin_lvl1_dorne_alpha
1364,176,2,2,4,Crossing,,3,,11761877450986962679,poiNode__crossing_lvl3_alpha
1394,176,2,2,4,Settlement (Town),,3,0b,1663067788791778725,poiNode__town_lvl3_iron_dorne_alpha
1527,176,1,1,1,Ruin,,1,01,17522881336283509828,poiNode__ruin_lvl1_dorne_alpha
424,177,1,2,2,Tunnel,,2,03,1315898000168475582,poiNode__tunnel_lvl2_crownlands_alpha
1425,177,1,1,1,Ruin,,1,01,17522881336283509828,poiNode__ruin_lvl1_dorne_alpha
1760,177,1,1,1,Ruin,,1,01,17522881336283509828,poiNode__ruin_lvl1_dorne_alpha
1793,177,1,2,2,Crossing,,4,03,10638324116765093946,poiNode__crossing_lvl4_alpha
1831,177,1,1,1,Ruin,,1,01,17522881336283509828,poiNode__ruin_lvl1_dorne_alpha
551,178,1,1,1,Ruin,,1,01,17522881336283509828,poiNode__ruin_lvl1_dorne_alpha
1268,178,1,1,1,Ruin,,1,01,17522881336283509828,poiNode__ruin_lvl1_dorne_alpha
1515,178,1,1,1,Ruin,,1,01,17522881336283509828,poiNode__ruin_lvl1_dorne_alpha
1582,178,2,2,4,Crossing,,3,,11761877450986962679,poiNode__crossing_lvl3_alpha
1554,179,3,3,9,Castle,,3,b700,14456418997839286798,poiNode__castle_lvl3_dorne_alpha
597,180,1,1,1,Ruin,,1,01,17522881336283509828,poiNode__ruin_lvl1_dorne_alpha
782,180,2,2,4,Settlement (Town),,2,0b,17244005265719231113,poiNode__town_lvl2_wood_dorne_alpha
1098,180,1,1,1,Ruin,,1,01,17522881336283509828,poiNode__ruin_lvl1_dorne_alpha
1433,180,1,1,1,Ruin,,1,01,17522881336283509828,poiNode__ruin_lvl1_dorne_alpha
1935,181,2,2,4,Settlement (Town),,4,07,2170550671135325571,poiNode__town_lvl4_wood_dorne_alpha
1879,182,1,2,2,Crossing,,4,03,10638324116765093946,poiNode__crossing_lvl4_alpha
424,183,2,1,2,Tunnel,,2,03,1315898000168475582,poiNode__tunnel_lvl2_crownlands_alpha
914,183,1,1,1,Ruin,,1,01,17522881336283509828,poiNode__ruin_lvl1_dorne_alpha
1489,183,1,1,1,Ruin,,1,01,17522881336283509828,poiNode__ruin_lvl1_dorne_alpha
887,184,1,1,1,Ruin,,1,01,17522881336283509828,poiNode__ruin_lvl1_dorne_alpha
1333,184,1,1,1,Ruin,,1,01,17522881336283509828,poiNode__ruin_lvl1_dorne_alpha
1406,184,1,1,1,Ruin,,1,01,17522881336283509828,poiNode__ruin_lvl1_dorne_alpha
667,185,2,2,4,Settlement (Town),,1,07,17478731388639675676,poiNode__town_lvl1_stone_dorne_alpha
785,186,1,1,1,Ruin,,1,01,17522881336283509828,poiNode__ruin_lvl1_dorne_alpha
934,186,3,3,9,Castle,,2,9f00,233768147089847775,poiNode__castle_lvl2_dorne_alpha
1817,186,1,1,1,Ruin,,1,01,17522881336283509828,poiNode__ruin_lvl1_dorne_alpha
705,187,4,3,12,Seat of Power,Sunhouse,,fe0e,9667279460893187800,poiNode__sop_Sunhouse_alpha
1605,187,1,1,1,Ruin,,1,01,17522881336283509828,poiNode__ruin_lvl1_dorne_alpha
457,188,3,1,3,Bridge,,2,07,6488258009797769972,poiNode__bridge_3hex_lvl2_alpha
1204,188,3,5,15,Bridge,,2,9412,1498553686271999927,poiNode__bridge_5hex_lvl2_alpha
1158,189,1,1,1,Ruin,,1,01,17522881336283509828,poiNode__ruin_lvl1_dorne_alpha
1672,189,3,3,9,Castle,,3,b700,14456418997839286798,poiNode__castle_lvl3_dorne_alpha
1779,189,1,1,1,Ruin,,1,01,17522881336283509828,poiNode__ruin_lvl1_dorne_alpha
856,190,1,1,1,Ruin,,1,01,17522881336283509828,poiNode__ruin_lvl1_dorne_alpha
1418,190,2,2,4,Settlement (Town),,3,0b,14350975191467345930,poiNode__town_lvl3_wood_dorne_alpha
1689,190,1,2,2,Tunnel,,4,03,16934103100897506891,poiNode__tunnel_lvl4_dorne_alpha
897,191,1,1,1,Ruin,,1,01,17522881336283509828,poiNode__ruin_lvl1_dorne_alpha
982,191,1,1,1,Ruin,,1,01,17522881336283509828,poiNode__ruin_lvl1_dorne_alpha
1315,192,3,3,9,Castle,,3,9f00,14456418997839286798,poiNode__castle_lvl3_dorne_alpha
1401,192,1,1,1,Ruin,,1,01,17522881336283509828,poiNode__ruin_lvl1_dorne_alpha
1182,193,2,2,4,Settlement (Town),,2,07,3286385545442074994,poiNode__town_lvl2_food_dorne_alpha
1441,193,1,1,1,Ruin,,1,01,17522881336283509828,poiNode__ruin_lvl1_dorne_alpha
1451,193,1,1,1,Ruin,,1,01,17522881336283509828,poiNode__ruin_lvl1_dorne_alpha
1474,193,2,2,4,Crossing,,3,,11761877450986962679,poiNode__crossing_lvl3_alpha
1537,193,1,2,2,Crossing,,3,03,11761877450986962679,poiNode__crossing_lvl3_alpha
1874,193,1,1,1,Ruin,,1,01,17522881336283509828,poiNode__ruin_lvl1_dorne_alpha
1913,193,1,1,1,Ruin,,1,01,17522881336283509828,poiNode__ruin_lvl1_dorne_alpha
598,194,3,3,9,Castle,,1,9f00,15953943652019753607,poiNode__castle_lvl1_dorne_alpha
538,196,1,1,1,Ruin,,1,01,17522881336283509828,poiNode__ruin_lvl1_dorne_alpha
1119,196,1,1,1,Ruin,,1,01,17522881336283509828,poiNode__ruin_lvl1_dorne_alpha
1377,197,1,1,1,Ruin,,1,01,17522881336283509828,poiNode__ruin_lvl1_dorne_alpha
1649,198,1,1,1,Ruin,,1,01,17522881336283509828,poiNode__ruin_lvl1_dorne_alpha
1690,198,2,1,2,Tunnel,,4,03,16934103100897506891,poiNode__tunnel_lvl4_dorne_alpha
1352,199,1,1,1,Ruin,,1,01,17522881336283509828,poiNode__ruin_lvl1_dorne_alpha
1477,199,1,2,2,Crossing,,3,03,11761877450986962679,poiNode__crossing_lvl3_alpha
1533,199,2,2,4,Crossing,,3,06,11761877450986962679,poiNode__crossing_lvl3_alpha
850,200,2,2,4,Settlement (Town),,2,0b,12430922041646588100,poiNode__town_lvl2_stone_dorne_alpha
1247,200,1,1,1,Ruin,,1,01,17522881336283509828,poiNode__ruin_lvl1_dorne_alpha
1527,200,1,1,1,Ruin,,1,01,17522881336283509828,poiNode__ruin_lvl1_dorne_alpha
1822,201,1,1,1,Ruin,,1,01,17522881336283509828,poiNode__ruin_lvl1_dorne_alpha
1855,201,2,2,4,Settlement (Town),,4,07,15910035531034336888,poiNode__town_lvl4_food_dorne_alpha
1218,202,1,1,1,Ruin,,1,01,17522881336283509828,poiNode__ruin_lvl1_dorne_alpha
1875,202,1,1,1,Ruin,,1,01,17522881336283509828,poiNode__ruin_lvl1_dorne_alpha
1959,202,1,1,1,Ruin,,1,01,17522881336283509828,poiNode__ruin_lvl1_dorne_alpha
1399,203,1,1,1,Ruin,,1,01,17522881336283509828,poiNode__ruin_lvl1_dorne_alpha
583,204,3,5,15,Bridge,,1,8944,16551278857259698617,poiNode__bridge_5hex_lvl1_alpha
806,204,3,2,6,Dragon Sanctum,,4,1e,6082156363026124616,poiNode__dragonsanctum_lv04_dorne_alpha
1045,205,1,1,1,Ruin,,1,01,17522881336283509828,poiNode__ruin_lvl1_dorne_alpha
1940,205,1,1,1,Ruin,,1,01,17522881336283509828,poiNode__ruin_lvl1_dorne_alpha
1747,206,1,2,2,Tunnel,,4,03,16934103100897506891,poiNode__tunnel_lvl4_dorne_alpha
1902,206,1,1,1,Ruin,,1,01,17522881336283509828,poiNode__ruin_lvl1_dorne_alpha
537,207,3,3,9,Castle,,1,b700,15953943652019753607,poiNode__castle_lvl1_dorne_alpha
1620,207,2,2,4,Settlement (Town),,3,07,1793729568005850773,poiNode__town_lvl3_stone_dorne_alpha
1664,207,2,2,4,Settlement (Town),,3,07,1663067788791778725,poiNode__town_lvl3_iron_dorne_alpha
862,208,1,1,1,Ruin,,1,01,17522881336283509828,poiNode__ruin_lvl1_dorne_alpha
1951,208,2,2,4,Settlement (Town),,4,0b,1199463739729931124,poiNode__town_lvl4_stone_dorne_alpha
1118,209,1,1,1,Ruin,,1,01,17522881336283509828,poiNode__ruin_lvl1_dorne_alpha
1788,209,1,2,2,Tunnel,,4,03,16934103100897506891,poiNode__tunnel_lvl4_dorne_alpha
1300,211,1,1,1,Ruin,,1,01,17522881336283509828,poiNode__ruin_lvl1_dorne_alpha
1637,211,1,1,1,Ruin,,1,01,17522881336283509828,poiNode__ruin_lvl1_dorne_alpha
1751,211,2,2,4,Tunnel,,4,06,16934103100897506891,poiNode__tunnel_lvl4_dorne_alpha
1892,211,1,1,1,Ruin,,1,01,17522881336283509828,poiNode__ruin_lvl1_dorne_alpha
800,212,1,1,1,Ruin,,1,01,17522881336283509828,poiNode__ruin_lvl1_dorne_alpha
1255,212,1,1,1,Ruin,,1,01,17522881336283509828,poiNode__ruin_lvl1_dorne_alpha
546,213,2,2,4,Settlement (Town),,1,07,5177923786824194211,poiNode__town_lvl1_iron_dorne_alpha
1451,213,1,1,1,Ruin,,1,01,17522881336283509828,poiNode__ruin_lvl1_dorne_alpha
1710,213,2,2,4,Tunnel,,4,,16934103100897506891,poiNode__tunnel_lvl4_dorne_alpha
665,214,1,1,1,Ruin,,1,01,17522881336283509828,poiNode__ruin_lvl1_dorne_alpha
702,214,1,1,1,Ruin,,1,01,17522881336283509828,poiNode__ruin_lvl1_dorne_alpha
1193,214,1,1,1,Ruin,,1,01,17522881336283509828,poiNode__ruin_lvl1_dorne_alpha
1688,215,1,1,1,Ruin,,1,01,17522881336283509828,poiNode__ruin_lvl1_dorne_alpha
1787,215,2,2,4,Tunnel,,4,06,16934103100897506891,poiNode__tunnel_lvl4_dorne_alpha
1811,215,1,1,1,Ruin,,1,01,17522881336283509828,poiNode__ruin_lvl1_dorne_alpha
988,216,1,1,1,Ruin,,1,01,17522881336283509828,poiNode__ruin_lvl1_dorne_alpha
1765,216,3,3,9,Castle,,4,9f00,4410804331401344068,poiNode__castle_lvl4_dorne_alpha
1839,216,1,1,1,Ruin,,1,01,17522881336283509828,poiNode__ruin_lvl1_dorne_alpha
1897,216,2,2,4,Crossing,,4,06,10638324116765093946,poiNode__crossing_lvl4_alpha
1086,217,1,1,1,Ruin,,1,01,17522881336283509828,poiNode__ruin_lvl1_dorne_alpha
1323,217,1,1,1,Ruin,,1,01,17522881336283509828,poiNode__ruin_lvl1_dorne_alpha
851,218,1,1,1,Ruin,,1,01,17522881336283509828,poiNode__ruin_lvl1_dorne_alpha
1261,218,1,1,1,Ruin,,1,01,17522881336283509828,poiNode__ruin_lvl1_dorne_alpha
1289,218,1,1,1,Ruin,,1,01,17522881336283509828,poiNode__ruin_lvl1_dorne_alpha
1714,218,2,1,2,Tunnel,,4,03,16934103100897506891,poiNode__tunnel_lvl4_dorne_alpha
1422,219,3,5,15,Bridge,,3,9148,4908333263510868557,poiNode__bridge_5hex_lvl3_alpha
1053,220,1,1,1,Ruin,,1,01,17522881336283509828,poiNode__ruin_lvl1_dorne_alpha
1182,220,1,1,1,Ruin,,1,01,17522881336283509828,poiNode__ruin_lvl1_dorne_alpha
1336,220,1,1,1,Ruin,,1,01,17522881336283509828,poiNode__ruin_lvl1_dorne_alpha
1892,221,2,2,4,Crossing,,4,06,10638324116765093946,poiNode__crossing_lvl4_alpha
588,222,1,1,1,Ruin,,1,01,17522881336283509828,poiNode__ruin_lvl1_dorne_alpha
748,222,1,1,1,Ruin,,1,01,17522881336283509828,poiNode__ruin_lvl1_dorne_alpha
1267,222,3,3,9,Castle,,2,9f00,233768147089847775,poiNode__castle_lvl2_dorne_alpha
1560,222,1,1,1,Ruin,,1,01,17522881336283509828,poiNode__ruin_lvl1_dorne_alpha
1781,222,1,1,1,Ruin,,1,01,17522881336283509828,poiNode__ruin_lvl1_dorne_alpha
764,223,1,1,1,Ruin,,1,01,17522881336283509828,poiNode__ruin_lvl1_dorne_alpha
1641,223,1,1,1,Ruin,,1,01,17522881336283509828,poiNode__ruin_lvl1_dorne_alpha
1239,224,1,1,1,Ruin,,1,01,17522881336283509828,poiNode__ruin_lvl1_dorne_alpha
1312,224,3,5,15,Bridge,,2,8944,1498553686271999927,poiNode__bridge_5hex_lvl2_alpha
1831,224,1,1,1,Ruin,,1,01,17522881336283509828,poiNode__ruin_lvl1_dorne_alpha
541,225,3,5,15,Bridge,,1,a414,16551278857259698617,poiNode__bridge_5hex_lvl1_alpha
1524,225,1,1,1,Ruin,,1,01,17522881336283509828,poiNode__ruin_lvl1_dorne_alpha
1571,226,1,1,1,Ruin,,1,01,17522881336283509828,poiNode__ruin_lvl1_dorne_alpha
1375,227,1,1,1,Ruin,,1,01,17522881336283509828,poiNode__ruin_lvl1_dorne_alpha
1717,227,1,1,1,Ruin,,1,01,17522881336283509828,poiNode__ruin_lvl1_dorne_alpha
879,228,1,1,1,Ruin,,1,01,17522881336283509828,poiNode__ruin_lvl1_dorne_alpha
1118,228,3,3,9,Castle,,2,9f00,233768147089847775,poiNode__castle_lvl2_dorne_alpha
1209,228,1,1,1,Ruin,,1,01,17522881336283509828,poiNode__ruin_lvl1_dorne_alpha
898,229,1,1,1,Ruin,,1,01,17522881336283509828,poiNode__ruin_lvl1_dorne_alpha
1102,229,1,1,1,Ruin,,1,01,17522881336283509828,poiNode__ruin_lvl1_dorne_alpha
919,230,1,1,1,Ruin,,1,01,17522881336283509828,poiNode__ruin_lvl1_dorne_alpha
1247,230,2,2,4,Settlement (Town),,2,0b,17244005265719231113,poiNode__town_lvl2_wood_dorne_alpha
1278,230,1,1,1,Ruin,,1,01,17522881336283509828,poiNode__ruin_lvl1_dorne_alpha
1825,230,1,1,1,Ruin,,1,01,17522881336283509828,poiNode__ruin_lvl1_dorne_alpha
606,231,2,2,4,Settlement (Town),,1,07,10945769033114148108,poiNode__town_lvl1_wood_dorne_alpha
628,231,1,1,1,Ruin,,1,01,17522881336283509828,poiNode__ruin_lvl1_dorne_alpha
1594,231,1,2,2,Tunnel,,3,03,2210091330947977217,poiNode__tunnel_lvl3_dorne_alpha
1724,231,1,1,1,Ruin,,1,01,17522881336283509828,poiNode__ruin_lvl1_dorne_alpha
1887,231,1,1,1,Ruin,,1,01,17522881336283509828,poiNode__ruin_lvl1_dorne_alpha
799,232,2,2,4,Crossing,,2,06,17576595532914463501,poiNode__crossing_lvl2_alpha
935,232,1,1,1,Ruin,,1,01,17522881336283509828,poiNode__ruin_lvl1_dorne_alpha
1289,233,1,1,1,Ruin,,1,01,17522881336283509828,poiNode__ruin_lvl1_dorne_alpha
1494,233,1,1,1,Ruin,,1,01,17522881336283509828,poiNode__ruin_lvl1_dorne_alpha
948,234,1,1,1,Ruin,,1,01,17522881336283509828,poiNode__ruin_lvl1_dorne_alpha
966,234,1,1,1,Ruin,,1,01,17522881336283509828,poiNode__ruin_lvl1_dorne_alpha
830,235,1,1,1,Ruin,,1,01,17522881336283509828,poiNode__ruin_lvl1_dorne_alpha
1522,235,1,1,1,Ruin,,1,01,17522881336283509828,poiNode__ruin_lvl1_dorne_alpha
1918,235,1,1,1,Ruin,,1,01,17522881336283509828,poiNode__ruin_lvl1_dorne_alpha
1096,236,1,1,1,Ruin,,1,01,17522881336283509828,poiNode__ruin_lvl1_dorne_alpha
1142,236,1,1,1,Ruin,,1,01,17522881336283509828,poiNode__ruin_lvl1_dorne_alpha
1195,236,1,1,1,Ruin,,1,01,17522881336283509828,poiNode__ruin_lvl1_dorne_alpha
1028,237,1,1,1,Ruin,,1,01,17522881336283509828,poiNode__ruin_lvl1_dorne_alpha
1836,237,3,5,15,Bridge,,4,a414,8396285631970188416,poiNode__bridge_5hex_lvl4_alpha
794,238,1,2,2,Crossing,,2,03,17576595532914463501,poiNode__crossing_lvl2_alpha
1186,238,1,1,1,Ruin,,1,01,17522881336283509828,poiNode__ruin_lvl1_dorne_alpha
1312,238,1,1,1,Ruin,,1,01,17522881336283509828,poiNode__ruin_lvl1_dorne_alpha
1679,238,1,1,1,Ruin,,1,01,17522881336283509828,poiNode__ruin_lvl1_dorne_alpha
1886,238,3,3,9,Castle,,4,9f00,4410804331401344068,poiNode__castle_lvl4_dorne_alpha
1926,238,1,1,1,Ruin,,1,01,17522881336283509828,poiNode__ruin_lvl1_dorne_alpha
1217,239,1,1,1,Ruin,,1,01,17522881336283509828,poiNode__ruin_lvl1_dorne_alpha
1549,239,1,1,1,Ruin,,1,01,17522881336283509828,poiNode__ruin_lvl1_dorne_alpha
1591,239,2,2,4,Tunnel,,3,06,2210091330947977217,poiNode__tunnel_lvl3_dorne_alpha
1629,240,1,1,1,Ruin,,1,01,17522881336283509828,poiNode__ruin_lvl1_dorne_alpha
1013,241,1,1,1,Ruin,,1,01,17522881336283509828,poiNode__ruin_lvl1_dorne_alpha
1727,241,1,1,1,Ruin,,1,01,17522881336283509828,poiNode__ruin_lvl1_dorne_alpha
1732,241,1,1,1,Ruin,,1,01,17522881336283509828,poiNode__ruin_lvl1_dorne_alpha
1772,241,1,1,1,Ruin,,1,01,17522881336283509828,poiNode__ruin_lvl1_dorne_alpha
674,243,1,1,1,Ruin,,1,01,17522881336283509828,poiNode__ruin_lvl1_dorne_alpha
1345,243,1,1,1,Ruin,,1,01,17522881336283509828,poiNode__ruin_lvl1_dorne_alpha
1461,243,1,1,1,Ruin,,1,01,17522881336283509828,poiNode__ruin_lvl1_dorne_alpha
1787,243,1,1,1,Ruin,,1,01,17522881336283509828,poiNode__ruin_lvl1_dorne_alpha
1908,243,1,1,1,Ruin,,1,01,17522881336283509828,poiNode__ruin_lvl1_dorne_alpha
978,244,3,3,9,Castle,,2,9f00,233768147089847775,poiNode__castle_lvl2_dorne_alpha
1284,244,1,1,1,Ruin,,1,01,17522881336283509828,poiNode__ruin_lvl1_dorne_alpha
1319,244,1,1,1,Ruin,,1,01,17522881336283509828,poiNode__ruin_lvl1_dorne_alpha
1427,244,1,1,1,Ruin,,1,01,17522881336283509828,poiNode__ruin_lvl1_dorne_alpha
1050,245,1,1,1,Ruin,,1,01,17522881336283509828,poiNode__ruin_lvl1_dorne_alpha
1583,245,2,2,4,Settlement (Town),,3,07,431345790414121969,poiNode__town_lvl3_food_dorne_alpha
1937,245,1,1,1,Ruin,,1,01,17522881336283509828,poiNode__ruin_lvl1_dorne_alpha
539,246,2,2,4,Settlement (Town),,1,0b,2800008357386502363,poiNode__town_lvl1_iron_crownlands_alpha
667,246,1,1,1,Ruin,,1,01,17522881336283509828,poiNode__ruin_lvl1_dorne_alpha
723,246,3,3,9,Castle,,1,9f00,15953943652019753607,poiNode__castle_lvl1_dorne_alpha
822,246,3,5,15,Bridge,,2,9412,1498553686271999927,poiNode__bridge_5hex_lvl2_alpha
1539,246,1,1,1,Ruin,,1,01,17522881336283509828,poiNode__ruin_lvl1_dorne_alpha
618,247,1,1,1,Ruin,,1,01,17522881336283509828,poiNode__ruin_lvl1_dorne_alpha
1037,248,1,1,1,Ruin,,1,01,17522881336283509828,poiNode__ruin_lvl1_dorne_alpha
1381,248,1,1,1,Ruin,,1,01,17522881336283509828,poiNode__ruin_lvl1_dorne_alpha
1472,248,1,1,1,Ruin,,1,01,17522881336283509828,poiNode__ruin_lvl1_dorne_alpha
819,249,4,4,16,Seat of Power,Starfall,,vn,4871623179531049417,poiNode__sop_Starfall_alpha
1564,249,1,1,1,Ruin,,1,01,17522881336283509828,poiNode__ruin_lvl1_dorne_alpha
685,250,1,1,1,Ruin,,1,01,17522881336283509828,poiNode__ruin_lvl1_dorne_alpha
799,250,1,1,1,Ruin,,1,01,17522881336283509828,poiNode__ruin_lvl1_dorne_alpha
936,250,1,1,1,Ruin,,1,01,17522881336283509828,poiNode__ruin_lvl1_dorne_alpha
965,250,1,1,1,Ruin,,1,01,17522881336283509828,poiNode__ruin_lvl1_dorne_alpha
1067,250,1,1,1,Ruin,,1,01,17522881336283509828,poiNode__ruin_lvl1_dorne_alpha
1116,250,2,2,4,Settlement (Town),,2,0b,17244005265719231113,poiNode__town_lvl2_wood_dorne_alpha
1143,250,1,1,1,Ruin,,1,01,17522881336283509828,poiNode__ruin_lvl1_dorne_alpha
1443,250,2,2,4,Settlement (Town),,3,0b,1793729568005850773,poiNode__town_lvl3_stone_dorne_alpha
987,251,1,1,1,Ruin,,1,01,17522881336283509828,poiNode__ruin_lvl1_dorne_alpha
1203,251,1,1,1,Ruin,,1,01,17522881336283509828,poiNode__ruin_lvl1_dorne_alpha
1249,251,3,4,12,Bridge,,2,9402,14462941546211862082,poiNode__bridge_4hex_lvl2_alpha
1108,252,1,1,1,Ruin,,1,01,17522881336283509828,poiNode__ruin_lvl1_dorne_alpha
1797,252,1,1,1,Ruin,,1,01,17522881336283509828,poiNode__ruin_lvl1_dorne_alpha
1867,252,1,1,1,Ruin,,1,01,17522881336283509828,poiNode__ruin_lvl1_dorne_alpha
949,253,2,2,4,Settlement (Town),,2,07,12430922041646588100,poiNode__town_lvl2_stone_dorne_alpha
1009,253,1,1,1,Ruin,,1,01,17522881336283509828,poiNode__ruin_lvl1_dorne_alpha
1180,253,1,1,1,Ruin,,1,01,17522881336283509828,poiNode__ruin_lvl1_dorne_alpha
1020,254,1,1,1,Ruin,,1,01,17522881336283509828,poiNode__ruin_lvl1_dorne_alpha
1076,254,1,1,1,Ruin,,1,01,17522881336283509828,poiNode__ruin_lvl1_dorne_alpha
1222,255,1,1,1,Ruin,,1,01,17522881336283509828,poiNode__ruin_lvl1_dorne_alpha
1320,255,1,1,1,Ruin,,1,01,17522881336283509828,poiNode__ruin_lvl1_dorne_alpha
1905,255,2,2,4,Settlement (Town),,4,07,14853954472170715180,poiNode__town_lvl4_iron_dorne_alpha
1432,256,1,1,1,Ruin,,1,01,17522881336283509828,poiNode__ruin_lvl1_dorne_alpha
1785,256,1,1,1,Ruin,,1,01,17522881336283509828,poiNode__ruin_lvl1_dorne_alpha
1027,257,1,1,1,Ruin,,1,01,17522881336283509828,poiNode__ruin_lvl1_dorne_alpha
1063,257,2,2,4,Settlement (Town),,2,07,3286385545442074994,poiNode__town_lvl2_food_dorne_alpha
1099,257,1,1,1,Ruin,,1,01,17522881336283509828,poiNode__ruin_lvl1_dorne_alpha
692,258,1,1,1,Ruin,,1,01,17522881336283509828,poiNode__ruin_lvl1_dorne_alpha
903,258,2,2,4,Settlement (Town),,2,0b,12430922041646588100,poiNode__town_lvl2_stone_dorne_alpha
1036,258,1,1,1,Ruin,,1,01,17522881336283509828,poiNode__ruin_lvl1_dorne_alpha
1149,258,1,1,1,Ruin,,1,01,17522881336283509828,poiNode__ruin_lvl1_dorne_alpha
985,259,3,5,15,Bridge,,2,9148,1498553686271999927,poiNode__bridge_5hex_lvl2_alpha
1798,259,2,2,4,Settlement (Town),,4,07,1199463739729931124,poiNode__town_lvl4_stone_dorne_alpha
1082,260,1,1,1,Ruin,,1,01,17522881336283509828,poiNode__ruin_lvl1_dorne_alpha
1368,260,2,2,4,Settlement (Town),,2,0b,12430922041646588100,poiNode__town_lvl2_stone_dorne_alpha
658,261,1,1,1,Ruin,,1,01,17522881336283509828,poiNode__ruin_lvl1_dorne_alpha
1474,261,3,3,9,Castle,,3,b700,14456418997839286798,poiNode__castle_lvl3_dorne_alpha
1228,262,1,1,1,Ruin,,1,01,17522881336283509828,poiNode__ruin_lvl1_dorne_alpha
1302,262,2,2,4,Settlement (Town),,2,0b,3286385545442074994,poiNode__town_lvl2_food_dorne_alpha
1410,262,1,1,1,Ruin,,1,01,17522881336283509828,poiNode__ruin_lvl1_dorne_alpha
1687,262,1,1,1,Ruin,,1,01,17522881336283509828,poiNode__ruin_lvl1_dorne_alpha
1999,262,1,1,1,Ruin,,1,01,17522881336283509828,poiNode__ruin_lvl1_dorne_alpha
1124,263,1,1,1,Ruin,,1,01,17522881336283509828,poiNode__ruin_lvl1_dorne_alpha
1276,263,2,2,4,Settlement (Town),,2,07,17244005265719231113,poiNode__town_lvl2_wood_dorne_alpha
1529,263,1,1,1,Ruin,,1,01,17522881336283509828,poiNode__ruin_lvl1_dorne_alpha
772,264,2,2,4,Tunnel,,1,06,816168711756189832,poiNode__tunnel_lvl1_dorne_alpha
1110,264,1,1,1,Ruin,,1,01,17522881336283509828,poiNode__ruin_lvl1_dorne_alpha
1312,264,3,3,9,Castle,,2,9f00,233768147089847775,poiNode__castle_lvl2_dorne_alpha
1377,264,1,1,1,Ruin,,1,01,17522881336283509828,poiNode__ruin_lvl1_dorne_alpha
1581,264,3,3,9,Castle,,3,9f00,14456418997839286798,poiNode__castle_lvl3_dorne_alpha
1021,265,1,1,1,Ruin,,1,01,17522881336283509828,poiNode__ruin_lvl1_dorne_alpha
1093,265,1,1,1,Ruin,,1,01,17522881336283509828,poiNode__ruin_lvl1_dorne_alpha
1258,265,1,1,1,Ruin,,1,01,17522881336283509828,poiNode__ruin_lvl1_dorne_alpha
1918,266,1,1,1,Ruin,,1,01,17522881336283509828,poiNode__ruin_lvl1_dorne_alpha
687,267,1,1,1,Ruin,,1,01,17522881336283509828,poiNode__ruin_lvl1_dorne_alpha
814,267,1,1,1,Ruin,,1,01,17522881336283509828,poiNode__ruin_lvl1_dorne_alpha
1056,267,1,1,1,Ruin,,1,01,17522881336283509828,poiNode__ruin_lvl1_dorne_alpha
1233,267,2,2,4,Dragon Sanctum,,1,0f,12986605537241065867,poiNode__dragonsanctum_lv01_dorne_alpha
1866,267,2,2,4,Settlement (Town),,4,07,15910035531034336888,poiNode__town_lvl4_food_dorne_alpha
1329,268,3,5,15,Bridge,,2,8944,1498553686271999927,poiNode__bridge_5hex_lvl2_alpha
1876,268,1,1,1,Ruin,,1,01,17522881336283509828,poiNode__ruin_lvl1_dorne_alpha
982,269,1,1,1,Ruin,,1,01,17522881336283509828,poiNode__ruin_lvl1_dorne_alpha
1125,269,3,3,9,Castle,,2,b700,233768147089847775,poiNode__castle_lvl2_dorne_alpha
1251,269,1,1,1,Ruin,,1,01,17522881336283509828,poiNode__ruin_lvl1_dorne_alpha
1344,269,1,1,1,Ruin,,1,01,17522881336283509828,poiNode__ruin_lvl1_dorne_alpha
1397,270,2,2,4,Settlement (Town),,3,0b,431345790414121969,poiNode__town_lvl3_food_dorne_alpha
806,271,3,3,9,Castle,,1,b700,15953943652019753607,poiNode__castle_lvl1_dorne_alpha
942,271,1,1,1,Ruin,,1,01,17522881336283509828,poiNode__ruin_lvl1_dorne_alpha
1066,271,1,1,1,Ruin,,1,01,17522881336283509828,poiNode__ruin_lvl1_dorne_alpha
1219,271,1,1,1,Ruin,,1,01,17522881336283509828,poiNode__ruin_lvl1_dorne_alpha
1859,271,1,1,1,Ruin,,1,01,17522881336283509828,poiNode__ruin_lvl1_dorne_alpha
890,272,3,3,9,Castle,,2,9f00,233768147089847775,poiNode__castle_lvl2_dorne_alpha
1448,272,1,1,1,Ruin,,1,01,17522881336283509828,poiNode__ruin_lvl1_dorne_alpha
1885,272,3,5,15,Bridge,,4,9412,8396285631970188416,poiNode__bridge_5hex_lvl4_alpha
1000,273,1,1,1,Ruin,,1,01,17522881336283509828,poiNode__ruin_lvl1_dorne_alpha
1169,273,1,1,1,Ruin,,1,01,17522881336283509828,poiNode__ruin_lvl1_dorne_alpha
1183,273,1,1,1,Ruin,,1,01,17522881336283509828,poiNode__ruin_lvl1_dorne_alpha
723,274,1,1,1,Ruin,,1,01,17522881336283509828,poiNode__ruin_lvl1_dorne_alpha
927,274,1,2,2,Tunnel,,2,03,15351316214017112016,poiNode__tunnel_lvl2_dorne_alpha
1085,274,1,1,1,Ruin,,1,01,17522881336283509828,poiNode__ruin_lvl1_dorne_alpha
1152,274,1,1,1,Ruin,,1,01,17522881336283509828,poiNode__ruin_lvl1_dorne_alpha
1335,274,1,1,1,Ruin,,1,01,17522881336283509828,poiNode__ruin_lvl1_dorne_alpha
770,275,2,1,2,Tunnel,,1,03,816168711756189832,poiNode__tunnel_lvl1_dorne_alpha
1015,275,1,1,1,Ruin,,1,01,17522881336283509828,poiNode__ruin_lvl1_dorne_alpha
1522,275,1,1,1,Ruin,,1,01,17522881336283509828,poiNode__ruin_lvl1_dorne_alpha
1116,276,1,1,1,Ruin,,1,01,17522881336283509828,poiNode__ruin_lvl1_dorne_alpha
1202,276,2,2,4,Settlement (Town),,2,0b,12430922041646588100,poiNode__town_lvl2_stone_dorne_alpha
1261,276,1,1,1,Ruin,,1,01,17522881336283509828,poiNode__ruin_lvl1_dorne_alpha
990,277,3,3,9,Castle,,2,b700,233768147089847775,poiNode__castle_lvl2_dorne_alpha
1960,277,1,1,1,Ruin,,1,01,17522881336283509828,poiNode__ruin_lvl1_dorne_alpha
1051,278,1,1,1,Ruin,,1,01,17522881336283509828,poiNode__ruin_lvl1_dorne_alpha
1399,278,1,1,1,Ruin,,1,01,17522881336283509828,poiNode__ruin_lvl1_dorne_alpha
1490,278,1,1,1,Ruin,,1,01,17522881336283509828,poiNode__ruin_lvl1_dorne_alpha
2009,278,1,1,1,Ruin,,1,01,17522881336283509828,poiNode__ruin_lvl1_dorne_alpha
836,279,1,2,2,Crossing,,2,03,17576595532914463501,poiNode__crossing_lvl2_alpha
1206,279,1,1,1,Ruin,,1,01,17522881336283509828,poiNode__ruin_lvl1_dorne_alpha
1244,279,1,1,1,Ruin,,1,01,17522881336283509828,poiNode__ruin_lvl1_dorne_alpha
1923,279,1,1,1,Ruin,,1,01,17522881336283509828,poiNode__ruin_lvl1_dorne_alpha
429,281,2,2,4,Harbor/Dock,,2,0b,16078488310347410484,poiNode__harbor_lvl2_alpha
984,281,1,1,1,Ruin,,1,01,17522881336283509828,poiNode__ruin_lvl1_dorne_alpha
968,282,1,1,1,Ruin,,1,01,17522881336283509828,poiNode__ruin_lvl1_dorne_alpha
1015,282,2,2,4,Settlement (Town),,2,0b,4572143029366277926,poiNode__town_lvl2_iron_dorne_alpha
1521,282,3,3,9,Castle,,3,9f00,14456418997839286798,poiNode__castle_lvl3_dorne_alpha
1558,282,4,3,12,Seat of Power,The Tor,,f707,7923925703274636024,poiNode__sop_TheTor_alpha
700,283,1,1,1,Ruin,,1,01,17522881336283509828,poiNode__ruin_lvl1_dorne_alpha
849,283,1,1,1,Ruin,,1,01,17522881336283509828,poiNode__ruin_lvl1_dorne_alpha
1155,283,1,1,1,Ruin,,1,01,17522881336283509828,poiNode__ruin_lvl1_dorne_alpha
1292,283,1,1,1,Ruin,,1,01,17522881336283509828,poiNode__ruin_lvl1_dorne_alpha
1331,284,1,1,1,Ruin,,1,01,17522881336283509828,poiNode__ruin_lvl1_dorne_alpha
440,285,2,2,4,Harbor/Dock,,2,0e,16078488310347410484,poiNode__harbor_lvl2_alpha
831,285,2,2,4,Crossing,,2,06,17576595532914463501,poiNode__crossing_lvl2_alpha
1125,285,1,1,1,Ruin,,1,01,17522881336283509828,poiNode__ruin_lvl1_dorne_alpha
1222,285,3,3,9,Castle,,2,b700,233768147089847775,poiNode__castle_lvl2_dorne_alpha
1348,285,1,1,1,Ruin,,1,01,17522881336283509828,poiNode__ruin_lvl1_dorne_alpha
1512,285,2,2,4,Settlement (Town),,3,07,1663067788791778725,poiNode__town_lvl3_iron_dorne_alpha
1681,285,2,2,4,Harbor/Dock,,3,0b,10372997566753374670,poiNode__harbor_lvl3_alpha
925,286,2,1,2,Tunnel,,2,03,15351316214017112016,poiNode__tunnel_lvl2_dorne_alpha
1077,286,2,2,4,Settlement (Town),,2,0b,3286385545442074994,poiNode__town_lvl2_food_dorne_alpha
1272,286,1,1,1,Ruin,,1,01,17522881336283509828,poiNode__ruin_lvl1_dorne_alpha
1833,286,1,1,1,Ruin,,1,01,17522881336283509828,poiNode__ruin_lvl1_dorne_alpha
1090,287,1,1,1,Ruin,,1,01,17522881336283509828,poiNode__ruin_lvl1_dorne_alpha
1139,287,2,2,4,Settlement (Town),,2,07,3286385545442074994,poiNode__town_lvl2_food_dorne_alpha
1369,287,2,2,4,Settlement (Town),,2,07,17244005265719231113,poiNode__town_lvl2_wood_dorne_alpha
747,288,3,3,9,Castle,,1,9f00,15953943652019753607,poiNode__castle_lvl1_dorne_alpha
1978,288,1,1,1,Ruin,,1,01,17522881336283509828,poiNode__ruin_lvl1_dorne_alpha
556,289,1,1,1,Ruin,,1,01,4069333285272614884,poiNode__ruin_lvl1_crownlands_alpha
586,289,1,1,1,Ruin,,1,01,4069333285272614884,poiNode__ruin_lvl1_crownlands_alpha
1010,289,1,1,1,Ruin,,1,01,17522881336283509828,poiNode__ruin_lvl1_dorne_alpha
1216,291,1,1,1,Ruin,,1,01,17522881336283509828,poiNode__ruin_lvl1_dorne_alpha
720,292,1,1,1,Ruin,,1,01,17522881336283509828,poiNode__ruin_lvl1_dorne_alpha
1396,292,1,1,1,Ruin,,1,01,17522881336283509828,poiNode__ruin_lvl1_dorne_alpha
673,293,1,1,1,Ruin,,1,01,17522881336283509828,poiNode__ruin_lvl1_dorne_alpha
1331,293,2,2,4,Settlement (Town),,2,07,17244005265719231113,poiNode__town_lvl2_wood_dorne_alpha
1369,293,3,3,9,Castle,,2,b700,233768147089847775,poiNode__castle_lvl2_dorne_alpha
1525,293,1,1,1,Ruin,,1,01,17522881336283509828,poiNode__ruin_lvl1_dorne_alpha
1689,293,1,2,2,Crossing,,3,03,11761877450986962679,poiNode__crossing_lvl3_alpha
1350,294,1,1,1,Ruin,,1,01,17522881336283509828,poiNode__ruin_lvl1_dorne_alpha
639,295,1,1,1,Ruin,,1,01,4069333285272614884,poiNode__ruin_lvl1_crownlands_alpha
1120,295,1,1,1,Ruin,,1,01,17522881336283509828,poiNode__ruin_lvl1_dorne_alpha
1461,295,1,1,1,Ruin,,1,01,17522881336283509828,poiNode__ruin_lvl1_dorne_alpha
986,296,2,2,4,Tunnel,,2,06,15351316214017112016,poiNode__tunnel_lvl2_dorne_alpha
1318,296,1,1,1,Ruin,,1,01,17522881336283509828,poiNode__ruin_lvl1_dorne_alpha
1035,297,2,3,6,Bridge,,2,%,6488258009797769972,poiNode__bridge_3hex_lvl2_alpha
1297,297,1,1,1,Ruin,,1,01,17522881336283509828,poiNode__ruin_lvl1_dorne_alpha
1885,297,1,1,1,Ruin,,1,01,17522881336283509828,poiNode__ruin_lvl1_dorne_alpha
534,298,2,2,4,Settlement (Town),,1,0b,17988470253685371955,poiNode__town_lvl1_stone_crownlands_alpha
1089,298,1,1,1,Ruin,,1,01,17522881336283509828,poiNode__ruin_lvl1_dorne_alpha
1255,298,3,2,6,Dragon Sanctum,,4,1e,6082156363026124616,poiNode__dragonsanctum_lv04_dorne_alpha
1339,298,1,1,1,Ruin,,1,01,17522881336283509828,poiNode__ruin_lvl1_dorne_alpha
1425,298,1,1,1,Ruin,,1,01,17522881336283509828,poiNode__ruin_lvl1_dorne_alpha
1941,298,1,1,1,Ruin,,1,01,17522881336283509828,poiNode__ruin_lvl1_dorne_alpha
1140,299,2,2,4,Dragon Sanctum,,1,0f,12986605537241065867,poiNode__dragonsanctum_lv01_dorne_alpha
992,300,2,2,4,Settlement (Town),,2,0b,4572143029366277926,poiNode__town_lvl2_iron_dorne_alpha
1158,300,2,2,4,Settlement (Town),,2,0b,3286385545442074994,poiNode__town_lvl2_food_dorne_alpha
1183,300,1,1,1,Ruin,,1,01,17522881336283509828,poiNode__ruin_lvl1_dorne_alpha
676,301,2,2,4,Settlement (Town),,1,07,5177923786824194211,poiNode__town_lvl1_iron_dorne_alpha
1416,301,1,1,1,Ruin,,1,01,17522881336283509828,poiNode__ruin_lvl1_dorne_alpha
1049,302,3,3,9,Castle,,2,9f00,233768147089847775,poiNode__castle_lvl2_dorne_alpha
983,303,2,1,2,Tunnel,,2,03,15351316214017112016,poiNode__tunnel_lvl2_dorne_alpha
1130,303,1,1,1,Ruin,,1,01,17522881336283509828,poiNode__ruin_lvl1_dorne_alpha
1216,303,2,2,4,Tunnel,,2,,15351316214017112016,poiNode__tunnel_lvl2_dorne_alpha
1484,303,1,1,1,Ruin,,1,01,17522881336283509828,poiNode__ruin_lvl1_dorne_alpha
693,304,3,3,9,Castle,,1,9f00,15953943652019753607,poiNode__castle_lvl1_dorne_alpha
734,304,2,2,4,Settlement (Town),,1,0b,6139457019936636663,poiNode__town_lvl1_food_dorne_alpha
793,304,2,2,4,Settlement (Town),,1,0b,6139457019936636663,poiNode__town_lvl1_food_dorne_alpha
1223,304,2,2,4,Tunnel,,2,06,15351316214017112016,poiNode__tunnel_lvl2_dorne_alpha
1038,305,1,1,1,Ruin,,1,01,17522881336283509828,poiNode__ruin_lvl1_dorne_alpha
974,306,1,1,1,Ruin,,1,01,17522881336283509828,poiNode__ruin_lvl1_dorne_alpha
1001,306,1,1,1,Ruin,,1,01,17522881336283509828,poiNode__ruin_lvl1_dorne_alpha
1099,306,1,1,1,Ruin,,1,01,17522881336283509828,poiNode__ruin_lvl1_dorne_alpha
622,307,1,2,2,Tunnel,,1,03,816168711756189832,poiNode__tunnel_lvl1_dorne_alpha
1522,307,2,2,4,Settlement (Town),,3,07,1793729568005850773,poiNode__town_lvl3_stone_dorne_alpha
749,308,1,1,1,Ruin,,1,01,17522881336283509828,poiNode__ruin_lvl1_dorne_alpha
890,308,2,2,4,Settlement (Town),,2,0b,3286385545442074994,poiNode__town_lvl2_food_dorne_alpha
898,308,1,1,1,Ruin,,1,01,17522881336283509828,poiNode__ruin_lvl1_dorne_alpha
966,308,1,1,1,Ruin,,1,01,17522881336283509828,poiNode__ruin_lvl1_dorne_alpha
1011,308,1,1,1,Ruin,,1,01,17522881336283509828,poiNode__ruin_lvl1_dorne_alpha
1060,308,1,1,1,Ruin,,1,01,17522881336283509828,poiNode__ruin_lvl1_dorne_alpha
555,309,3,4,12,Bridge,,1,9108,4164891203475574860,poiNode__bridge_4hex_lvl1_alpha
1019,309,1,1,1,Ruin,,1,01,17522881336283509828,poiNode__ruin_lvl1_dorne_alpha
1173,309,1,1,1,Ruin,,1,01,17522881336283509828,poiNode__ruin_lvl1_dorne_alpha
822,310,2,2,4,Tunnel,,1,06,816168711756189832,poiNode__tunnel_lvl1_dorne_alpha
1120,310,2,2,4,Settlement (Town),,2,0b,17244005265719231113,poiNode__town_lvl2_wood_dorne_alpha
1273,310,1,1,1,Ruin,,1,01,17522881336283509828,poiNode__ruin_lvl1_dorne_alpha
1306,310,3,5,15,Bridge,,2,9412,1498553686271999927,poiNode__bridge_5hex_lvl2_alpha
1091,311,2,2,4,Dragon Sanctum,,4,0f,6082156363026124616,poiNode__dragonsanctum_lv04_dorne_alpha
779,312,2,2,4,Tunnel,,1,06,816168711756189832,poiNode__tunnel_lvl1_dorne_alpha
938,312,1,1,1,Ruin,,1,01,17522881336283509828,poiNode__ruin_lvl1_dorne_alpha
1200,312,1,1,1,Ruin,,1,01,17522881336283509828,poiNode__ruin_lvl1_dorne_alpha
734,313,1,2,2,Tunnel,,1,03,816168711756189832,poiNode__tunnel_lvl1_dorne_alpha
809,313,1,1,1,Ruin,,1,01,17522881336283509828,poiNode__ruin_lvl1_dorne_alpha
817,313,2,2,4,Tunnel,,1,,816168711756189832,poiNode__tunnel_lvl1_dorne_alpha
866,313,3,5,15,Bridge,,2,a414,1498553686271999927,poiNode__bridge_5hex_lvl2_alpha
924,313,1,1,1,Ruin,,1,01,17522881336283509828,poiNode__ruin_lvl1_dorne_alpha
883,314,1,1,1,Ruin,,1,01,17522881336283509828,poiNode__ruin_lvl1_dorne_alpha
619,315,2,2,4,Tunnel,,1,06,816168711756189832,poiNode__tunnel_lvl1_dorne_alpha
775,316,2,1,2,Tunnel,,1,03,816168711756189832,poiNode__tunnel_lvl1_dorne_alpha
953,316,1,1,1,Ruin,,1,01,17522881336283509828,poiNode__ruin_lvl1_dorne_alpha
712,317,1,1,1,Ruin,,1,01,17522881336283509828,poiNode__ruin_lvl1_dorne_alpha
909,317,1,1,1,Ruin,,1,01,17522881336283509828,poiNode__ruin_lvl1_dorne_alpha
971,317,1,1,1,Ruin,,1,01,17522881336283509828,poiNode__ruin_lvl1_dorne_alpha
1032,317,1,1,1,Ruin,,1,01,17522881336283509828,poiNode__ruin_lvl1_dorne_alpha
495,318,2,2,4,Crossing,,1,06,186484103584441603,poiNode__crossing_lvl1_alpha
918,318,1,1,1,Ruin,,1,01,17522881336283509828,poiNode__ruin_lvl1_dorne_alpha
996,318,1,1,1,Ruin,,1,01,17522881336283509828,poiNode__ruin_lvl1_dorne_alpha
1125,318,1,1,1,Ruin,,1,01,17522881336283509828,poiNode__ruin_lvl1_dorne_alpha
1449,318,1,1,1,Ruin,,1,01,17522881336283509828,poiNode__ruin_lvl1_dorne_alpha
729,319,2,2,4,Tunnel,,1,06,816168711756189832,poiNode__tunnel_lvl1_dorne_alpha
1097,319,1,1,1,Ruin,,1,01,17522881336283509828,poiNode__ruin_lvl1_dorne_alpha
1350,319,1,1,1,Ruin,,1,01,17522881336283509828,poiNode__ruin_lvl1_dorne_alpha
791,320,2,2,4,Tunnel,,1,06,816168711756189832,poiNode__tunnel_lvl1_dorne_alpha
960,320,1,1,1,Ruin,,1,01,17522881336283509828,poiNode__ruin_lvl1_dorne_alpha
1070,320,2,2,4,Settlement (Town),,2,0b,12430922041646588100,poiNode__town_lvl2_stone_dorne_alpha
900,321,1,1,1,Ruin,,1,01,17522881336283509828,poiNode__ruin_lvl1_dorne_alpha
1695,321,2,2,4,Crossing,,2,,17576595532914463501,poiNode__crossing_lvl2_alpha
1080,322,1,1,1,Ruin,,1,01,17522881336283509828,poiNode__ruin_lvl1_dorne_alpha
888,323,1,1,1,Ruin,,1,01,17522881336283509828,poiNode__ruin_lvl1_dorne_alpha
1022,323,1,1,1,Ruin,,1,01,17522881336283509828,poiNode__ruin_lvl1_dorne_alpha
1271,323,2,2,4,Settlement (Town),,2,07,3286385545442074994,poiNode__town_lvl2_food_dorne_alpha
1384,323,1,1,1,Ruin,,1,01,17522881336283509828,poiNode__ruin_lvl1_dorne_alpha
566,324,1,1,1,Ruin,,1,01,4069333285272614884,poiNode__ruin_lvl1_crownlands_alpha
831,324,1,1,1,Ruin,,1,01,17522881336283509828,poiNode__ruin_lvl1_dorne_alpha
915,324,3,3,9,Castle,,2,9f00,233768147089847775,poiNode__castle_lvl2_dorne_alpha
1148,324,1,1,1,Ruin,,1,01,17522881336283509828,poiNode__ruin_lvl1_dorne_alpha
774,325,1,1,1,Ruin,,1,01,17522881336283509828,poiNode__ruin_lvl1_dorne_alpha
782,325,2,1,2,Tunnel,,1,03,816168711756189832,poiNode__tunnel_lvl1_dorne_alpha
933,325,1,1,1,Ruin,,1,01,17522881336283509828,poiNode__ruin_lvl1_dorne_alpha
684,326,1,1,1,Ruin,,1,01,17522881336283509828,poiNode__ruin_lvl1_dorne_alpha
946,326,1,1,1,Ruin,,1,01,17522881336283509828,poiNode__ruin_lvl1_dorne_alpha
1233,326,1,1,1,Ruin,,1,01,17522881336283509828,poiNode__ruin_lvl1_dorne_alpha
1284,326,1,1,1,Ruin,,1,01,17522881336283509828,poiNode__ruin_lvl1_dorne_alpha
1390,326,2,2,4,Settlement (Town),,2,0b,3286385545442074994,poiNode__town_lvl2_food_dorne_alpha
1037,328,1,1,1,Ruin,,1,01,17522881336283509828,poiNode__ruin_lvl1_dorne_alpha
1355,328,1,1,1,Ruin,,1,01,17522881336283509828,poiNode__ruin_lvl1_dorne_alpha
926,329,2,2,4,Dragon Sanctum,,1,0f,12986605537241065867,poiNode__dragonsanctum_lv01_dorne_alpha
958,329,2,2,4,Settlement (Town),,2,07,12430922041646588100,poiNode__town_lvl2_stone_dorne_alpha
1005,329,1,1,1,Ruin,,1,01,17522881336283509828,poiNode__ruin_lvl1_dorne_alpha
1123,329,3,5,15,Bridge,,2,a414,1498553686271999927,poiNode__bridge_5hex_lvl2_alpha
1247,329,1,1,1,Ruin,,1,01,17522881336283509828,poiNode__ruin_lvl1_dorne_alpha
1301,329,1,1,1,Ruin,,1,01,17522881336283509828,poiNode__ruin_lvl1_dorne_alpha
1105,330,1,1,1,Ruin,,1,01,17522881336283509828,poiNode__ruin_lvl1_dorne_alpha
1087,331,3,3,9,Castle,,2,b700,233768147089847775,poiNode__castle_lvl2_dorne_alpha
890,332,1,1,1,Ruin,,1,01,17522881336283509828,poiNode__ruin_lvl1_dorne_alpha
900,332,1,1,1,Ruin,,1,01,17522881336283509828,poiNode__ruin_lvl1_dorne_alpha
913,332,1,1,1,Ruin,,1,01,17522881336283509828,poiNode__ruin_lvl1_dorne_alpha
1070,332,1,1,1,Ruin,,1,01,17522881336283509828,poiNode__ruin_lvl1_dorne_alpha
1338,332,1,1,1,Ruin,,1,01,17522881336283509828,poiNode__ruin_lvl1_dorne_alpha
1164,334,1,1,1,Ruin,,1,01,17522881336283509828,poiNode__ruin_lvl1_dorne_alpha
922,335,1,1,1,Ruin,,1,01,17522881336283509828,poiNode__ruin_lvl1_dorne_alpha
970,335,1,1,1,Ruin,,1,01,17522881336283509828,poiNode__ruin_lvl1_dorne_alpha
1191,335,1,1,1,Ruin,,1,01,17522881336283509828,poiNode__ruin_lvl1_dorne_alpha
1695,335,1,2,2,Crossing,,2,03,17576595532914463501,poiNode__crossing_lvl2_alpha
551,336,1,1,1,Ruin,,1,01,4069333285272614884,poiNode__ruin_lvl1_crownlands_alpha
1016,336,1,1,1,Ruin,,1,01,17522881336283509828,poiNode__ruin_lvl1_dorne_alpha
1174,336,1,1,1,Ruin,,1,01,17522881336283509828,poiNode__ruin_lvl1_dorne_alpha
849,337,2,2,4,Settlement (Town),,1,07,10945769033114148108,poiNode__town_lvl1_wood_dorne_alpha
905,337,2,2,4,Settlement (Town),,2,07,17244005265719231113,poiNode__town_lvl2_wood_dorne_alpha
1276,338,1,1,1,Ruin,,1,01,17522881336283509828,poiNode__ruin_lvl1_dorne_alpha
785,339,4,4,16,Seat of Power,High Hermitage,,vn,3880806631117734893,poiNode__sop_HighHermitage_alpha
1027,339,1,1,1,Ruin,,1,01,17522881336283509828,poiNode__ruin_lvl1_dorne_alpha
1134,339,1,1,1,Ruin,,1,01,17522881336283509828,poiNode__ruin_lvl1_dorne_alpha
940,340,1,1,1,Ruin,,1,01,17522881336283509828,poiNode__ruin_lvl1_dorne_alpha
1263,340,1,1,1,Ruin,,1,01,17522881336283509828,poiNode__ruin_lvl1_dorne_alpha
437,341,1,1,1,Ruin,,1,01,4069333285272614884,poiNode__ruin_lvl1_crownlands_alpha
817,341,3,3,9,Castle,,1,b700,15953943652019753607,poiNode__castle_lvl1_dorne_alpha
882,342,1,1,1,Ruin,,1,01,17522881336283509828,poiNode__ruin_lvl1_dorne_alpha
1096,342,1,1,1,Ruin,,1,01,17522881336283509828,poiNode__ruin_lvl1_dorne_alpha
487,343,2,2,4,Crossing,,1,06,186484103584441603,poiNode__crossing_lvl1_alpha
781,343,2,2,4,Tunnel,,1,,816168711756189832,poiNode__tunnel_lvl1_dorne_alpha
1011,344,3,3,9,Castle,,2,9f00,233768147089847775,poiNode__castle_lvl2_dorne_alpha
1081,344,1,1,1,Ruin,,1,01,17522881336283509828,poiNode__ruin_lvl1_dorne_alpha
1307,344,2,2,4,Settlement (Town),,2,0b,3286385545442074994,poiNode__town_lvl2_food_dorne_alpha
1401,344,1,1,1,Ruin,,1,01,17522881336283509828,poiNode__ruin_lvl1_dorne_alpha
731,345,1,1,1,Ruin,,1,01,17522881336283509828,poiNode__ruin_lvl1_dorne_alpha
1140,345,1,2,2,Crossing,,2,03,17576595532914463501,poiNode__crossing_lvl2_alpha
1245,345,1,2,2,Crossing,,2,03,17576595532914463501,poiNode__crossing_lvl2_alpha
1291,345,3,3,9,Castle,,2,b700,233768147089847775,poiNode__castle_lvl2_dorne_alpha
980,346,4,3,12,Seat of Power,Skyreach,,f707,18087946226030600535,poiNode__sop_Skyreach_alpha
1004,346,1,1,1,Ruin,,1,01,17522881336283509828,poiNode__ruin_lvl1_dorne_alpha
1190,346,3,5,15,Bridge,,2,9412,1498553686271999927,poiNode__bridge_5hex_lvl2_alpha
898,347,1,1,1,Ruin,,1,01,17522881336283509828,poiNode__ruin_lvl1_dorne_alpha
1031,347,2,2,4,Settlement (Town),,2,07,3286385545442074994,poiNode__town_lvl2_food_dorne_alpha
444,350,3,3,9,Castle,,1,9f00,6741636123857038108,poiNode__castle_lvl1_crownlands_alpha
1178,350,1,1,1,Ruin,,1,01,17522881336283509828,poiNode__ruin_lvl1_dorne_alpha
1236,350,1,1,1,Ruin,,1,01,17522881336283509828,poiNode__ruin_lvl1_dorne_alpha
766,351,1,1,1,Ruin,,1,01,17522881336283509828,poiNode__ruin_lvl1_dorne_alpha
1024,351,1,1,1,Ruin,,1,01,17522881336283509828,poiNode__ruin_lvl1_dorne_alpha
1243,351,2,2,4,Crossing,,2,06,17576595532914463501,poiNode__crossing_lvl2_alpha
1296,351,1,1,1,Ruin,,1,01,17522881336283509828,poiNode__ruin_lvl1_dorne_alpha
1137,352,1,2,2,Crossing,,2,03,17576595532914463501,poiNode__crossing_lvl2_alpha
774,353,1,1,1,Ruin,,1,01,17522881336283509828,poiNode__ruin_lvl1_dorne_alpha
1403,353,2,2,4,Harbor/Dock,,2,,16078488310347410484,poiNode__harbor_lvl2_alpha
584,354,1,1,1,Ruin,,1,01,4069333285272614884,poiNode__ruin_lvl1_crownlands_alpha
692,354,1,1,1,Ruin,,1,01,4069333285272614884,poiNode__ruin_lvl1_crownlands_alpha
799,354,2,2,4,Tunnel,,1,06,816168711756189832,poiNode__tunnel_lvl1_dorne_alpha
916,354,3,2,6,Dragon Sanctum,,4,1e,6082156363026124616,poiNode__dragonsanctum_lv04_dorne_alpha
642,355,1,1,1,Ruin,,1,01,4069333285272614884,poiNode__ruin_lvl1_crownlands_alpha
905,355,1,1,1,Ruin,,1,01,17522881336283509828,poiNode__ruin_lvl1_dorne_alpha
966,355,1,1,1,Ruin,,1,01,17522881336283509828,poiNode__ruin_lvl1_dorne_alpha
1053,357,3,5,15,Bridge,,2,9148,1498553686271999927,poiNode__bridge_5hex_lvl2_alpha
611,358,1,1,1,Ruin,,1,01,4069333285272614884,poiNode__ruin_lvl1_crownlands_alpha
748,358,2,2,4,Settlement (Town),,1,0b,17478731388639675676,poiNode__town_lvl1_stone_dorne_alpha
933,358,1,1,1,Ruin,,1,01,17522881336283509828,poiNode__ruin_lvl1_dorne_alpha
1277,358,4,3,12,Seat of Power,Yronwood,,f707,10664726196707615856,poiNode__sop_Yronwood_alpha
857,359,1,1,1,Ruin,,1,01,17522881336283509828,poiNode__ruin_lvl1_dorne_alpha
1200,359,1,1,1,Ruin,,1,01,17522881336283509828,poiNode__ruin_lvl1_dorne_alpha
892,360,2,2,4,Tunnel,,2,06,15351316214017112016,poiNode__tunnel_lvl2_dorne_alpha
953,360,2,2,4,Tunnel,,2,06,15351316214017112016,poiNode__tunnel_lvl2_dorne_alpha
740,361,3,3,9,Castle,,1,b700,15953943652019753607,poiNode__castle_lvl1_dorne_alpha
1000,361,2,2,4,Crossing,,2,,17576595532914463501,poiNode__crossing_lvl2_alpha
897,362,1,1,1,Ruin,,1,01,17522881336283509828,poiNode__ruin_lvl1_dorne_alpha
1073,362,1,1,1,Ruin,,1,01,17522881336283509828,poiNode__ruin_lvl1_dorne_alpha
478,363,1,1,1,Ruin,,1,01,4069333285272614884,poiNode__ruin_lvl1_crownlands_alpha
656,363,1,1,1,Ruin,,1,01,4069333285272614884,poiNode__ruin_lvl1_crownlands_alpha
757,363,2,2,4,Tunnel,,1,,816168711756189832,poiNode__tunnel_lvl1_dorne_alpha
910,363,1,1,1,Ruin,,1,01,17522881336283509828,poiNode__ruin_lvl1_dorne_alpha
976,363,1,1,1,Ruin,,1,01,17522881336283509828,poiNode__ruin_lvl1_dorne_alpha
799,364,2,1,2,Tunnel,,1,03,816168711756189832,poiNode__tunnel_lvl1_dorne_alpha
889,364,1,2,2,Tunnel,,2,03,15351316214017112016,poiNode__tunnel_lvl2_dorne_alpha
924,365,1,1,1,Ruin,,1,01,17522881336283509828,poiNode__ruin_lvl1_dorne_alpha
1102,365,1,1,1,Ruin,,1,01,17522881336283509828,poiNode__ruin_lvl1_dorne_alpha
1128,365,1,1,1,Ruin,,1,01,17522881336283509828,poiNode__ruin_lvl1_dorne_alpha
957,366,3,3,9,Castle,,2,9f00,233768147089847775,poiNode__castle_lvl2_dorne_alpha
1226,366,1,1,1,Ruin,,1,01,17522881336283509828,poiNode__ruin_lvl1_dorne_alpha
621,367,1,1,1,Ruin,,1,01,4069333285272614884,poiNode__ruin_lvl1_crownlands_alpha
917,367,2,2,4,Settlement (Town),,2,07,3286385545442074994,poiNode__town_lvl2_food_dorne_alpha
603,369,1,1,1,Ruin,,1,01,4069333285272614884,poiNode__ruin_lvl1_crownlands_alpha
962,369,1,1,1,Ruin,,1,01,17522881336283509828,poiNode__ruin_lvl1_dorne_alpha
756,370,2,2,4,Tunnel,,1,,816168711756189832,poiNode__tunnel_lvl1_dorne_alpha
984,370,1,1,1,Ruin,,1,01,17522881336283509828,poiNode__ruin_lvl1_dorne_alpha
1152,370,1,1,1,Ruin,,1,01,17522881336283509828,poiNode__ruin_lvl1_dorne_alpha
1703,370,1,2,2,Crossing,,2,03,17576595532914463501,poiNode__crossing_lvl2_alpha
886,371,4,4,16,Seat of Power,Blackmont,,vn,13660834003404801267,poiNode__sop_Blackmont_alpha
945,371,2,1,2,Tunnel,,2,03,15351316214017112016,poiNode__tunnel_lvl2_dorne_alpha
789,372,1,2,2,Tunnel,,1,03,816168711756189832,poiNode__tunnel_lvl1_dorne_alpha
861,372,3,3,9,Castle,,1,9f00,15953943652019753607,poiNode__castle_lvl1_dorne_alpha
1004,372,2,2,4,Crossing,,2,,17576595532914463501,poiNode__crossing_lvl2_alpha
1217,372,2,2,4,Settlement (Town),,2,0b,3286385545442074994,poiNode__town_lvl2_food_dorne_alpha
1403,372,2,2,4,Crossing,,2,,17576595532914463501,poiNode__crossing_lvl2_alpha
778,373,1,1,1,Ruin,,1,01,17522881336283509828,poiNode__ruin_lvl1_dorne_alpha
934,373,1,1,1,Ruin,,1,01,17522881336283509828,poiNode__ruin_lvl1_dorne_alpha
1208,373,1,1,1,Ruin,,1,01,17522881336283509828,poiNode__ruin_lvl1_dorne_alpha
1273,373,2,2,4,Harbor/Dock,,2,07,16078488310347410484,poiNode__harbor_lvl2_alpha
796,374,2,2,4,Tunnel,,1,06,816168711756189832,poiNode__tunnel_lvl1_dorne_alpha
1108,374,1,1,1,Ruin,,1,01,17522881336283509828,poiNode__ruin_lvl1_dorne_alpha
986,376,1,2,2,Tunnel,,2,03,15351316214017112016,poiNode__tunnel_lvl2_dorne_alpha
1118,376,2,2,4,Settlement (Town),,2,0b,17244005265719231113,poiNode__town_lvl2_wood_dorne_alpha
707,377,5,1,5,Bridge,,1,1f,16551278857259698617,poiNode__bridge_5hex_lvl1_alpha
1131,377,2,2,4,Dragon Sanctum,,1,0f,12986605537241065867,poiNode__dragonsanctum_lv01_dorne_alpha
1060,378,1,1,1,Ruin,,1,01,17522881336283509828,poiNode__ruin_lvl1_dorne_alpha
1259,378,1,1,1,Ruin,,1,01,17522881336283509828,poiNode__ruin_lvl1_dorne_alpha
452,379,1,1,1,Ruin,,1,01,4069333285272614884,poiNode__ruin_lvl1_crownlands_alpha
470,379,1,1,1,Ruin,,1,01,4069333285272614884,poiNode__ruin_lvl1_crownlands_alpha
901,379,1,2,2,Tunnel,,2,03,15351316214017112016,poiNode__tunnel_lvl2_dorne_alpha
927,379,1,1,1,Ruin,,1,01,17522881336283509828,poiNode__ruin_lvl1_dorne_alpha
857,380,1,1,1,Ruin,,1,01,17522881336283509828,poiNode__ruin_lvl1_dorne_alpha
895,380,1,2,2,Tunnel,,2,03,15351316214017112016,poiNode__tunnel_lvl2_dorne_alpha
967,380,1,1,1,Ruin,,1,01,17522881336283509828,poiNode__ruin_lvl1_dorne_alpha
940,381,2,2,4,Settlement (Town),,2,07,17244005265719231113,poiNode__town_lvl2_wood_dorne_alpha
956,381,1,1,1,Ruin,,1,01,17522881336283509828,poiNode__ruin_lvl1_dorne_alpha
1109,381,2,2,4,Dragon Sanctum,,4,0f,6082156363026124616,poiNode__dragonsanctum_lv04_dorne_alpha
529,382,2,2,4,Settlement (Town),,1,0b,2800008357386502363,poiNode__town_lvl1_iron_crownlands_alpha
1041,382,1,1,1,Ruin,,1,01,17522881336283509828,poiNode__ruin_lvl1_dorne_alpha
1708,382,2,2,4,Crossing,,2,,17576595532914463501,poiNode__crossing_lvl2_alpha
984,383,2,2,4,Tunnel,,2,06,15351316214017112016,poiNode__tunnel_lvl2_dorne_alpha
1229,383,2,2,4,Tunnel,,2,,15351316214017112016,poiNode__tunnel_lvl2_dorne_alpha
410,384,3,4,12,Bridge,,1,9402,4164891203475574860,poiNode__bridge_4hex_lvl1_alpha
915,384,1,1,1,Ruin,,1,01,17522881336283509828,poiNode__ruin_lvl1_dorne_alpha
1275,384,1,1,1,Ruin,,1,01,17522881336283509828,poiNode__ruin_lvl1_dorne_alpha
1173,385,1,1,1,Ruin,,1,01,17522881336283509828,poiNode__ruin_lvl1_dorne_alpha
663,386,3,3,9,Castle,,1,9f00,6741636123857038108,poiNode__castle_lvl1_crownlands_alpha
490,387,3,3,9,Castle,,1,b700,6741636123857038108,poiNode__castle_lvl1_crownlands_alpha
824,387,1,1,1,Ruin,,1,01,4069333285272614884,poiNode__ruin_lvl1_crownlands_alpha
965,387,2,2,4,Settlement (Town),,2,07,17244005265719231113,poiNode__town_lvl2_wood_dorne_alpha
1124,387,1,1,1,Ruin,,1,01,17522881336283509828,poiNode__ruin_lvl1_dorne_alpha
1136,387,1,1,1,Ruin,,1,01,17522881336283509828,poiNode__ruin_lvl1_dorne_alpha
1427,387,2,2,4,Crossing,,2,,17576595532914463501,poiNode__crossing_lvl2_alpha
1054,389,1,1,1,Ruin,,1,01,17522881336283509828,poiNode__ruin_lvl1_dorne_alpha
1687,389,2,2,4,Crossing,,2,06,17576595532914463501,poiNode__crossing_lvl2_alpha
634,390,2,2,4,Settlement (Town),,1,0b,5323986953385167127,poiNode__town_lvl1_food_crownlands_alpha
1182,390,1,1,1,Ruin,,1,01,17522881336283509828,poiNode__ruin_lvl1_dorne_alpha
1202,390,1,1,1,Ruin,,1,01,17522881336283509828,poiNode__ruin_lvl1_dorne_alpha
723,391,2,2,4,Tunnel,,1,,816168711756189832,poiNode__tunnel_lvl1_dorne_alpha
858,391,3,5,15,Bridge,,1,9148,16551278857259698617,poiNode__bridge_5hex_lvl1_alpha
938,391,1,1,1,Ruin,,1,01,17522881336283509828,poiNode__ruin_lvl1_dorne_alpha
960,391,1,1,1,Ruin,,1,01,17522881336283509828,poiNode__ruin_lvl1_dorne_alpha
1230,391,1,2,2,Tunnel,,2,03,15351316214017112016,poiNode__tunnel_lvl2_dorne_alpha
1271,391,2,2,4,Settlement (Town),,2,07,3286385545442074994,poiNode__town_lvl2_food_dorne_alpha
1145,392,1,2,2,Tunnel,,2,03,15351316214017112016,poiNode__tunnel_lvl2_dorne_alpha
503,393,1,1,1,Ruin,,1,01,4069333285272614884,poiNode__ruin_lvl1_crownlands_alpha
1699,393,1,2,2,Crossing,,2,03,17576595532914463501,poiNode__crossing_lvl2_alpha
726,394,2,2,4,Tunnel,,1,,816168711756189832,poiNode__tunnel_lvl1_dorne_alpha
1048,395,1,1,1,Ruin,,1,01,17522881336283509828,poiNode__ruin_lvl1_dorne_alpha
765,396,2,2,4,Settlement (Town),,1,0b,5323986953385167127,poiNode__town_lvl1_food_crownlands_alpha
917,397,3,3,9,Castle,,2,b700,233768147089847775,poiNode__castle_lvl2_dorne_alpha
1437,397,1,2,2,Crossing,,2,03,17576595532914463501,poiNode__crossing_lvl2_alpha
757,398,1,1,1,Ruin,,1,01,4069333285272614884,poiNode__ruin_lvl1_crownlands_alpha
1146,398,2,2,4,Tunnel,,2,06,15351316214017112016,poiNode__tunnel_lvl2_dorne_alpha
776,399,1,1,1,Ruin,,1,01,4069333285272614884,poiNode__ruin_lvl1_crownlands_alpha
816,399,2,2,4,Settlement (Town),,1,07,5323986953385167127,poiNode__town_lvl1_food_crownlands_alpha
908,400,1,1,1,Ruin,,1,01,17522881336283509828,poiNode__ruin_lvl1_dorne_alpha
1006,400,1,1,1,Ruin,,1,01,17522881336283509828,poiNode__ruin_lvl1_dorne_alpha
1098,400,1,1,1,Ruin,,1,01,17522881336283509828,poiNode__ruin_lvl1_dorne_alpha
1168,400,1,1,1,Ruin,,1,01,17522881336283509828,poiNode__ruin_lvl1_dorne_alpha
611,402,2,2,4,Crossing,,1,06,186484103584441603,poiNode__crossing_lvl1_alpha
799,402,3,3,9,Castle,,1,9f00,6741636123857038108,poiNode__castle_lvl1_crownlands_alpha
884,402,1,2,2,Tunnel,,1,03,816168711756189832,poiNode__tunnel_lvl1_dorne_alpha
531,403,1,1,1,Ruin,,1,01,4069333285272614884,poiNode__ruin_lvl1_crownlands_alpha
557,403,7,8,56,Great House Capital,Oldtown,,1cdfcffff7fbf8,5714651828624649688,poiNode__capital_Oldtown_alpha
938,403,1,1,1,Ruin,,1,01,17522881336283509828,poiNode__ruin_lvl1_dorne_alpha
866,404,3,3,9,Castle,,1,9f00,15953943652019753607,poiNode__castle_lvl1_dorne_alpha
926,404,1,1,1,Ruin,,1,01,17522881336283509828,poiNode__ruin_lvl1_dorne_alpha
970,404,1,1,1,Ruin,,1,01,17522881336283509828,poiNode__ruin_lvl1_dorne_alpha
667,405,2,2,4,Crossing,,1,,186484103584441603,poiNode__crossing_lvl1_alpha
1469,405,2,2,4,Crossing,,2,,17576595532914463501,poiNode__crossing_lvl2_alpha
932,406,2,2,4,Settlement (Town),,2,0b,12430922041646588100,poiNode__town_lvl2_stone_dorne_alpha
1031,406,2,2,4,Settlement (Town),,2,0b,17244005265719231113,poiNode__town_lvl2_wood_dorne_alpha
1246,406,1,1,1,Ruin,,1,01,17522881336283509828,poiNode__ruin_lvl1_dorne_alpha
888,408,2,2,4,Tunnel,,1,,816168711756189832,poiNode__tunnel_lvl1_dorne_alpha
604,409,2,2,4,Crossing,,1,06,186484103584441603,poiNode__crossing_lvl1_alpha
730,409,1,1,1,Ruin,,1,01,4069333285272614884,poiNode__ruin_lvl1_crownlands_alpha
1237,409,1,1,1,Ruin,,1,01,17522881336283509828,poiNode__ruin_lvl1_dorne_alpha
669,410,2,2,4,Crossing,,1,,186484103584441603,poiNode__crossing_lvl1_alpha
965,410,2,2,4,Settlement (Town),,2,0b,12430922041646588100,poiNode__town_lvl2_stone_dorne_alpha
1039,410,1,1,1,Ruin,,1,01,17522881336283509828,poiNode__ruin_lvl1_dorne_alpha
1210,410,1,1,1,Ruin,,1,01,17522881336283509828,poiNode__ruin_lvl1_dorne_alpha
1094,411,3,3,9,Castle,,2,b700,233768147089847775,poiNode__castle_lvl2_dorne_alpha
763,412,1,1,1,Ruin,,1,01,4069333285272614884,poiNode__ruin_lvl1_crownlands_alpha
954,412,1,1,1,Ruin,,1,01,17522881336283509828,poiNode__ruin_lvl1_dorne_alpha
1057,412,1,1,1,Ruin,,1,01,17522881336283509828,poiNode__ruin_lvl1_dorne_alpha
1102,412,2,2,4,Settlement (Town),,2,0b,12430922041646588100,poiNode__town_lvl2_stone_dorne_alpha
996,413,3,3,9,Castle,,2,b700,233768147089847775,poiNode__castle_lvl2_dorne_alpha
1018,413,1,1,1,Ruin,,1,01,17522881336283509828,poiNode__ruin_lvl1_dorne_alpha
1264,413,2,2,4,Tunnel,,2,,15351316214017112016,poiNode__tunnel_lvl2_dorne_alpha
946,414,1,1,1,Ruin,,1,01,17522881336283509828,poiNode__ruin_lvl1_dorne_alpha
1027,414,1,1,1,Ruin,,1,01,17522881336283509828,poiNode__ruin_lvl1_dorne_alpha
1161,414,1,1,1,Ruin,,1,01,17522881336283509828,poiNode__ruin_lvl1_dorne_alpha
1270,414,2,2,4,Tunnel,,2,06,15351316214017112016,poiNode__tunnel_lvl2_dorne_alpha
1681,414,1,2,2,Crossing,,2,03,17576595532914463501,poiNode__crossing_lvl2_alpha
578,416,3,3,9,Castle,,1,9f00,6741636123857038108,poiNode__castle_lvl1_crownlands_alpha
920,416,2,2,4,Tunnel,,2,06,15351316214017112016,poiNode__tunnel_lvl2_dorne_alpha
1046,416,1,1,1,Ruin,,1,01,17522881336283509828,poiNode__ruin_lvl1_dorne_alpha
561,417,5,1,5,Bridge,,1,1f,16551278857259698617,poiNode__bridge_5hex_lvl1_alpha
1475,417,1,2,2,Crossing,,2,03,17576595532914463501,poiNode__crossing_lvl2_alpha
925,418,1,1,1,Ruin,,1,01,17522881336283509828,poiNode__ruin_lvl1_dorne_alpha
909,419,1,2,2,Crossing,,2,03,17576595532914463501,poiNode__crossing_lvl2_alpha
916,419,2,2,4,Tunnel,,2,,15351316214017112016,poiNode__tunnel_lvl2_dorne_alpha
1228,419,2,2,4,Settlement (Town),,2,07,17244005265719231113,poiNode__town_lvl2_wood_dorne_alpha
902,420,1,2,2,Crossing,,2,03,17576595532914463501,poiNode__crossing_lvl2_alpha
962,420,1,1,1,Ruin,,1,01,17522881336283509828,poiNode__ruin_lvl1_dorne_alpha
1035,421,1,1,1,Ruin,,1,01,17522881336283509828,poiNode__ruin_lvl1_dorne_alpha
1136,422,1,1,1,Ruin,,1,01,17522881336283509828,poiNode__ruin_lvl1_dorne_alpha
458,423,2,3,6,Bridge,,1,16,12353644835132525818,poiNode__bridge_3hex_lvl1_alpha
782,423,1,1,1,Ruin,,1,01,4069333285272614884,poiNode__ruin_lvl1_crownlands_alpha
872,423,2,2,4,Tunnel,,1,,816168711756189832,poiNode__tunnel_lvl1_dorne_alpha
1100,424,1,1,1,Ruin,,1,01,17522881336283509828,poiNode__ruin_lvl1_dorne_alpha
1680,424,1,2,2,Crossing,,2,03,17576595532914463501,poiNode__crossing_lvl2_alpha
911,425,1,1,1,Ruin,,1,01,17522881336283509828,poiNode__ruin_lvl1_dorne_alpha
1234,425,1,1,1,Ruin,,1,01,17522881336283509828,poiNode__ruin_lvl1_dorne_alpha
651,426,2,2,4,Crossing,,1,06,186484103584441603,poiNode__crossing_lvl1_alpha
751,426,3,3,9,Castle,,1,9f00,6741636123857038108,poiNode__castle_lvl1_crownlands_alpha
951,426,1,1,1,Ruin,,1,01,17522881336283509828,poiNode__ruin_lvl1_dorne_alpha
1221,426,3,3,9,Castle,,2,9f00,233768147089847775,poiNode__castle_lvl2_dorne_alpha
877,427,1,2,2,Tunnel,,1,03,816168711756189832,poiNode__tunnel_lvl1_dorne_alpha
770,428,1,1,1,Ruin,,1,01,4069333285272614884,poiNode__ruin_lvl1_crownlands_alpha
973,428,1,1,1,Ruin,,1,01,17522881336283509828,poiNode__ruin_lvl1_dorne_alpha
889,429,1,1,1,Ruin,,1,01,17522881336283509828,poiNode__ruin_lvl1_dorne_alpha
1052,429,1,1,1,Ruin,,1,01,17522881336283509828,poiNode__ruin_lvl1_dorne_alpha
961,430,1,1,1,Ruin,,1,01,17522881336283509828,poiNode__ruin_lvl1_dorne_alpha
934,431,2,2,4,Settlement (Town),,2,07,12430922041646588100,poiNode__town_lvl2_stone_dorne_alpha
1063,431,2,2,4,Tunnel,,3,,2210091330947977217,poiNode__tunnel_lvl3_dorne_alpha
1247,431,1,1,1,Ruin,,1,01,17522881336283509828,poiNode__ruin_lvl1_dorne_alpha
647,432,1,2,2,Crossing,,1,03,186484103584441603,poiNode__crossing_lvl1_alpha
797,432,1,1,1,Ruin,,1,01,4069333285272614884,poiNode__ruin_lvl1_crownlands_alpha
980,432,1,1,1,Ruin,,1,01,17522881336283509828,poiNode__ruin_lvl1_dorne_alpha
999,432,1,1,1,Ruin,,1,01,17522881336283509828,poiNode__ruin_lvl1_dorne_alpha
1156,432,1,1,1,Ruin,,1,01,17522881336283509828,poiNode__ruin_lvl1_dorne_alpha
1494,432,1,2,2,Crossing,,2,03,17576595532914463501,poiNode__crossing_lvl2_alpha
1103,433,1,1,1,Ruin,,1,01,17522881336283509828,poiNode__ruin_lvl1_dorne_alpha
1170,433,2,2,4,Settlement (Town),,2,07,17244005265719231113,poiNode__town_lvl2_wood_dorne_alpha
1015,434,2,2,4,Settlement (Town),,2,0b,3286385545442074994,poiNode__town_lvl2_food_dorne_alpha
1276,434,3,3,9,Castle,,2,9f00,233768147089847775,poiNode__castle_lvl2_dorne_alpha
946,435,1,1,1,Ruin,,1,01,17522881336283509828,poiNode__ruin_lvl1_dorne_alpha
1010,437,1,1,1,Ruin,,1,01,17522881336283509828,poiNode__ruin_lvl1_dorne_alpha
1239,437,1,2,2,Tunnel,,2,03,15351316214017112016,poiNode__tunnel_lvl2_dorne_alpha
843,438,1,1,1,Ruin,,1,01,17522881336283509828,poiNode__ruin_lvl1_dorne_alpha
933,438,1,1,1,Ruin,,1,01,17522881336283509828,poiNode__ruin_lvl1_dorne_alpha
957,438,3,3,9,Castle,,2,9f00,233768147089847775,poiNode__castle_lvl2_dorne_alpha
1066,440,2,2,4,Tunnel,,3,,2210091330947977217,poiNode__tunnel_lvl3_dorne_alpha
1288,440,2,2,4,Tunnel,,2,06,15351316214017112016,poiNode__tunnel_lvl2_dorne_alpha
982,441,1,1,1,Ruin,,1,01,17522881336283509828,poiNode__ruin_lvl1_dorne_alpha
681,442,1,1,1,Ruin,,1,01,4069333285272614884,poiNode__ruin_lvl1_crownlands_alpha
1093,442,1,1,1,Ruin,,1,01,17522881336283509828,poiNode__ruin_lvl1_dorne_alpha
1504,442,2,2,4,Crossing,,2,,17576595532914463501,poiNode__crossing_lvl2_alpha
786,445,2,2,4,Settlement (Town),,1,07,10599107479229116960,poiNode__town_lvl1_wood_crownlands_alpha
1242,445,1,2,2,Tunnel,,2,03,15351316214017112016,poiNode__tunnel_lvl2_dorne_alpha
1288,445,2,2,4,Tunnel,,2,06,15351316214017112016,poiNode__tunnel_lvl2_dorne_alpha
960,446,1,1,1,Ruin,,1,01,17522881336283509828,poiNode__ruin_lvl1_dorne_alpha
1018,446,1,1,1,Ruin,,1,01,17522881336283509828,poiNode__ruin_lvl1_dorne_alpha
855,447,2,2,4,Tunnel,,1,,816168711756189832,poiNode__tunnel_lvl1_dorne_alpha
1076,447,1,1,1,Ruin,,1,01,17522881336283509828,poiNode__ruin_lvl1_dorne_alpha
394,448,1,1,1,Ruin,,1,01,4069333285272614884,poiNode__ruin_lvl1_crownlands_alpha
514,448,3,3,9,Castle,,1,9f00,6741636123857038108,poiNode__castle_lvl1_crownlands_alpha
606,448,3,3,9,Castle,,1,9f00,6741636123857038108,poiNode__castle_lvl1_crownlands_alpha
1003,448,1,1,1,Ruin,,1,01,17522881336283509828,poiNode__ruin_lvl1_dorne_alpha
436,449,1,1,1,Ruin,,1,01,4069333285272614884,poiNode__ruin_lvl1_crownlands_alpha
720,449,1,1,1,Ruin,,1,01,4069333285272614884,poiNode__ruin_lvl1_crownlands_alpha
971,449,1,1,1,Ruin,,1,01,17522881336283509828,poiNode__ruin_lvl1_dorne_alpha
1112,449,1,1,1,Ruin,,1,01,17522881336283509828,poiNode__ruin_lvl1_dorne_alpha
1200,449,2,2,4,Tunnel,,2,,15351316214017112016,poiNode__tunnel_lvl2_dorne_alpha
1689,449,2,2,4,Crossing,,2,,17576595532914463501,poiNode__crossing_lvl2_alpha
489,450,2,2,4,Crossing,,1,06,186484103584441603,poiNode__crossing_lvl1_alpha
741,450,1,2,2,Tunnel,,1,03,816168711756189832,poiNode__tunnel_lvl1_dorne_alpha
765,450,1,1,1,Ruin,,1,01,4069333285272614884,poiNode__ruin_lvl1_crownlands_alpha
990,450,1,1,1,Ruin,,1,01,17522881336283509828,poiNode__ruin_lvl1_dorne_alpha
1204,450,2,2,4,Tunnel,,2,06,15351316214017112016,poiNode__tunnel_lvl2_dorne_alpha
903,451,1,1,1,Ruin,,1,01,17522881336283509828,poiNode__ruin_lvl1_dorne_alpha
1767,451,1,1,1,Ruin,,1,01,4069333285272614884,poiNode__ruin_lvl1_crownlands_alpha
508,452,2,2,4,Settlement (Town),,1,0b,17988470253685371955,poiNode__town_lvl1_stone_crownlands_alpha
745,452,2,1,2,Tunnel,,1,03,816168711756189832,poiNode__tunnel_lvl1_dorne_alpha
860,452,2,1,2,Tunnel,,1,03,816168711756189832,poiNode__tunnel_lvl1_dorne_alpha
982,452,1,1,1,Ruin,,1,01,17522881336283509828,poiNode__ruin_lvl1_dorne_alpha
1740,452,1,1,1,Ruin,,1,01,4069333285272614884,poiNode__ruin_lvl1_crownlands_alpha
822,453,1,1,1,Ruin,,1,01,17522881336283509828,poiNode__ruin_lvl1_dorne_alpha
941,453,1,1,1,Ruin,,1,01,17522881336283509828,poiNode__ruin_lvl1_dorne_alpha
1780,453,1,1,1,Ruin,,1,01,4069333285272614884,poiNode__ruin_lvl1_crownlands_alpha
1024,454,1,1,1,Ruin,,1,01,17522881336283509828,poiNode__ruin_lvl1_dorne_alpha
1175,454,1,1,1,Ruin,,1,01,17522881336283509828,poiNode__ruin_lvl1_dorne_alpha
1304,454,1,1,1,Ruin,,1,01,17522881336283509828,poiNode__ruin_lvl1_dorne_alpha
805,455,2,2,4,Settlement (Town),,1,07,6139457019936636663,poiNode__town_lvl1_food_dorne_alpha
488,456,1,2,2,Crossing,,1,03,186484103584441603,poiNode__crossing_lvl1_alpha
962,456,2,2,4,Settlement (Town),,2,0b,12430922041646588100,poiNode__town_lvl2_stone_dorne_alpha
1103,456,1,1,1,Ruin,,1,01,17522881336283509828,poiNode__ruin_lvl1_dorne_alpha
1713,456,2,2,4,Harbor/Dock,,2,07,16078488310347410484,poiNode__harbor_lvl2_alpha
930,457,1,1,1,Ruin,,1,01,17522881336283509828,poiNode__ruin_lvl1_dorne_alpha
852,458,3,3,9,Castle,,1,9f00,15953943652019753607,poiNode__castle_lvl1_dorne_alpha
1258,458,1,1,1,Ruin,,1,01,17522881336283509828,poiNode__ruin_lvl1_dorne_alpha
548,459,2,4,8,Bridge,,1,a5,4164891203475574860,poiNode__bridge_4hex_lvl1_alpha
1048,459,1,1,1,Ruin,,1,01,17522881336283509828,poiNode__ruin_lvl1_dorne_alpha
1167,459,3,3,9,Castle,,2,b700,233768147089847775,poiNode__castle_lvl2_dorne_alpha
1693,459,1,2,2,Crossing,,2,03,17576595532914463501,poiNode__crossing_lvl2_alpha
720,460,2,2,4,Settlement (Town),,1,0b,10599107479229116960,poiNode__town_lvl1_wood_crownlands_alpha
1062,460,1,1,1,Ruin,,1,01,17522881336283509828,poiNode__ruin_lvl1_dorne_alpha
1086,460,1,1,1,Ruin,,1,01,17522881336283509828,poiNode__ruin_lvl1_dorne_alpha
1752,460,1,1,1,Ruin,,1,01,4069333285272614884,poiNode__ruin_lvl1_crownlands_alpha
1702,461,2,2,4,Crossing,,2,06,17576595532914463501,poiNode__crossing_lvl2_alpha
800,462,1,1,1,Ruin,,1,01,17522881336283509828,poiNode__ruin_lvl1_dorne_alpha
843,462,1,2,2,Tunnel,,1,03,816168711756189832,poiNode__tunnel_lvl1_dorne_alpha
972,462,1,1,1,Ruin,,1,01,17522881336283509828,poiNode__ruin_lvl1_dorne_alpha
1251,462,2,2,4,Settlement (Town),,2,0b,4572143029366277926,poiNode__town_lvl2_iron_dorne_alpha
676,463,1,1,1,Ruin,,1,01,4069333285272614884,poiNode__ruin_lvl1_crownlands_alpha
763,463,1,1,1,Ruin,,1,01,4069333285272614884,poiNode__ruin_lvl1_crownlands_alpha
983,463,1,1,1,Ruin,,1,01,17522881336283509828,poiNode__ruin_lvl1_dorne_alpha
427,464,2,4,8,Bridge,,1,Z,4164891203475574860,poiNode__bridge_4hex_lvl1_alpha
999,464,2,2,4,Settlement (Town),,3,0b,431345790414121969,poiNode__town_lvl3_food_dorne_alpha
1093,464,3,2,6,Dragon Sanctum,,3,1e,11655878422630557954,poiNode__dragonsanctum_lv03_dorne_alpha
1186,464,1,1,1,Ruin,,1,01,17522881336283509828,poiNode__ruin_lvl1_dorne_alpha
1514,464,1,2,2,Crossing,,2,03,17576595532914463501,poiNode__crossing_lvl2_alpha
593,465,1,1,1,Ruin,,1,01,4069333285272614884,poiNode__ruin_lvl1_crownlands_alpha
618,465,4,3,12,Seat of Power,Honeyholt,,fe0e,8703162900603544732,poiNode__sop_Honeyholt_alpha
1309,465,2,2,4,Tunnel,,2,,15351316214017112016,poiNode__tunnel_lvl2_dorne_alpha
1745,465,1,1,1,Ruin,,1,01,4069333285272614884,poiNode__ruin_lvl1_crownlands_alpha
1797,465,1,1,1,Ruin,,1,01,4069333285272614884,poiNode__ruin_lvl1_crownlands_alpha
668,466,1,1,1,Ruin,,1,01,4069333285272614884,poiNode__ruin_lvl1_crownlands_alpha
1164,466,1,1,1,Ruin,,1,01,17522881336283509828,poiNode__ruin_lvl1_dorne_alpha
389,467,1,1,1,Ruin,,1,01,4069333285272614884,poiNode__ruin_lvl1_crownlands_alpha
1070,467,1,1,1,Ruin,,1,01,17522881336283509828,poiNode__ruin_lvl1_dorne_alpha
1199,467,1,1,1,Ruin,,1,01,17522881336283509828,poiNode__ruin_lvl1_dorne_alpha
1302,467,1,1,1,Ruin,,1,01,17522881336283509828,poiNode__ruin_lvl1_dorne_alpha
1347,467,1,1,1,Ruin,,1,01,17522881336283509828,poiNode__ruin_lvl1_dorne_alpha
1759,467,3,3,9,Castle,,2,b700,2677169842261652633,poiNode__castle_lvl2_crownlands_alpha
689,468,3,3,9,Castle,,1,9f00,6741636123857038108,poiNode__castle_lvl1_crownlands_alpha
741,468,1,1,1,Ruin,,1,01,4069333285272614884,poiNode__ruin_lvl1_crownlands_alpha
1012,468,1,1,1,Ruin,,1,01,17522881336283509828,poiNode__ruin_lvl1_dorne_alpha
1313,468,2,2,4,Tunnel,,2,06,15351316214017112016,poiNode__tunnel_lvl2_dorne_alpha
487,469,2,2,4,Settlement (Town),,1,07,17988470253685371955,poiNode__town_lvl1_stone_crownlands_alpha
933,469,1,1,1,Ruin,,1,01,17522881336283509828,poiNode__ruin_lvl1_dorne_alpha
1019,469,2,2,4,Settlement (Town),,3,07,14350975191467345930,poiNode__town_lvl3_wood_dorne_alpha
1051,469,1,1,1,Ruin,,1,01,17522881336283509828,poiNode__ruin_lvl1_dorne_alpha
1080,469,1,1,1,Ruin,,1,01,17522881336283509828,poiNode__ruin_lvl1_dorne_alpha
561,470,2,2,4,Settlement (Town),,1,0b,2800008357386502363,poiNode__town_lvl1_iron_crownlands_alpha
974,472,1,1,1,Ruin,,1,01,17522881336283509828,poiNode__ruin_lvl1_dorne_alpha
1064,472,1,1,1,Ruin,,1,01,17522881336283509828,poiNode__ruin_lvl1_dorne_alpha
1284,472,2,2,4,Tunnel,,2,06,15351316214017112016,poiNode__tunnel_lvl2_dorne_alpha
1337,472,1,1,1,Ruin,,1,01,17522881336283509828,poiNode__ruin_lvl1_dorne_alpha
1280,473,2,2,4,Tunnel,,2,,15351316214017112016,poiNode__tunnel_lvl2_dorne_alpha
843,474,2,2,4,Tunnel,,1,,816168711756189832,poiNode__tunnel_lvl1_dorne_alpha
1112,474,1,1,1,Ruin,,1,01,17522881336283509828,poiNode__ruin_lvl1_dorne_alpha
1356,474,1,1,1,Ruin,,1,01,17522881336283509828,poiNode__ruin_lvl1_dorne_alpha
1521,474,2,2,4,Crossing,,2,,17576595532914463501,poiNode__crossing_lvl2_alpha
1771,474,1,1,1,Ruin,,1,01,4069333285272614884,poiNode__ruin_lvl1_crownlands_alpha
1802,474,2,2,4,Settlement (Town),,2,0b,934088675522857109,poiNode__town_lvl2_iron_crownlands_alpha
516,475,1,1,1,Ruin,,1,01,4069333285272614884,poiNode__ruin_lvl1_crownlands_alpha
1042,475,1,1,1,Ruin,,1,01,17522881336283509828,poiNode__ruin_lvl1_dorne_alpha
648,476,1,1,1,Ruin,,1,01,4069333285272614884,poiNode__ruin_lvl1_crownlands_alpha
1168,476,1,1,1,Ruin,,1,01,17522881336283509828,poiNode__ruin_lvl1_dorne_alpha
1811,476,3,3,9,Castle,,2,9f00,2677169842261652633,poiNode__castle_lvl2_crownlands_alpha
1829,476,2,2,4,Harbor/Dock,,2,,16078488310347410484,poiNode__harbor_lvl2_alpha
1851,476,2,2,4,Crossing,,2,,17576595532914463501,poiNode__crossing_lvl2_alpha
434,477,2,2,4,Settlement (Town),,1,07,10599107479229116960,poiNode__town_lvl1_wood_crownlands_alpha
1344,477,1,1,1,Ruin,,1,01,17522881336283509828,poiNode__ruin_lvl1_dorne_alpha
582,478,1,1,1,Ruin,,1,01,4069333285272614884,poiNode__ruin_lvl1_crownlands_alpha
859,478,1,2,2,Tunnel,,1,03,816168711756189832,poiNode__tunnel_lvl1_dorne_alpha
1018,478,1,1,1,Ruin,,1,01,17522881336283509828,poiNode__ruin_lvl1_dorne_alpha
1257,478,1,1,1,Ruin,,1,01,17522881336283509828,poiNode__ruin_lvl1_dorne_alpha
549,479,3,3,9,Castle,,1,b700,6741636123857038108,poiNode__castle_lvl1_crownlands_alpha
914,479,2,2,4,Crossing,,2,,17576595532914463501,poiNode__crossing_lvl2_alpha
1070,479,3,3,9,Castle,,3,b700,14456418997839286798,poiNode__castle_lvl3_dorne_alpha
1550,479,1,2,2,Crossing,,2,03,17576595532914463501,poiNode__crossing_lvl2_alpha
487,480,3,3,9,Castle,,1,9f00,6741636123857038108,poiNode__castle_lvl1_crownlands_alpha
920,480,2,2,4,Crossing,,2,,17576595532914463501,poiNode__crossing_lvl2_alpha
940,480,1,1,1,Ruin,,1,01,17522881336283509828,poiNode__ruin_lvl1_dorne_alpha
1308,480,1,1,1,Ruin,,1,01,17522881336283509828,poiNode__ruin_lvl1_dorne_alpha
1541,480,1,2,2,Crossing,,2,03,17576595532914463501,poiNode__crossing_lvl2_alpha
1735,480,2,3,6,Bridge,,2,1a,6488258009797769972,poiNode__bridge_3hex_lvl2_alpha
925,481,1,1,1,Ruin,,1,01,17522881336283509828,poiNode__ruin_lvl1_dorne_alpha
1175,481,3,5,15,Bridge,,3,a414,4908333263510868557,poiNode__bridge_5hex_lvl3_alpha
1726,481,1,1,1,Ruin,,1,01,4069333285272614884,poiNode__ruin_lvl1_crownlands_alpha
455,483,1,1,1,Ruin,,1,01,4069333285272614884,poiNode__ruin_lvl1_crownlands_alpha
608,483,1,1,1,Ruin,,1,01,4069333285272614884,poiNode__ruin_lvl1_crownlands_alpha
982,483,1,1,1,Ruin,,1,01,17522881336283509828,poiNode__ruin_lvl1_dorne_alpha
1136,483,1,1,1,Ruin,,1,01,17522881336283509828,poiNode__ruin_lvl1_dorne_alpha
1353,484,2,2,4,Tunnel,,2,06,15351316214017112016,poiNode__tunnel_lvl2_dorne_alpha
1564,484,1,2,2,Crossing,,2,03,17576595532914463501,poiNode__crossing_lvl2_alpha
1004,485,1,1,1,Ruin,,1,01,17522881336283509828,poiNode__ruin_lvl1_dorne_alpha
1042,485,1,1,1,Ruin,,1,01,17522881336283509828,poiNode__ruin_lvl1_dorne_alpha
1780,485,1,1,1,Ruin,,1,01,4069333285272614884,poiNode__ruin_lvl1_crownlands_alpha
863,486,2,2,4,Tunnel,,1,,816168711756189832,poiNode__tunnel_lvl1_dorne_alpha
1302,486,1,1,1,Ruin,,1,01,17522881336283509828,poiNode__ruin_lvl1_dorne_alpha
1711,486,1,1,1,Ruin,,1,01,4069333285272614884,poiNode__ruin_lvl1_crownlands_alpha
1761,486,4,3,12,Seat of Power,Mistwood,,f707,3033938573812140150,poiNode__sop_Mistwood_alpha
1284,487,2,2,4,Settlement (Town),,2,07,17244005265719231113,poiNode__town_lvl2_wood_dorne_alpha
1702,487,1,1,1,Ruin,,1,01,4069333285272614884,poiNode__ruin_lvl1_crownlands_alpha
933,488,1,1,1,Ruin,,1,01,17522881336283509828,poiNode__ruin_lvl1_dorne_alpha
1803,488,1,1,1,Ruin,,1,01,4069333285272614884,poiNode__ruin_lvl1_crownlands_alpha
383,489,1,1,1,Ruin,,1,01,4069333285272614884,poiNode__ruin_lvl1_crownlands_alpha
855,489,1,1,1,Ruin,,1,01,17522881336283509828,poiNode__ruin_lvl1_dorne_alpha
1017,489,1,1,1,Ruin,,1,01,17522881336283509828,poiNode__ruin_lvl1_dorne_alpha
1106,489,1,1,1,Ruin,,1,01,17522881336283509828,poiNode__ruin_lvl1_dorne_alpha
412,490,1,1,1,Ruin,,1,01,4069333285272614884,poiNode__ruin_lvl1_crownlands_alpha
558,490,1,1,1,Ruin,,1,01,4069333285272614884,poiNode__ruin_lvl1_crownlands_alpha
1101,490,2,2,4,Tunnel,,3,06,2210091330947977217,poiNode__tunnel_lvl3_dorne_alpha
1229,490,2,2,4,Crossing,,3,06,11761877450986962679,poiNode__crossing_lvl3_alpha
442,491,1,1,1,Ruin,,1,01,4069333285272614884,poiNode__ruin_lvl1_crownlands_alpha
1174,491,1,1,1,Ruin,,1,01,17522881336283509828,poiNode__ruin_lvl1_dorne_alpha
1349,491,4,4,16,Seat of Power,Wyl,,e667,6662044895061958001,poiNode__sop_Wyl_alpha
534,492,1,1,1,Ruin,,1,01,4069333285272614884,poiNode__ruin_lvl1_crownlands_alpha
1038,492,3,2,6,Dragon Sanctum,,1,1e,12986605537241065867,poiNode__dragonsanctum_lv01_dorne_alpha
1128,492,1,1,1,Ruin,,1,01,17522881336283509828,poiNode__ruin_lvl1_dorne_alpha
452,493,1,1,1,Ruin,,1,01,4069333285272614884,poiNode__ruin_lvl1_crownlands_alpha
565,493,2,2,4,Crossing,,1,,186484103584441603,poiNode__crossing_lvl1_alpha
798,493,3,3,9,Castle,,1,b700,15953943652019753607,poiNode__castle_lvl1_dorne_alpha
1012,493,2,2,4,Settlement (Town),,3,07,431345790414121969,poiNode__town_lvl3_food_dorne_alpha
1080,493,1,1,1,Ruin,,1,01,17522881336283509828,poiNode__ruin_lvl1_dorne_alpha
1120,493,2,2,4,Dragon Sanctum,,2,0f,7665400565026049747,poiNode__dragonsanctum_lv02_dorne_alpha
590,494,2,2,4,Crossing,,1,06,186484103584441603,poiNode__crossing_lvl1_alpha
693,494,2,2,4,Settlement (Town),,1,0b,2800008357386502363,poiNode__town_lvl1_iron_crownlands_alpha
900,494,2,2,4,Settlement (Town),,1,0b,17478731388639675676,poiNode__town_lvl1_stone_dorne_alpha
1002,495,1,1,1,Ruin,,1,01,17522881336283509828,poiNode__ruin_lvl1_dorne_alpha
1027,495,1,1,1,Ruin,,1,01,17522881336283509828,poiNode__ruin_lvl1_dorne_alpha
1343,495,2,1,2,Tunnel,,2,03,15351316214017112016,poiNode__tunnel_lvl2_dorne_alpha
1731,495,1,1,1,Ruin,,1,01,4069333285272614884,poiNode__ruin_lvl1_crownlands_alpha
1789,495,1,1,1,Ruin,,1,01,4069333285272614884,poiNode__ruin_lvl1_crownlands_alpha
1097,496,1,2,2,Tunnel,,3,03,2210091330947977217,poiNode__tunnel_lvl3_dorne_alpha
1679,496,1,1,1,Ruin,,1,01,4069333285272614884,poiNode__ruin_lvl1_crownlands_alpha
1057,497,1,1,1,Ruin,,1,01,17522881336283509828,poiNode__ruin_lvl1_dorne_alpha
1225,497,2,2,4,Crossing,,3,06,11761877450986962679,poiNode__crossing_lvl3_alpha
468,498,1,1,1,Ruin,,1,01,4069333285272614884,poiNode__ruin_lvl1_crownlands_alpha
636,498,3,3,9,Castle,,1,9f00,6741636123857038108,poiNode__castle_lvl1_crownlands_alpha
835,498,1,1,1,Ruin,,1,01,17522881336283509828,poiNode__ruin_lvl1_dorne_alpha
1568,498,2,2,4,Harbor/Dock,,2,0b,16078488310347410484,poiNode__harbor_lvl2_alpha
1604,498,1,1,1,Ruin,,1,01,4069333285272614884,poiNode__ruin_lvl1_crownlands_alpha
550,499,1,1,1,Ruin,,1,01,4069333285272614884,poiNode__ruin_lvl1_crownlands_alpha
654,499,1,1,1,Ruin,,1,01,4069333285272614884,poiNode__ruin_lvl1_crownlands_alpha
926,499,1,1,1,Ruin,,1,01,17522881336283509828,poiNode__ruin_lvl1_dorne_alpha
1067,499,1,1,1,Ruin,,1,01,17522881336283509828,poiNode__ruin_lvl1_dorne_alpha
1139,499,1,1,1,Ruin,,1,01,17522881336283509828,poiNode__ruin_lvl1_dorne_alpha
1658,499,1,1,1,Ruin,,1,01,4069333285272614884,poiNode__ruin_lvl1_crownlands_alpha
570,500,2,2,4,Crossing,,1,,186484103584441603,poiNode__crossing_lvl1_alpha
1115,500,1,1,1,Ruin,,1,01,17522881336283509828,poiNode__ruin_lvl1_dorne_alpha
1132,500,3,3,9,Castle,,3,9f00,14456418997839286798,poiNode__castle_lvl3_dorne_alpha
1186,500,2,2,4,Settlement (Town),,3,0b,14350975191467345930,poiNode__town_lvl3_wood_dorne_alpha
1645,500,1,1,1,Ruin,,1,01,4069333285272614884,poiNode__ruin_lvl1_crownlands_alpha
1771,500,1,1,1,Ruin,,1,01,4069333285272614884,poiNode__ruin_lvl1_crownlands_alpha
1882,500,2,4,8,Bridge,,2,a5,14462941546211862082,poiNode__bridge_4hex_lvl2_alpha
846,501,2,2,4,Settlement (Town),,1,07,10945769033114148108,poiNode__town_lvl1_wood_dorne_alpha
1010,501,1,1,1,Ruin,,1,01,17522881336283509828,poiNode__ruin_lvl1_dorne_alpha
410,502,2,2,4,Settlement (Town),,1,0b,17988470253685371955,poiNode__town_lvl1_stone_crownlands_alpha
1025,502,3,3,9,Castle,,3,9f00,14456418997839286798,poiNode__castle_lvl3_dorne_alpha
1156,502,1,1,1,Ruin,,1,01,17522881336283509828,poiNode__ruin_lvl1_dorne_alpha
1181,502,1,1,1,Ruin,,1,01,17522881336283509828,poiNode__ruin_lvl1_dorne_alpha
588,503,2,2,4,Crossing,,1,06,186484103584441603,poiNode__crossing_lvl1_alpha
1198,503,1,1,1,Ruin,,1,01,17522881336283509828,poiNode__ruin_lvl1_dorne_alpha
1687,503,1,1,1,Ruin,,1,01,4069333285272614884,poiNode__ruin_lvl1_crownlands_alpha
1797,503,2,2,4,Tunnel,,2,,1315898000168475582,poiNode__tunnel_lvl2_crownlands_alpha
1058,504,2,2,4,Settlement (Town),,3,0b,14350975191467345930,poiNode__town_lvl3_wood_dorne_alpha
1271,504,1,1,1,Ruin,,1,01,4069333285272614884,poiNode__ruin_lvl1_crownlands_alpha
929,505,1,2,2,Tunnel,,2,03,15351316214017112016,poiNode__tunnel_lvl2_dorne_alpha
1105,505,1,1,1,Ruin,,1,01,17522881336283509828,poiNode__ruin_lvl1_dorne_alpha
1651,505,2,2,4,Settlement (Town),,2,07,6299085069917208579,poiNode__town_lvl2_stone_crownlands_alpha
1148,506,1,1,1,Ruin,,1,01,17522881336283509828,poiNode__ruin_lvl1_dorne_alpha
479,507,1,1,1,Ruin,,1,01,4069333285272614884,poiNode__ruin_lvl1_crownlands_alpha
909,507,1,1,1,Ruin,,1,01,17522881336283509828,poiNode__ruin_lvl1_dorne_alpha
1125,507,2,2,4,Settlement (Town),,3,07,1663067788791778725,poiNode__town_lvl3_iron_dorne_alpha
1312,507,1,2,2,Crossing,,3,03,11761877450986962679,poiNode__crossing_lvl3_alpha
1615,507,2,2,4,Settlement (Town),,2,07,6299085069917208579,poiNode__town_lvl2_stone_crownlands_alpha
1764,507,1,1,1,Ruin,,1,01,4069333285272614884,poiNode__ruin_lvl1_crownlands_alpha
1778,507,1,1,1,Ruin,,1,01,4069333285272614884,poiNode__ruin_lvl1_crownlands_alpha
891,508,1,2,2,Tunnel,,1,03,816168711756189832,poiNode__tunnel_lvl1_dorne_alpha
975,508,3,3,9,Castle,,2,9f00,233768147089847775,poiNode__castle_lvl2_dorne_alpha
1047,508,1,1,1,Ruin,,1,01,17522881336283509828,poiNode__ruin_lvl1_dorne_alpha
1451,508,3,2,6,Dragon Sanctum,,1,1e,10375726052514243646,poiNode__dragonsanctum_lv01_crownlands_alpha
1463,508,1,1,1,Ruin,,1,01,4069333285272614884,poiNode__ruin_lvl1_crownlands_alpha
1680,508,1,1,1,Ruin,,1,01,4069333285272614884,poiNode__ruin_lvl1_crownlands_alpha
1798,509,1,2,2,Tunnel,,2,03,1315898000168475582,poiNode__tunnel_lvl2_crownlands_alpha
427,510,3,3,9,Castle,,1,9f00,6741636123857038108,poiNode__castle_lvl1_crownlands_alpha
485,510,3,4,12,Bridge,,1,9108,4164891203475574860,poiNode__bridge_4hex_lvl1_alpha
1028,510,1,1,1,Ruin,,1,01,17522881336283509828,poiNode__ruin_lvl1_dorne_alpha
1090,510,1,1,1,Ruin,,1,01,17522881336283509828,poiNode__ruin_lvl1_dorne_alpha
1115,510,1,1,1,Ruin,,1,01,17522881336283509828,poiNode__ruin_lvl1_dorne_alpha
1159,510,2,2,4,Settlement (Town),,3,0b,14350975191467345930,poiNode__town_lvl3_wood_dorne_alpha
1180,510,3,3,9,Castle,,3,9f00,14456418997839286798,poiNode__castle_lvl3_dorne_alpha
1253,510,1,1,1,Ruin,,1,01,4069333285272614884,poiNode__ruin_lvl1_crownlands_alpha
1588,511,3,4,12,Bridge,,2,9402,14462941546211862082,poiNode__bridge_4hex_lvl2_alpha
1736,511,1,1,1,Ruin,,1,01,4069333285272614884,poiNode__ruin_lvl1_crownlands_alpha
882,512,1,1,1,Ruin,,1,01,17522881336283509828,poiNode__ruin_lvl1_dorne_alpha
934,512,2,2,4,Tunnel,,2,,15351316214017112016,poiNode__tunnel_lvl2_dorne_alpha
1310,512,1,2,2,Crossing,,3,03,11761877450986962679,poiNode__crossing_lvl3_alpha
815,513,1,1,1,Ruin,,1,01,17522881336283509828,poiNode__ruin_lvl1_dorne_alpha
1069,513,1,1,1,Ruin,,1,01,17522881336283509828,poiNode__ruin_lvl1_dorne_alpha
1481,513,1,1,1,Ruin,,1,01,4069333285272614884,poiNode__ruin_lvl1_crownlands_alpha
1643,513,3,3,9,Castle,,2,b700,2677169842261652633,poiNode__castle_lvl2_crownlands_alpha
456,514,1,1,1,Ruin,,1,01,4069333285272614884,poiNode__ruin_lvl1_crownlands_alpha
573,514,3,3,9,Castle,,1,9f00,6741636123857038108,poiNode__castle_lvl1_crownlands_alpha
852,514,1,1,1,Ruin,,1,01,17522881336283509828,poiNode__ruin_lvl1_dorne_alpha
1128,514,1,1,1,Ruin,,1,01,17522881336283509828,poiNode__ruin_lvl1_dorne_alpha
1169,514,1,1,1,Ruin,,1,01,17522881336283509828,poiNode__ruin_lvl1_dorne_alpha
1226,514,1,1,1,Ruin,,1,01,4069333285272614884,poiNode__ruin_lvl1_crownlands_alpha
1270,514,1,1,1,Ruin,,1,01,4069333285272614884,poiNode__ruin_lvl1_crownlands_alpha
432,515,1,1,1,Ruin,,1,01,4069333285272614884,poiNode__ruin_lvl1_crownlands_alpha
768,515,4,4,16,Seat of Power,Horn Hill,,vn,3146588255622736783,poiNode__sop_HornHill_alpha
1215,515,1,1,1,Ruin,,1,01,4069333285272614884,poiNode__ruin_lvl1_crownlands_alpha
1762,515,2,4,8,Bridge,,2,Z,14462941546211862082,poiNode__bridge_4hex_lvl2_alpha
478,516,2,2,4,Settlement (Town),,1,0b,10599107479229116960,poiNode__town_lvl1_wood_crownlands_alpha
668,517,2,2,4,Crossing,,1,,186484103584441603,poiNode__crossing_lvl1_alpha
1082,518,3,2,6,Dragon Sanctum,,1,1e,12986605537241065867,poiNode__dragonsanctum_lv01_dorne_alpha
1160,518,1,1,1,Ruin,,1,01,17522881336283509828,poiNode__ruin_lvl1_dorne_alpha
1200,518,1,1,1,Ruin,,1,01,4069333285272614884,poiNode__ruin_lvl1_crownlands_alpha
1452,518,1,1,1,Ruin,,1,01,4069333285272614884,poiNode__ruin_lvl1_crownlands_alpha
1707,518,1,1,1,Ruin,,1,01,4069333285272614884,poiNode__ruin_lvl1_crownlands_alpha
631,519,3,5,15,Bridge,,1,a414,16551278857259698617,poiNode__bridge_5hex_lvl1_alpha
892,519,1,2,2,Tunnel,,1,03,816168711756189832,poiNode__tunnel_lvl1_dorne_alpha
1595,519,1,1,1,Ruin,,1,01,4069333285272614884,poiNode__ruin_lvl1_crownlands_alpha
1752,519,1,1,1,Ruin,,1,01,4069333285272614884,poiNode__ruin_lvl1_crownlands_alpha
1773,519,1,1,1,Ruin,,1,01,4069333285272614884,poiNode__ruin_lvl1_crownlands_alpha
419,520,1,1,1,Ruin,,1,01,4069333285272614884,poiNode__ruin_lvl1_crownlands_alpha
918,520,3,3,9,Castle,,2,9f00,233768147089847775,poiNode__castle_lvl2_dorne_alpha
998,520,1,1,1,Ruin,,1,01,17522881336283509828,poiNode__ruin_lvl1_dorne_alpha
1018,520,1,1,1,Ruin,,1,01,17522881336283509828,poiNode__ruin_lvl1_dorne_alpha
1092,520,1,1,1,Ruin,,1,01,17522881336283509828,poiNode__ruin_lvl1_dorne_alpha
1236,520,2,2,4,Settlement (Town),,3,0b,1518391056412782767,poiNode__town_lvl3_iron_crownlands_alpha
445,521,1,1,1,Ruin,,1,01,4069333285272614884,poiNode__ruin_lvl1_crownlands_alpha
755,521,1,1,1,Ruin,,1,01,17522881336283509828,poiNode__ruin_lvl1_dorne_alpha
1187,521,1,2,2,Tunnel,,3,03,4189727306727788861,poiNode__tunnel_lvl3_crownlands_alpha
1396,521,1,1,1,Ruin,,1,01,4069333285272614884,poiNode__ruin_lvl1_crownlands_alpha
1792,521,2,2,4,Settlement (Town),,2,07,934088675522857109,poiNode__town_lvl2_iron_crownlands_alpha
1820,521,1,1,1,Ruin,,1,01,4069333285272614884,poiNode__ruin_lvl1_crownlands_alpha
1422,522,1,1,1,Ruin,,1,01,4069333285272614884,poiNode__ruin_lvl1_crownlands_alpha
520,523,1,1,1,Ruin,,1,01,4069333285272614884,poiNode__ruin_lvl1_crownlands_alpha
749,523,3,3,9,Castle,,1,b700,15953943652019753607,poiNode__castle_lvl1_dorne_alpha
1725,523,1,1,1,Ruin,,1,01,4069333285272614884,poiNode__ruin_lvl1_crownlands_alpha
1761,523,1,1,1,Ruin,,1,01,4069333285272614884,poiNode__ruin_lvl1_crownlands_alpha
672,524,2,2,4,Crossing,,1,,186484103584441603,poiNode__crossing_lvl1_alpha
911,524,1,1,1,Ruin,,1,01,17522881336283509828,poiNode__ruin_lvl1_dorne_alpha
1030,524,1,1,1,Ruin,,1,01,17522881336283509828,poiNode__ruin_lvl1_dorne_alpha
1150,524,1,1,1,Ruin,,1,01,17522881336283509828,poiNode__ruin_lvl1_dorne_alpha
1334,524,1,1,1,Ruin,,1,01,4069333285272614884,poiNode__ruin_lvl1_crownlands_alpha
1479,524,1,1,1,Ruin,,1,01,4069333285272614884,poiNode__ruin_lvl1_crownlands_alpha
801,525,1,1,1,Ruin,,1,01,17522881336283509828,poiNode__ruin_lvl1_dorne_alpha
945,525,2,2,4,Dragon Sanctum,,1,0f,12986605537241065867,poiNode__dragonsanctum_lv01_dorne_alpha
1069,525,1,1,1,Ruin,,1,01,17522881336283509828,poiNode__ruin_lvl1_dorne_alpha
1183,525,2,2,4,Tunnel,,3,,4189727306727788861,poiNode__tunnel_lvl3_crownlands_alpha
1655,525,1,1,1,Ruin,,1,01,4069333285272614884,poiNode__ruin_lvl1_crownlands_alpha
957,526,1,1,1,Ruin,,1,01,17522881336283509828,poiNode__ruin_lvl1_dorne_alpha
1120,526,1,1,1,Ruin,,1,01,17522881336283509828,poiNode__ruin_lvl1_dorne_alpha
1179,526,1,1,1,Ruin,,1,01,17522881336283509828,poiNode__ruin_lvl1_dorne_alpha
1277,526,4,3,12,Seat of Power,Blackhaven,,f707,68262869586971976,poiNode__sop_Blackhaven_alpha
1431,526,3,3,9,Castle,,3,9f00,954995402910154266,poiNode__castle_lvl3_crownlands_alpha
1635,526,1,1,1,Ruin,,1,01,4069333285272614884,poiNode__ruin_lvl1_crownlands_alpha
647,527,2,2,4,Settlement (Town),,1,07,10599107479229116960,poiNode__town_lvl1_wood_crownlands_alpha
1110,527,1,1,1,Ruin,,1,01,17522881336283509828,poiNode__ruin_lvl1_dorne_alpha
1168,527,1,1,1,Ruin,,1,01,17522881336283509828,poiNode__ruin_lvl1_dorne_alpha
1262,527,1,1,1,Ruin,,1,01,4069333285272614884,poiNode__ruin_lvl1_crownlands_alpha
1312,527,1,1,1,Ruin,,1,01,4069333285272614884,poiNode__ruin_lvl1_crownlands_alpha
1487,527,1,1,1,Ruin,,1,01,4069333285272614884,poiNode__ruin_lvl1_crownlands_alpha
480,528,4,1,4,Bridge,,1,0f,4164891203475574860,poiNode__bridge_4hex_lvl1_alpha
893,528,1,2,2,Tunnel,,2,03,15351316214017112016,poiNode__tunnel_lvl2_dorne_alpha
1075,528,2,2,4,Settlement (Town),,3,0b,1663067788791778725,poiNode__town_lvl3_iron_dorne_alpha
1674,528,2,2,4,Settlement (Town),,2,0b,6299085069917208579,poiNode__town_lvl2_stone_crownlands_alpha
1710,528,3,3,9,Castle,,2,9f00,2677169842261652633,poiNode__castle_lvl2_crownlands_alpha
978,529,4,3,12,Seat of Power,Nightsong,,fe0e,5113295020745316716,poiNode__sop_Nightsong_alpha
1000,529,1,1,1,Ruin,,1,01,17522881336283509828,poiNode__ruin_lvl1_dorne_alpha
1389,529,1,1,1,Ruin,,1,01,4069333285272614884,poiNode__ruin_lvl1_crownlands_alpha
1174,530,2,2,4,Tunnel,,3,06,4189727306727788861,poiNode__tunnel_lvl3_crownlands_alpha
1411,530,2,2,4,Settlement (Town),,3,0b,1518391056412782767,poiNode__town_lvl3_iron_crownlands_alpha
1469,530,2,2,4,Settlement (Town),,3,0b,8803219746350610787,poiNode__town_lvl3_food_crownlands_alpha
1578,530,1,1,1,Ruin,,1,01,4069333285272614884,poiNode__ruin_lvl1_crownlands_alpha
1257,531,3,3,9,Castle,,3,b700,954995402910154266,poiNode__castle_lvl3_crownlands_alpha
1341,531,1,1,1,Ruin,,1,01,4069333285272614884,poiNode__ruin_lvl1_crownlands_alpha
1828,531,2,2,4,Settlement (Town),,2,07,13347178834781780590,poiNode__town_lvl2_wood_crownlands_alpha
900,532,2,2,4,Tunnel,,2,06,15351316214017112016,poiNode__tunnel_lvl2_dorne_alpha
917,532,1,1,1,Ruin,,1,01,17522881336283509828,poiNode__ruin_lvl1_dorne_alpha
1088,532,1,1,1,Ruin,,1,01,17522881336283509828,poiNode__ruin_lvl1_dorne_alpha
1095,532,3,3,9,Castle,,3,9f00,14456418997839286798,poiNode__castle_lvl3_dorne_alpha
1599,532,1,1,1,Ruin,,1,01,4069333285272614884,poiNode__ruin_lvl1_crownlands_alpha
1632,532,3,2,6,Dragon Sanctum,,4,1e,433908501532394673,poiNode__dragonsanctum_lv04_crownlands_alpha
1726,532,2,2,4,Settlement (Town),,2,0b,6299085069917208579,poiNode__town_lvl2_stone_crownlands_alpha
1746,532,3,2,6,Dragon Sanctum,,1,1e,10375726052514243646,poiNode__dragonsanctum_lv01_crownlands_alpha
1776,532,3,3,9,Castle,,2,9f00,2677169842261652633,poiNode__castle_lvl2_crownlands_alpha
562,533,4,4,16,Seat of Power,Brightwater Keep,,e667,12530093013077585599,poiNode__sop_BrightwaterKeep_alpha
1102,533,2,2,4,Settlement (Town),,3,07,1793729568005850773,poiNode__town_lvl3_stone_dorne_alpha
1200,533,1,1,1,Ruin,,1,01,4069333285272614884,poiNode__ruin_lvl1_crownlands_alpha
1273,533,2,2,4,Crossing,,3,06,11761877450986962679,poiNode__crossing_lvl3_alpha
1381,533,1,1,1,Ruin,,1,01,4069333285272614884,poiNode__ruin_lvl1_crownlands_alpha
1566,533,1,1,1,Ruin,,1,01,4069333285272614884,poiNode__ruin_lvl1_crownlands_alpha
1685,533,1,1,1,Ruin,,1,01,4069333285272614884,poiNode__ruin_lvl1_crownlands_alpha
1805,533,1,1,1,Ruin,,1,01,4069333285272614884,poiNode__ruin_lvl1_crownlands_alpha
722,534,1,1,1,Ruin,,1,01,17522881336283509828,poiNode__ruin_lvl1_dorne_alpha
930,534,1,1,1,Ruin,,1,01,17522881336283509828,poiNode__ruin_lvl1_dorne_alpha
439,535,1,1,1,Ruin,,1,01,4069333285272614884,poiNode__ruin_lvl1_crownlands_alpha
471,535,3,3,9,Castle,,1,b700,6741636123857038108,poiNode__castle_lvl1_crownlands_alpha
545,535,1,1,1,Ruin,,1,01,4069333285272614884,poiNode__ruin_lvl1_crownlands_alpha
1910,535,2,2,4,Crossing,,2,06,17576595532914463501,poiNode__crossing_lvl2_alpha
524,536,1,1,1,Ruin,,1,01,4069333285272614884,poiNode__ruin_lvl1_crownlands_alpha
610,536,1,1,1,Ruin,,1,01,4069333285272614884,poiNode__ruin_lvl1_crownlands_alpha
906,536,1,1,1,Ruin,,1,01,17522881336283509828,poiNode__ruin_lvl1_dorne_alpha
946,536,1,1,1,Ruin,,1,01,17522881336283509828,poiNode__ruin_lvl1_dorne_alpha
1359,536,5,1,5,Bridge,,3,1f,4908333263510868557,poiNode__bridge_5hex_lvl3_alpha
1387,536,2,2,4,Settlement (Town),,3,0b,1518391056412782767,poiNode__town_lvl3_iron_crownlands_alpha
1585,536,1,1,1,Ruin,,1,01,4069333285272614884,poiNode__ruin_lvl1_crownlands_alpha
741,537,2,2,4,Settlement (Town),,1,07,10945769033114148108,poiNode__town_lvl1_wood_dorne_alpha
831,537,3,3,9,Castle,,1,b700,15953943652019753607,poiNode__castle_lvl1_dorne_alpha
955,537,1,1,1,Ruin,,1,01,17522881336283509828,poiNode__ruin_lvl1_dorne_alpha
1108,537,1,1,1,Ruin,,1,01,17522881336283509828,poiNode__ruin_lvl1_dorne_alpha
1467,537,1,1,1,Ruin,,1,01,4069333285272614884,poiNode__ruin_lvl1_crownlands_alpha
1764,537,1,1,1,Ruin,,1,01,4069333285272614884,poiNode__ruin_lvl1_crownlands_alpha
496,538,1,1,1,Ruin,,1,01,4069333285272614884,poiNode__ruin_lvl1_crownlands_alpha
1311,538,1,1,1,Ruin,,1,01,4069333285272614884,poiNode__ruin_lvl1_crownlands_alpha
1540,538,1,1,1,Ruin,,1,01,4069333285272614884,poiNode__ruin_lvl1_crownlands_alpha
514,539,1,1,1,Ruin,,1,01,4069333285272614884,poiNode__ruin_lvl1_crownlands_alpha
973,539,1,1,1,Ruin,,1,01,17522881336283509828,poiNode__ruin_lvl1_dorne_alpha
1671,539,1,1,1,Ruin,,1,01,4069333285272614884,poiNode__ruin_lvl1_crownlands_alpha
777,540,1,1,1,Ruin,,1,01,17522881336283509828,poiNode__ruin_lvl1_dorne_alpha
1011,540,3,2,6,Dragon Sanctum,,4,1e,6082156363026124616,poiNode__dragonsanctum_lv04_dorne_alpha
1155,540,1,1,1,Ruin,,1,01,4069333285272614884,poiNode__ruin_lvl1_crownlands_alpha
1168,540,1,2,2,Tunnel,,3,03,4189727306727788861,poiNode__tunnel_lvl3_crownlands_alpha
1321,540,1,1,1,Ruin,,1,01,4069333285272614884,poiNode__ruin_lvl1_crownlands_alpha
1838,540,1,2,2,Crossing,,2,03,17576595532914463501,poiNode__crossing_lvl2_alpha
1132,541,2,2,4,Settlement (Town),,3,07,1663067788791778725,poiNode__town_lvl3_iron_dorne_alpha
1435,541,1,1,1,Ruin,,1,01,4069333285272614884,poiNode__ruin_lvl1_crownlands_alpha
1059,542,1,1,1,Ruin,,1,01,17522881336283509828,poiNode__ruin_lvl1_dorne_alpha
1090,542,1,1,1,Ruin,,1,01,17522881336283509828,poiNode__ruin_lvl1_dorne_alpha
1656,542,1,1,1,Ruin,,1,01,4069333285272614884,poiNode__ruin_lvl1_crownlands_alpha
1918,542,2,2,4,Crossing,,2,,17576595532914463501,poiNode__crossing_lvl2_alpha
1220,543,1,1,1,Ruin,,1,01,4069333285272614884,poiNode__ruin_lvl1_crownlands_alpha
1335,543,1,1,1,Ruin,,1,01,4069333285272614884,poiNode__ruin_lvl1_crownlands_alpha
1635,543,2,2,4,Settlement (Town),,2,07,6299085069917208579,poiNode__town_lvl2_stone_crownlands_alpha
534,544,2,2,4,Settlement (Town),,1,0b,10599107479229116960,poiNode__town_lvl1_wood_crownlands_alpha
1128,544,3,2,6,Dragon Sanctum,,1,1e,12986605537241065867,poiNode__dragonsanctum_lv01_dorne_alpha
1178,544,3,2,6,Dragon Sanctum,,3,1e,16082973056167260472,poiNode__dragonsanctum_lv03_crownlands_alpha
640,545,1,1,1,Ruin,,1,01,4069333285272614884,poiNode__ruin_lvl1_crownlands_alpha
656,545,1,1,1,Ruin,,1,01,4069333285272614884,poiNode__ruin_lvl1_crownlands_alpha
1807,545,1,1,1,Ruin,,1,01,4069333285272614884,poiNode__ruin_lvl1_crownlands_alpha
1425,546,1,1,1,Ruin,,1,01,4069333285272614884,poiNode__ruin_lvl1_crownlands_alpha
1593,546,2,2,4,Settlement (Town),,2,0b,7192166805953233241,poiNode__town_lvl2_food_crownlands_alpha
1619,546,1,1,1,Ruin,,1,01,4069333285272614884,poiNode__ruin_lvl1_crownlands_alpha
548,547,1,1,1,Ruin,,1,01,4069333285272614884,poiNode__ruin_lvl1_crownlands_alpha
595,547,1,1,1,Ruin,,1,01,4069333285272614884,poiNode__ruin_lvl1_crownlands_alpha
909,547,2,2,4,Settlement (Town),,2,07,12430922041646588100,poiNode__town_lvl2_stone_dorne_alpha
1603,547,1,1,1,Ruin,,1,01,4069333285272614884,poiNode__ruin_lvl1_crownlands_alpha
1841,547,1,2,2,Crossing,,2,03,17576595532914463501,poiNode__crossing_lvl2_alpha
622,548,1,1,1,Ruin,,1,01,4069333285272614884,poiNode__ruin_lvl1_crownlands_alpha
667,548,3,3,9,Castle,,1,9f00,6741636123857038108,poiNode__castle_lvl1_crownlands_alpha
1376,548,1,1,1,Ruin,,1,01,4069333285272614884,poiNode__ruin_lvl1_crownlands_alpha
1578,548,1,1,1,Ruin,,1,01,4069333285272614884,poiNode__ruin_lvl1_crownlands_alpha
1609,548,2,3,6,Bridge,,2,1a,6488258009797769972,poiNode__bridge_3hex_lvl2_alpha
1772,548,1,1,1,Ruin,,1,01,4069333285272614884,poiNode__ruin_lvl1_crownlands_alpha
1781,548,3,5,15,Bridge,,2,8944,1498553686271999927,poiNode__bridge_5hex_lvl2_alpha
444,549,4,3,12,Seat of Power,Bandallon,,fe0e,4356055907580222731,poiNode__sop_Bandallon_alpha
577,549,4,1,4,Bridge,,1,0f,4164891203475574860,poiNode__bridge_4hex_lvl1_alpha
692,549,5,1,5,Bridge,,1,1f,16551278857259698617,poiNode__bridge_5hex_lvl1_alpha
1282,549,1,2,2,Tunnel,,3,03,4189727306727788861,poiNode__tunnel_lvl3_crownlands_alpha
1456,549,1,2,2,Tunnel,,3,03,4189727306727788861,poiNode__tunnel_lvl3_crownlands_alpha
1480,549,1,1,1,Ruin,,1,01,4069333285272614884,poiNode__ruin_lvl1_crownlands_alpha
927,550,1,1,1,Ruin,,1,01,17522881336283509828,poiNode__ruin_lvl1_dorne_alpha
967,550,1,1,1,Ruin,,1,01,17522881336283509828,poiNode__ruin_lvl1_dorne_alpha
1005,550,2,2,4,Settlement (Town),,2,0b,4572143029366277926,poiNode__town_lvl2_iron_dorne_alpha
1295,550,1,1,1,Ruin,,1,01,4069333285272614884,poiNode__ruin_lvl1_crownlands_alpha
1644,550,1,1,1,Ruin,,1,01,4069333285272614884,poiNode__ruin_lvl1_crownlands_alpha
1728,550,3,4,12,Bridge,,2,9402,14462941546211862082,poiNode__bridge_4hex_lvl2_alpha
1823,550,1,1,1,Ruin,,1,01,4069333285272614884,poiNode__ruin_lvl1_crownlands_alpha
1101,551,1,1,1,Ruin,,1,01,17522881336283509828,poiNode__ruin_lvl1_dorne_alpha
1185,551,1,1,1,Ruin,,1,01,4069333285272614884,poiNode__ruin_lvl1_crownlands_alpha
1339,551,1,2,2,Crossing,,3,03,11761877450986962679,poiNode__crossing_lvl3_alpha
1387,551,1,1,1,Ruin,,1,01,4069333285272614884,poiNode__ruin_lvl1_crownlands_alpha
845,552,1,1,1,Ruin,,1,01,17522881336283509828,poiNode__ruin_lvl1_dorne_alpha
1164,552,1,1,1,Ruin,,1,01,4069333285272614884,poiNode__ruin_lvl1_crownlands_alpha
1177,552,1,1,1,Ruin,,1,01,4069333285272614884,poiNode__ruin_lvl1_crownlands_alpha
1260,552,1,1,1,Ruin,,1,01,4069333285272614884,poiNode__ruin_lvl1_crownlands_alpha
1687,552,1,1,1,Ruin,,1,01,4069333285272614884,poiNode__ruin_lvl1_crownlands_alpha
1753,552,1,1,1,Ruin,,1,01,4069333285272614884,poiNode__ruin_lvl1_crownlands_alpha
1790,552,1,1,1,Ruin,,1,01,4069333285272614884,poiNode__ruin_lvl1_crownlands_alpha
979,553,1,1,1,Ruin,,1,01,17522881336283509828,poiNode__ruin_lvl1_dorne_alpha
1447,553,2,1,2,Tunnel,,3,03,4189727306727788861,poiNode__tunnel_lvl3_crownlands_alpha
1061,554,1,1,1,Ruin,,1,01,17522881336283509828,poiNode__ruin_lvl1_dorne_alpha
1228,554,1,1,1,Ruin,,1,01,4069333285272614884,poiNode__ruin_lvl1_crownlands_alpha
1560,554,1,1,1,Ruin,,1,01,4069333285272614884,poiNode__ruin_lvl1_crownlands_alpha
1651,554,1,1,1,Ruin,,1,01,4069333285272614884,poiNode__ruin_lvl1_crownlands_alpha
1704,554,1,1,1,Ruin,,1,01,4069333285272614884,poiNode__ruin_lvl1_crownlands_alpha
873,555,1,1,1,Ruin,,1,01,17522881336283509828,poiNode__ruin_lvl1_dorne_alpha
933,555,1,1,1,Ruin,,1,01,17522881336283509828,poiNode__ruin_lvl1_dorne_alpha
1031,555,1,1,1,Ruin,,1,01,17522881336283509828,poiNode__ruin_lvl1_dorne_alpha
1122,555,1,1,1,Ruin,,1,01,17522881336283509828,poiNode__ruin_lvl1_dorne_alpha
1285,555,1,2,2,Tunnel,,3,03,4189727306727788861,poiNode__tunnel_lvl3_crownlands_alpha
551,556,1,1,1,Ruin,,1,01,4069333285272614884,poiNode__ruin_lvl1_crownlands_alpha
903,556,1,1,1,Ruin,,1,01,17522881336283509828,poiNode__ruin_lvl1_dorne_alpha
1195,556,1,1,1,Ruin,,1,01,4069333285272614884,poiNode__ruin_lvl1_crownlands_alpha
1207,556,2,2,4,Settlement (Town),,3,0b,3662043920122588179,poiNode__town_lvl3_stone_crownlands_alpha
1337,556,1,2,2,Crossing,,3,03,11761877450986962679,poiNode__crossing_lvl3_alpha
1416,556,1,1,1,Ruin,,1,01,4069333285272614884,poiNode__ruin_lvl1_crownlands_alpha
1136,557,1,1,1,Ruin,,1,01,17522881336283509828,poiNode__ruin_lvl1_dorne_alpha
1267,557,2,2,4,Dragon Sanctum,,1,0f,10375726052514243646,poiNode__dragonsanctum_lv01_crownlands_alpha
1494,557,1,1,1,Ruin,,1,01,4069333285272614884,poiNode__ruin_lvl1_crownlands_alpha
1721,557,1,1,1,Ruin,,1,01,4069333285272614884,poiNode__ruin_lvl1_crownlands_alpha
1811,557,1,1,1,Ruin,,1,01,4069333285272614884,poiNode__ruin_lvl1_crownlands_alpha
1869,557,1,1,1,Ruin,,1,01,4069333285272614884,poiNode__ruin_lvl1_crownlands_alpha
814,558,2,2,4,Settlement (Town),,1,0b,5177923786824194211,poiNode__town_lvl1_iron_dorne_alpha
1069,558,1,1,1,Ruin,,1,01,17522881336283509828,poiNode__ruin_lvl1_dorne_alpha
1428,559,1,1,1,Ruin,,1,01,4069333285272614884,poiNode__ruin_lvl1_crownlands_alpha
1442,559,2,2,4,Settlement (Town),,3,07,1518391056412782767,poiNode__town_lvl3_iron_crownlands_alpha
1022,560,3,3,9,Castle,,2,9f00,233768147089847775,poiNode__castle_lvl2_dorne_alpha
1113,560,1,1,1,Ruin,,1,01,17522881336283509828,poiNode__ruin_lvl1_dorne_alpha
1316,560,3,3,9,Castle,,3,9f00,954995402910154266,poiNode__castle_lvl3_crownlands_alpha
1351,560,1,1,1,Ruin,,1,01,4069333285272614884,poiNode__ruin_lvl1_crownlands_alpha
1484,560,3,3,9,Castle,,3,9f00,954995402910154266,poiNode__castle_lvl3_crownlands_alpha
1555,560,3,3,9,Castle,,2,9f00,2677169842261652633,poiNode__castle_lvl2_crownlands_alpha
1576,560,1,1,1,Ruin,,1,01,4069333285272614884,poiNode__ruin_lvl1_crownlands_alpha
1169,561,1,1,1,Ruin,,1,01,4069333285272614884,poiNode__ruin_lvl1_crownlands_alpha
1472,561,1,1,1,Ruin,,1,01,4069333285272614884,poiNode__ruin_lvl1_crownlands_alpha
1647,561,1,1,1,Ruin,,1,01,4069333285272614884,poiNode__ruin_lvl1_crownlands_alpha
1849,561,3,3,9,Castle,,2,b700,2677169842261652633,poiNode__castle_lvl2_crownlands_alpha
750,562,1,1,1,Ruin,,1,01,17522881336283509828,poiNode__ruin_lvl1_dorne_alpha
1783,562,1,1,1,Ruin,,1,01,4069333285272614884,poiNode__ruin_lvl1_crownlands_alpha
1831,562,1,1,1,Ruin,,1,01,4069333285272614884,poiNode__ruin_lvl1_crownlands_alpha
758,563,1,1,1,Ruin,,1,01,17522881336283509828,poiNode__ruin_lvl1_dorne_alpha
1079,563,1,1,1,Ruin,,1,01,17522881336283509828,poiNode__ruin_lvl1_dorne_alpha
1843,563,1,1,1,Ruin,,1,01,4069333285272614884,poiNode__ruin_lvl1_crownlands_alpha
1700,564,1,1,1,Ruin,,1,01,4069333285272614884,poiNode__ruin_lvl1_crownlands_alpha
1736,564,2,2,4,Settlement (Town),,2,0b,7192166805953233241,poiNode__town_lvl2_food_crownlands_alpha
1744,564,1,1,1,Ruin,,1,01,4069333285272614884,poiNode__ruin_lvl1_crownlands_alpha
801,565,1,1,1,Ruin,,1,01,17522881336283509828,poiNode__ruin_lvl1_dorne_alpha
1005,565,1,1,1,Ruin,,1,01,17522881336283509828,poiNode__ruin_lvl1_dorne_alpha
1797,565,1,1,1,Ruin,,1,01,4069333285272614884,poiNode__ruin_lvl1_crownlands_alpha
1880,565,1,1,1,Ruin,,1,01,4069333285272614884,poiNode__ruin_lvl1_crownlands_alpha
1206,566,1,1,1,Ruin,,1,01,4069333285272614884,poiNode__ruin_lvl1_crownlands_alpha
1216,566,1,1,1,Ruin,,1,01,4069333285272614884,poiNode__ruin_lvl1_crownlands_alpha
1131,567,1,1,1,Ruin,,1,01,17522881336283509828,poiNode__ruin_lvl1_dorne_alpha
1823,567,2,2,4,Settlement (Town),,2,07,6299085069917208579,poiNode__town_lvl2_stone_crownlands_alpha
641,568,2,2,4,Settlement (Town),,1,0b,10599107479229116960,poiNode__town_lvl1_wood_crownlands_alpha
956,568,1,1,1,Ruin,,1,01,17522881336283509828,poiNode__ruin_lvl1_dorne_alpha
1393,568,3,3,9,Castle,,3,9f00,954995402910154266,poiNode__castle_lvl3_crownlands_alpha
1560,568,2,2,4,Settlement (Town),,2,0b,934088675522857109,poiNode__town_lvl2_iron_crownlands_alpha
1925,568,2,2,4,Crossing,,2,06,17576595532914463501,poiNode__crossing_lvl2_alpha
971,569,2,2,4,Settlement (Town),,2,07,17244005265719231113,poiNode__town_lvl2_wood_dorne_alpha
1497,569,1,1,1,Ruin,,1,01,4069333285272614884,poiNode__ruin_lvl1_crownlands_alpha
1666,569,1,1,1,Ruin,,1,01,4069333285272614884,poiNode__ruin_lvl1_crownlands_alpha
1833,569,2,2,4,Dragon Sanctum,,4,0f,433908501532394673,poiNode__dragonsanctum_lv04_crownlands_alpha
1861,569,1,1,1,Ruin,,1,01,4069333285272614884,poiNode__ruin_lvl1_crownlands_alpha
925,570,2,2,4,Settlement (Town),,2,0b,17244005265719231113,poiNode__town_lvl2_wood_dorne_alpha
1100,570,1,1,1,Ruin,,1,01,17522881336283509828,poiNode__ruin_lvl1_dorne_alpha
1226,570,1,1,1,Ruin,,1,01,4069333285272614884,poiNode__ruin_lvl1_crownlands_alpha
1287,570,2,2,4,Settlement (Town),,3,0b,1518391056412782767,poiNode__town_lvl3_iron_crownlands_alpha
1369,570,1,1,1,Ruin,,1,01,4069333285272614884,poiNode__ruin_lvl1_crownlands_alpha
1399,570,1,1,1,Ruin,,1,01,4069333285272614884,poiNode__ruin_lvl1_crownlands_alpha
1408,570,2,2,4,Settlement (Town),,3,0b,3662043920122588179,poiNode__town_lvl3_stone_crownlands_alpha
1448,570,1,1,1,Ruin,,1,01,4069333285272614884,poiNode__ruin_lvl1_crownlands_alpha
532,571,1,1,1,Ruin,,1,01,4069333285272614884,poiNode__ruin_lvl1_crownlands_alpha
1042,571,1,1,1,Ruin,,1,01,17522881336283509828,poiNode__ruin_lvl1_dorne_alpha
1266,571,1,1,1,Ruin,,1,01,4069333285272614884,poiNode__ruin_lvl1_crownlands_alpha
1295,571,1,1,1,Ruin,,1,01,4069333285272614884,poiNode__ruin_lvl1_crownlands_alpha
657,572,1,1,1,Ruin,,1,01,4069333285272614884,poiNode__ruin_lvl1_crownlands_alpha
880,572,1,1,1,Ruin,,1,01,17522881336283509828,poiNode__ruin_lvl1_dorne_alpha
981,572,3,5,15,Bridge,,2,9412,1498553686271999927,poiNode__bridge_5hex_lvl2_alpha
1232,572,2,2,4,Settlement (Town),,3,0b,3662043920122588179,poiNode__town_lvl3_stone_crownlands_alpha
1658,572,1,1,1,Ruin,,1,01,4069333285272614884,poiNode__ruin_lvl1_crownlands_alpha
1729,572,1,1,1,Ruin,,1,01,4069333285272614884,poiNode__ruin_lvl1_crownlands_alpha
1768,572,1,1,1,Ruin,,1,01,4069333285272614884,poiNode__ruin_lvl1_crownlands_alpha
1787,572,1,1,1,Ruin,,1,01,4069333285272614884,poiNode__ruin_lvl1_crownlands_alpha
1812,572,1,1,1,Ruin,,1,01,4069333285272614884,poiNode__ruin_lvl1_crownlands_alpha
510,573,3,3,9,Castle,,1,b700,6741636123857038108,poiNode__castle_lvl1_crownlands_alpha
1752,573,1,1,1,Ruin,,1,01,4069333285272614884,poiNode__ruin_lvl1_crownlands_alpha
548,574,1,1,1,Ruin,,1,01,4069333285272614884,poiNode__ruin_lvl1_crownlands_alpha
892,574,1,1,1,Ruin,,1,01,17522881336283509828,poiNode__ruin_lvl1_dorne_alpha
1024,574,2,2,4,Settlement (Town),,2,0b,12430922041646588100,poiNode__town_lvl2_stone_dorne_alpha
1193,574,3,3,9,Castle,,3,9f00,954995402910154266,poiNode__castle_lvl3_crownlands_alpha
1572,574,1,1,1,Ruin,,1,01,4069333285272614884,poiNode__ruin_lvl1_crownlands_alpha
1893,574,1,1,1,Ruin,,1,01,4069333285272614884,poiNode__ruin_lvl1_crownlands_alpha
947,575,2,2,4,Settlement (Town),,2,07,4572143029366277926,poiNode__town_lvl2_iron_dorne_alpha
1601,575,1,1,1,Ruin,,1,01,4069333285272614884,poiNode__ruin_lvl1_crownlands_alpha
623,576,1,1,1,Ruin,,1,01,4069333285272614884,poiNode__ruin_lvl1_crownlands_alpha
1029,576,1,1,1,Ruin,,1,01,17522881336283509828,poiNode__ruin_lvl1_dorne_alpha
1446,576,3,2,6,Dragon Sanctum,,3,1e,16082973056167260472,poiNode__dragonsanctum_lv03_crownlands_alpha
1471,576,2,2,4,Tunnel,,3,06,4189727306727788861,poiNode__tunnel_lvl3_crownlands_alpha
1743,576,1,1,1,Ruin,,1,01,4069333285272614884,poiNode__ruin_lvl1_crownlands_alpha
815,577,3,5,15,Bridge,,1,9148,16551278857259698617,poiNode__bridge_5hex_lvl1_alpha
1086,577,1,1,1,Ruin,,1,01,17522881336283509828,poiNode__ruin_lvl1_dorne_alpha
1341,577,1,1,1,Ruin,,1,01,4069333285272614884,poiNode__ruin_lvl1_crownlands_alpha
1795,577,1,1,1,Ruin,,1,01,4069333285272614884,poiNode__ruin_lvl1_crownlands_alpha
924,578,1,1,1,Ruin,,1,01,17522881336283509828,poiNode__ruin_lvl1_dorne_alpha
1395,578,2,2,4,Tunnel,,3,06,4189727306727788861,poiNode__tunnel_lvl3_crownlands_alpha
1767,578,1,1,1,Ruin,,1,01,4069333285272614884,poiNode__ruin_lvl1_crownlands_alpha
1804,578,1,1,1,Ruin,,1,01,4069333285272614884,poiNode__ruin_lvl1_crownlands_alpha
1072,579,1,1,1,Ruin,,1,01,17522881336283509828,poiNode__ruin_lvl1_dorne_alpha
1260,579,1,1,1,Ruin,,1,01,4069333285272614884,poiNode__ruin_lvl1_crownlands_alpha
1374,579,2,2,4,Dragon Sanctum,,1,0f,10375726052514243646,poiNode__dragonsanctum_lv01_crownlands_alpha
1825,579,1,1,1,Ruin,,1,01,4069333285272614884,poiNode__ruin_lvl1_crownlands_alpha
1842,579,1,1,1,Ruin,,1,01,4069333285272614884,poiNode__ruin_lvl1_crownlands_alpha
1005,580,1,1,1,Ruin,,1,01,17522881336283509828,poiNode__ruin_lvl1_dorne_alpha
1120,580,1,1,1,Ruin,,1,01,17522881336283509828,poiNode__ruin_lvl1_dorne_alpha
1186,580,2,2,4,Crossing,,3,,11761877450986962679,poiNode__crossing_lvl3_alpha
1631,580,1,1,1,Ruin,,1,01,4069333285272614884,poiNode__ruin_lvl1_crownlands_alpha
1681,580,1,1,1,Ruin,,1,01,4069333285272614884,poiNode__ruin_lvl1_crownlands_alpha
698,581,2,2,4,Crossing,,1,,186484103584441603,poiNode__crossing_lvl1_alpha
996,581,1,1,1,Ruin,,1,01,17522881336283509828,poiNode__ruin_lvl1_dorne_alpha
1661,581,2,2,4,Settlement (Town),,2,07,6299085069917208579,poiNode__town_lvl2_stone_crownlands_alpha
1864,581,2,2,4,Tunnel,,2,,1315898000168475582,poiNode__tunnel_lvl2_crownlands_alpha
707,582,2,2,4,Crossing,,1,06,186484103584441603,poiNode__crossing_lvl1_alpha
874,582,1,1,1,Ruin,,1,01,4069333285272614884,poiNode__ruin_lvl1_crownlands_alpha
1297,582,3,2,6,Dragon Sanctum,,1,1e,10375726052514243646,poiNode__dragonsanctum_lv01_crownlands_alpha
1349,582,1,1,1,Ruin,,1,01,4069333285272614884,poiNode__ruin_lvl1_crownlands_alpha
1699,582,1,1,1,Ruin,,1,01,4069333285272614884,poiNode__ruin_lvl1_crownlands_alpha
1814,582,1,1,1,Ruin,,1,01,4069333285272614884,poiNode__ruin_lvl1_crownlands_alpha
931,583,3,3,9,Castle,,2,b700,233768147089847775,poiNode__castle_lvl2_dorne_alpha
989,583,2,2,4,Settlement (Town),,2,07,17244005265719231113,poiNode__town_lvl2_wood_dorne_alpha
1105,583,1,1,1,Ruin,,1,01,17522881336283509828,poiNode__ruin_lvl1_dorne_alpha
1152,583,1,1,1,Ruin,,1,01,4069333285272614884,poiNode__ruin_lvl1_crownlands_alpha
1177,583,2,2,4,Crossing,,3,06,11761877450986962679,poiNode__crossing_lvl3_alpha
1621,583,2,3,6,Bridge,,2,16,6488258009797769972,poiNode__bridge_3hex_lvl2_alpha
764,584,3,5,15,Bridge,,1,8944,16551278857259698617,poiNode__bridge_5hex_lvl1_alpha
1333,584,1,1,1,Ruin,,1,01,4069333285272614884,poiNode__ruin_lvl1_crownlands_alpha
1391,584,1,2,2,Tunnel,,3,03,4189727306727788861,poiNode__tunnel_lvl3_crownlands_alpha
1409,584,1,1,1,Ruin,,1,01,4069333285272614884,poiNode__ruin_lvl1_crownlands_alpha
1515,584,1,1,1,Ruin,,1,01,4069333285272614884,poiNode__ruin_lvl1_crownlands_alpha
1551,584,1,1,1,Ruin,,1,01,4069333285272614884,poiNode__ruin_lvl1_crownlands_alpha
1657,584,1,1,1,Ruin,,1,01,4069333285272614884,poiNode__ruin_lvl1_crownlands_alpha
1885,584,1,1,1,Ruin,,1,01,4069333285272614884,poiNode__ruin_lvl1_crownlands_alpha
1307,585,1,1,1,Ruin,,1,01,4069333285272614884,poiNode__ruin_lvl1_crownlands_alpha
1784,585,1,1,1,Ruin,,1,01,4069333285272614884,poiNode__ruin_lvl1_crownlands_alpha
1860,585,1,1,1,Ruin,,1,01,4069333285272614884,poiNode__ruin_lvl1_crownlands_alpha
1921,585,2,2,4,Harbor/Dock,,2,07,16078488310347410484,poiNode__harbor_lvl2_alpha
1128,586,1,1,1,Ruin,,1,01,17522881336283509828,poiNode__ruin_lvl1_dorne_alpha
1269,586,1,1,1,Ruin,,1,01,4069333285272614884,poiNode__ruin_lvl1_crownlands_alpha
1544,586,2,2,4,Settlement (Town),,2,0b,13347178834781780590,poiNode__town_lvl2_wood_crownlands_alpha
1599,586,1,1,1,Ruin,,1,01,4069333285272614884,poiNode__ruin_lvl1_crownlands_alpha
1794,586,5,1,5,Bridge,,2,1f,1498553686271999927,poiNode__bridge_5hex_lvl2_alpha
856,587,2,2,4,Settlement (Town),,1,07,10599107479229116960,poiNode__town_lvl1_wood_crownlands_alpha
1467,587,2,1,2,Tunnel,,3,03,4189727306727788861,poiNode__tunnel_lvl3_crownlands_alpha
700,588,1,2,2,Crossing,,1,03,186484103584441603,poiNode__crossing_lvl1_alpha
806,588,1,1,1,Ruin,,1,01,4069333285272614884,poiNode__ruin_lvl1_crownlands_alpha
967,588,1,1,1,Ruin,,1,01,17522881336283509828,poiNode__ruin_lvl1_dorne_alpha
1429,588,2,2,4,Settlement (Town),,3,0b,3662043920122588179,poiNode__town_lvl3_stone_crownlands_alpha
1444,588,1,1,1,Ruin,,1,01,4069333285272614884,poiNode__ruin_lvl1_crownlands_alpha
1564,588,1,1,1,Ruin,,1,01,4069333285272614884,poiNode__ruin_lvl1_crownlands_alpha
1829,588,1,1,1,Ruin,,1,01,4069333285272614884,poiNode__ruin_lvl1_crownlands_alpha
1838,588,2,2,4,Settlement (Town),,2,0b,934088675522857109,poiNode__town_lvl2_iron_crownlands_alpha
1872,588,1,1,1,Ruin,,1,01,4069333285272614884,poiNode__ruin_lvl1_crownlands_alpha
624,589,3,3,9,Castle,,1,b700,6741636123857038108,poiNode__castle_lvl1_crownlands_alpha
744,589,1,1,1,Ruin,,1,01,17522881336283509828,poiNode__ruin_lvl1_dorne_alpha
920,589,1,1,1,Ruin,,1,01,17522881336283509828,poiNode__ruin_lvl1_dorne_alpha
1610,589,1,1,1,Ruin,,1,01,4069333285272614884,poiNode__ruin_lvl1_crownlands_alpha
1677,589,1,1,1,Ruin,,1,01,4069333285272614884,poiNode__ruin_lvl1_crownlands_alpha
1807,589,1,1,1,Ruin,,1,01,4069333285272614884,poiNode__ruin_lvl1_crownlands_alpha
1866,589,1,2,2,Tunnel,,2,03,1315898000168475582,poiNode__tunnel_lvl2_crownlands_alpha
735,590,1,1,1,Ruin,,1,01,17522881336283509828,poiNode__ruin_lvl1_dorne_alpha
1083,590,1,1,1,Ruin,,1,01,17522881336283509828,poiNode__ruin_lvl1_dorne_alpha
1777,590,2,2,4,Settlement (Town),,2,0b,7192166805953233241,poiNode__town_lvl2_food_crownlands_alpha
1853,590,1,1,1,Ruin,,1,01,4069333285272614884,poiNode__ruin_lvl1_crownlands_alpha
1908,590,2,2,4,Settlement (Town),,2,0b,6299085069917208579,poiNode__town_lvl2_stone_crownlands_alpha
557,591,3,3,9,Castle,,1,b700,6741636123857038108,poiNode__castle_lvl1_crownlands_alpha
999,591,1,1,1,Ruin,,1,01,17522881336283509828,poiNode__ruin_lvl1_dorne_alpha
1372,591,1,1,1,Ruin,,1,01,4069333285272614884,poiNode__ruin_lvl1_crownlands_alpha
852,592,1,1,1,Ruin,,1,01,4069333285272614884,poiNode__ruin_lvl1_crownlands_alpha
1192,592,1,1,1,Ruin,,1,01,4069333285272614884,poiNode__ruin_lvl1_crownlands_alpha
1235,592,1,1,1,Ruin,,1,01,4069333285272614884,poiNode__ruin_lvl1_crownlands_alpha
1303,592,2,2,4,Settlement (Town),,3,0b,3662043920122588179,poiNode__town_lvl3_stone_crownlands_alpha
1740,592,1,1,1,Ruin,,1,01,4069333285272614884,poiNode__ruin_lvl1_crownlands_alpha
1047,593,1,1,1,Ruin,,1,01,17522881336283509828,poiNode__ruin_lvl1_dorne_alpha
1076,593,3,3,9,Castle,,2,b700,233768147089847775,poiNode__castle_lvl2_dorne_alpha
1170,593,1,1,1,Ruin,,1,01,4069333285272614884,poiNode__ruin_lvl1_crownlands_alpha
1253,593,1,1,1,Ruin,,1,01,4069333285272614884,poiNode__ruin_lvl1_crownlands_alpha
1359,593,5,1,5,Bridge,,3,1f,4908333263510868557,poiNode__bridge_5hex_lvl3_alpha
1511,593,1,1,1,Ruin,,1,01,4069333285272614884,poiNode__ruin_lvl1_crownlands_alpha
1798,593,2,2,4,Settlement (Town),,2,07,13347178834781780590,poiNode__town_lvl2_wood_crownlands_alpha
1888,593,1,1,1,Ruin,,1,01,4069333285272614884,poiNode__ruin_lvl1_crownlands_alpha
870,594,3,5,15,Bridge,,3,9412,4908333263510868557,poiNode__bridge_5hex_lvl3_alpha
1137,594,2,2,4,Settlement (Town),,3,0b,3662043920122588179,poiNode__town_lvl3_stone_crownlands_alpha
1285,594,1,1,1,Ruin,,1,01,4069333285272614884,poiNode__ruin_lvl1_crownlands_alpha
1710,594,1,1,1,Ruin,,1,01,4069333285272614884,poiNode__ruin_lvl1_crownlands_alpha
891,595,1,1,1,Ruin,,1,01,4069333285272614884,poiNode__ruin_lvl1_crownlands_alpha
1161,595,1,1,1,Ruin,,1,01,4069333285272614884,poiNode__ruin_lvl1_crownlands_alpha
907,596,1,1,1,Ruin,,1,01,4069333285272614884,poiNode__ruin_lvl1_crownlands_alpha
1058,596,2,2,4,Settlement (Town),,2,0b,3286385545442074994,poiNode__town_lvl2_food_dorne_alpha
1523,596,1,1,1,Ruin,,1,01,4069333285272614884,poiNode__ruin_lvl1_crownlands_alpha
1342,597,2,2,4,Settlement (Town),,3,07,8803219746350610787,poiNode__town_lvl3_food_crownlands_alpha
1558,597,1,1,1,Ruin,,1,01,4069333285272614884,poiNode__ruin_lvl1_crownlands_alpha
883,598,3,2,6,Dragon Sanctum,,1,1e,10375726052514243646,poiNode__dragonsanctum_lv01_crownlands_alpha
1037,598,1,1,1,Ruin,,1,01,17522881336283509828,poiNode__ruin_lvl1_dorne_alpha
1104,598,1,1,1,Ruin,,1,01,17522881336283509828,poiNode__ruin_lvl1_dorne_alpha
1531,598,1,2,2,Crossing,,3,03,11761877450986962679,poiNode__crossing_lvl3_alpha
986,599,1,1,1,Ruin,,1,01,17522881336283509828,poiNode__ruin_lvl1_dorne_alpha
1503,599,1,1,1,Ruin,,1,01,4069333285272614884,poiNode__ruin_lvl1_crownlands_alpha
1825,599,1,1,1,Ruin,,1,01,4069333285272614884,poiNode__ruin_lvl1_crownlands_alpha
1931,599,1,1,1,Ruin,,1,01,4069333285272614884,poiNode__ruin_lvl1_crownlands_alpha
598,600,3,4,12,Bridge,,1,9402,4164891203475574860,poiNode__bridge_4hex_lvl1_alpha
1386,600,1,1,1,Ruin,,1,01,4069333285272614884,poiNode__ruin_lvl1_crownlands_alpha
1429,600,1,1,1,Ruin,,1,01,4069333285272614884,poiNode__ruin_lvl1_crownlands_alpha
1494,600,3,4,12,Seat of Power,Stonehelm,,fb0d,9407768816040767204,poiNode__sop_Stonehelm_alpha
1721,600,1,1,1,Ruin,,1,01,4069333285272614884,poiNode__ruin_lvl1_crownlands_alpha
643,601,2,2,4,Crossing,,1,,186484103584441603,poiNode__crossing_lvl1_alpha
920,601,2,2,4,Crossing,,3,,11761877450986962679,poiNode__crossing_lvl3_alpha
1003,601,2,2,4,Settlement (Town),,2,07,12430922041646588100,poiNode__town_lvl2_stone_dorne_alpha
1134,601,1,1,1,Ruin,,1,01,4069333285272614884,poiNode__ruin_lvl1_crownlands_alpha
1547,601,1,1,1,Ruin,,1,01,4069333285272614884,poiNode__ruin_lvl1_crownlands_alpha
1600,601,1,1,1,Ruin,,1,01,4069333285272614884,poiNode__ruin_lvl1_crownlands_alpha
1785,601,3,3,9,Castle,,2,b700,2677169842261652633,poiNode__castle_lvl2_crownlands_alpha
1806,601,1,1,1,Ruin,,1,01,4069333285272614884,poiNode__ruin_lvl1_crownlands_alpha
1902,601,1,1,1,Ruin,,1,01,4069333285272614884,poiNode__ruin_lvl1_crownlands_alpha
528,602,1,1,1,Ruin,,1,01,4069333285272614884,poiNode__ruin_lvl1_crownlands_alpha
1227,602,2,2,4,Settlement (Town),,3,0b,11591790737009394260,poiNode__town_lvl3_wood_crownlands_alpha
1264,602,1,1,1,Ruin,,1,01,4069333285272614884,poiNode__ruin_lvl1_crownlands_alpha
1450,602,1,1,1,Ruin,,1,01,4069333285272614884,poiNode__ruin_lvl1_crownlands_alpha
1665,602,1,1,1,Ruin,,1,01,4069333285272614884,poiNode__ruin_lvl1_crownlands_alpha
1892,602,1,1,1,Ruin,,1,01,4069333285272614884,poiNode__ruin_lvl1_crownlands_alpha
1658,603,2,2,4,Dragon Sanctum,,4,0f,433908501532394673,poiNode__dragonsanctum_lv04_crownlands_alpha
1854,603,1,1,1,Ruin,,1,01,4069333285272614884,poiNode__ruin_lvl1_crownlands_alpha
802,604,1,1,1,Ruin,,1,01,4069333285272614884,poiNode__ruin_lvl1_crownlands_alpha
899,604,2,2,4,Settlement (Town),,3,0b,3662043920122588179,poiNode__town_lvl3_stone_crownlands_alpha
1009,604,1,1,1,Ruin,,1,01,17522881336283509828,poiNode__ruin_lvl1_dorne_alpha
1280,604,3,3,9,Castle,,3,9f00,954995402910154266,poiNode__castle_lvl3_crownlands_alpha
1629,604,3,3,9,Castle,,2,9f00,2677169842261652633,poiNode__castle_lvl2_crownlands_alpha
1773,604,1,1,1,Ruin,,1,01,4069333285272614884,poiNode__ruin_lvl1_crownlands_alpha
1836,604,1,1,1,Ruin,,1,01,4069333285272614884,poiNode__ruin_lvl1_crownlands_alpha
1863,604,1,1,1,Ruin,,1,01,4069333285272614884,poiNode__ruin_lvl1_crownlands_alpha
617,605,1,1,1,Ruin,,1,01,4069333285272614884,poiNode__ruin_lvl1_crownlands_alpha
1139,605,3,3,9,Castle,,3,b700,954995402910154266,poiNode__castle_lvl3_crownlands_alpha
1272,605,1,1,1,Ruin,,1,01,4069333285272614884,poiNode__ruin_lvl1_crownlands_alpha
1305,605,1,1,1,Ruin,,1,01,4069333285272614884,poiNode__ruin_lvl1_crownlands_alpha
1537,605,1,2,2,Crossing,,3,03,11761877450986962679,poiNode__crossing_lvl3_alpha
1921,605,1,1,1,Ruin,,1,01,4069333285272614884,poiNode__ruin_lvl1_crownlands_alpha
1020,606,5,1,5,Bridge,,2,1f,1498553686271999927,poiNode__bridge_5hex_lvl2_alpha
1173,606,2,2,4,Settlement (Town),,3,0b,8803219746350610787,poiNode__town_lvl3_food_crownlands_alpha
1342,606,2,2,4,Tunnel,,3,06,4189727306727788861,poiNode__tunnel_lvl3_crownlands_alpha
1437,606,3,3,9,Castle,,3,9f00,954995402910154266,poiNode__castle_lvl3_crownlands_alpha
953,607,1,1,1,Ruin,,1,01,17522881336283509828,poiNode__ruin_lvl1_dorne_alpha
1639,607,1,1,1,Ruin,,1,01,4069333285272614884,poiNode__ruin_lvl1_crownlands_alpha
1702,607,1,1,1,Ruin,,1,01,4069333285272614884,poiNode__ruin_lvl1_crownlands_alpha
645,608,2,2,4,Crossing,,1,,186484103584441603,poiNode__crossing_lvl1_alpha
921,608,2,2,4,Crossing,,3,,11761877450986962679,poiNode__crossing_lvl3_alpha
993,608,1,1,1,Ruin,,1,01,17522881336283509828,poiNode__ruin_lvl1_dorne_alpha
1248,608,1,1,1,Ruin,,1,01,4069333285272614884,poiNode__ruin_lvl1_crownlands_alpha
1460,608,5,1,5,Bridge,,3,1f,4908333263510868557,poiNode__bridge_5hex_lvl3_alpha
1040,609,1,1,1,Ruin,,1,01,17522881336283509828,poiNode__ruin_lvl1_dorne_alpha
1754,609,1,1,1,Ruin,,1,01,4069333285272614884,poiNode__ruin_lvl1_crownlands_alpha
1908,609,3,3,9,Castle,,2,b700,2677169842261652633,poiNode__castle_lvl2_crownlands_alpha
572,610,1,1,1,Ruin,,1,01,4069333285272614884,poiNode__ruin_lvl1_crownlands_alpha
862,610,3,3,9,Castle,,1,9f00,6741636123857038108,poiNode__castle_lvl1_crownlands_alpha
968,610,2,2,4,Settlement (Town),,2,0b,17244005265719231113,poiNode__town_lvl2_wood_dorne_alpha
1032,610,1,1,1,Ruin,,1,01,17522881336283509828,poiNode__ruin_lvl1_dorne_alpha
1366,610,1,1,1,Ruin,,1,01,4069333285272614884,poiNode__ruin_lvl1_crownlands_alpha
1505,610,1,1,1,Ruin,,1,01,4069333285272614884,poiNode__ruin_lvl1_crownlands_alpha
1784,610,2,4,8,Bridge,,2,Z,14462941546211862082,poiNode__bridge_4hex_lvl2_alpha
1471,611,1,1,1,Ruin,,1,01,4069333285272614884,poiNode__ruin_lvl1_crownlands_alpha
1545,611,2,2,4,Settlement (Town),,2,07,6299085069917208579,poiNode__town_lvl2_stone_crownlands_alpha
1682,611,3,5,15,Bridge,,2,a414,1498553686271999927,poiNode__bridge_5hex_lvl2_alpha
1726,611,1,1,1,Ruin,,1,01,4069333285272614884,poiNode__ruin_lvl1_crownlands_alpha
1938,611,1,1,1,Ruin,,1,01,4069333285272614884,poiNode__ruin_lvl1_crownlands_alpha
929,612,1,1,1,Ruin,,1,01,4069333285272614884,poiNode__ruin_lvl1_crownlands_alpha
938,612,1,1,1,Ruin,,1,01,4069333285272614884,poiNode__ruin_lvl1_crownlands_alpha
1227,612,1,1,1,Ruin,,1,01,4069333285272614884,poiNode__ruin_lvl1_crownlands_alpha
1847,612,1,1,1,Ruin,,1,01,4069333285272614884,poiNode__ruin_lvl1_crownlands_alpha
542,613,2,2,4,Settlement (Town),,1,07,5323986953385167127,poiNode__town_lvl1_food_crownlands_alpha
562,613,1,1,1,Ruin,,1,01,4069333285272614884,poiNode__ruin_lvl1_crownlands_alpha
1069,613,1,1,1,Ruin,,1,01,17522881336283509828,poiNode__ruin_lvl1_dorne_alpha
1329,613,1,1,1,Ruin,,1,01,4069333285272614884,poiNode__ruin_lvl1_crownlands_alpha
1394,613,1,1,1,Ruin,,1,01,4069333285272614884,poiNode__ruin_lvl1_crownlands_alpha
1442,613,1,1,1,Ruin,,1,01,4069333285272614884,poiNode__ruin_lvl1_crownlands_alpha
1812,613,1,1,1,Ruin,,1,01,4069333285272614884,poiNode__ruin_lvl1_crownlands_alpha
1920,613,2,2,4,Dragon Sanctum,,1,0f,10375726052514243646,poiNode__dragonsanctum_lv01_crownlands_alpha
760,614,1,1,1,Ruin,,1,01,4069333285272614884,poiNode__ruin_lvl1_crownlands_alpha
1104,614,1,1,1,Ruin,,1,01,4069333285272614884,poiNode__ruin_lvl1_crownlands_alpha
1336,614,1,2,2,Tunnel,,3,03,4189727306727788861,poiNode__tunnel_lvl3_crownlands_alpha
1699,614,3,3,9,Castle,,2,9f00,2677169842261652633,poiNode__castle_lvl2_crownlands_alpha
1478,615,1,1,1,Ruin,,1,01,4069333285272614884,poiNode__ruin_lvl1_crownlands_alpha
1520,615,1,1,1,Ruin,,1,01,4069333285272614884,poiNode__ruin_lvl1_crownlands_alpha
1825,615,2,2,4,Settlement (Town),,2,07,934088675522857109,poiNode__town_lvl2_iron_crownlands_alpha
1895,615,2,2,4,Settlement (Town),,2,07,13347178834781780590,poiNode__town_lvl2_wood_crownlands_alpha
895,616,3,3,9,Castle,,3,9f00,954995402910154266,poiNode__castle_lvl3_crownlands_alpha
1112,617,1,1,1,Ruin,,1,01,4069333285272614884,poiNode__ruin_lvl1_crownlands_alpha
1569,617,3,3,9,Castle,,2,b700,2677169842261652633,poiNode__castle_lvl2_crownlands_alpha
1881,617,1,1,1,Ruin,,1,01,4069333285272614884,poiNode__ruin_lvl1_crownlands_alpha
969,618,1,1,1,Ruin,,1,01,4069333285272614884,poiNode__ruin_lvl1_crownlands_alpha
1496,618,1,1,1,Ruin,,1,01,4069333285272614884,poiNode__ruin_lvl1_crownlands_alpha
1837,619,1,1,1,Ruin,,1,01,4069333285272614884,poiNode__ruin_lvl1_crownlands_alpha
1780,620,2,2,4,Settlement (Town),,2,0b,13347178834781780590,poiNode__town_lvl2_wood_crownlands_alpha
1900,620,1,1,1,Ruin,,1,01,4069333285272614884,poiNode__ruin_lvl1_crownlands_alpha
783,621,1,1,1,Ruin,,1,01,4069333285272614884,poiNode__ruin_lvl1_crownlands_alpha
956,621,1,1,1,Ruin,,1,01,4069333285272614884,poiNode__ruin_lvl1_crownlands_alpha
1243,621,1,1,1,Ruin,,1,01,4069333285272614884,poiNode__ruin_lvl1_crownlands_alpha
1349,621,1,1,1,Ruin,,1,01,4069333285272614884,poiNode__ruin_lvl1_crownlands_alpha
1374,621,3,3,9,Castle,,3,b700,954995402910154266,poiNode__castle_lvl3_crownlands_alpha
1621,621,3,5,15,Bridge,,2,9148,1498553686271999927,poiNode__bridge_5hex_lvl2_alpha
1663,621,2,2,4,Settlement (Town),,2,07,13347178834781780590,poiNode__town_lvl2_wood_crownlands_alpha
1785,621,1,1,1,Ruin,,1,01,4069333285272614884,poiNode__ruin_lvl1_crownlands_alpha
1278,622,1,1,1,Ruin,,1,01,4069333285272614884,poiNode__ruin_lvl1_crownlands_alpha
1575,622,2,2,4,Settlement (Town),,2,0b,934088675522857109,poiNode__town_lvl2_iron_crownlands_alpha
1767,622,1,1,1,Ruin,,1,01,4069333285272614884,poiNode__ruin_lvl1_crownlands_alpha
1069,623,1,1,1,Ruin,,1,01,4069333285272614884,poiNode__ruin_lvl1_crownlands_alpha
1224,623,3,3,9,Castle,,3,b700,954995402910154266,poiNode__castle_lvl3_crownlands_alpha
1385,623,1,1,1,Ruin,,1,01,4069333285272614884,poiNode__ruin_lvl1_crownlands_alpha
1597,623,1,1,1,Ruin,,1,01,4069333285272614884,poiNode__ruin_lvl1_crownlands_alpha
1699,623,1,1,1,Ruin,,1,01,4069333285272614884,poiNode__ruin_lvl1_crownlands_alpha
1874,623,1,1,1,Ruin,,1,01,4069333285272614884,poiNode__ruin_lvl1_crownlands_alpha
1926,623,1,1,1,Ruin,,1,01,4069333285272614884,poiNode__ruin_lvl1_crownlands_alpha
733,624,2,2,4,Settlement (Town),,1,0b,17988470253685371955,poiNode__town_lvl1_stone_crownlands_alpha
976,624,1,1,1,Ruin,,1,01,4069333285272614884,poiNode__ruin_lvl1_crownlands_alpha
1038,624,1,1,1,Ruin,,1,01,4069333285272614884,poiNode__ruin_lvl1_crownlands_alpha
1479,624,1,1,1,Ruin,,1,01,4069333285272614884,poiNode__ruin_lvl1_crownlands_alpha
1422,625,1,1,1,Ruin,,1,01,4069333285272614884,poiNode__ruin_lvl1_crownlands_alpha
1775,625,1,1,1,Ruin,,1,01,4069333285272614884,poiNode__ruin_lvl1_crownlands_alpha
1294,626,2,2,4,Settlement (Town),,3,0b,11591790737009394260,poiNode__town_lvl3_wood_crownlands_alpha
1458,626,1,1,1,Ruin,,1,01,4069333285272614884,poiNode__ruin_lvl1_crownlands_alpha
1725,626,2,3,6,Bridge,,2,),6488258009797769972,poiNode__bridge_3hex_lvl2_alpha
1808,626,1,1,1,Ruin,,1,01,4069333285272614884,poiNode__ruin_lvl1_crownlands_alpha
1894,626,1,1,1,Ruin,,1,01,4069333285272614884,poiNode__ruin_lvl1_crownlands_alpha
1942,626,4,3,12,Seat of Power,Rain House,,f707,1559958309618685150,poiNode__sop_RainHouse_alpha
590,627,2,2,4,Settlement (Town),,1,07,10599107479229116960,poiNode__town_lvl1_wood_crownlands_alpha
917,627,1,1,1,Ruin,,1,01,4069333285272614884,poiNode__ruin_lvl1_crownlands_alpha
1010,627,1,1,1,Ruin,,1,01,4069333285272614884,poiNode__ruin_lvl1_crownlands_alpha
1303,627,1,1,1,Ruin,,1,01,4069333285272614884,poiNode__ruin_lvl1_crownlands_alpha
1378,627,2,2,4,Dragon Sanctum,,2,0f,17822386685165763515,poiNode__dragonsanctum_lv02_crownlands_alpha
1544,627,1,1,1,Ruin,,1,01,4069333285272614884,poiNode__ruin_lvl1_crownlands_alpha
1961,627,1,1,1,Ruin,,1,01,4069333285272614884,poiNode__ruin_lvl1_crownlands_alpha
942,628,1,1,1,Ruin,,1,01,4069333285272614884,poiNode__ruin_lvl1_crownlands_alpha
1325,628,1,1,1,Ruin,,1,01,4069333285272614884,poiNode__ruin_lvl1_crownlands_alpha
1409,628,1,1,1,Ruin,,1,01,4069333285272614884,poiNode__ruin_lvl1_crownlands_alpha
1638,628,1,1,1,Ruin,,1,01,4069333285272614884,poiNode__ruin_lvl1_crownlands_alpha
599,629,2,2,4,Crossing,,1,,186484103584441603,poiNode__crossing_lvl1_alpha
986,629,1,1,1,Ruin,,1,01,4069333285272614884,poiNode__ruin_lvl1_crownlands_alpha
1046,629,1,1,1,Ruin,,1,01,4069333285272614884,poiNode__ruin_lvl1_crownlands_alpha
1491,629,1,2,2,Tunnel,,3,03,4189727306727788861,poiNode__tunnel_lvl3_crownlands_alpha
1535,629,1,1,1,Ruin,,1,01,4069333285272614884,poiNode__ruin_lvl1_crownlands_alpha
1657,629,1,1,1,Ruin,,1,01,4069333285272614884,poiNode__ruin_lvl1_crownlands_alpha
1716,629,1,1,1,Ruin,,1,01,4069333285272614884,poiNode__ruin_lvl1_crownlands_alpha
1798,629,2,2,4,Settlement (Town),,2,07,6299085069917208579,poiNode__town_lvl2_stone_crownlands_alpha
553,630,1,1,1,Ruin,,1,01,4069333285272614884,poiNode__ruin_lvl1_crownlands_alpha
1271,630,3,2,6,Dragon Sanctum,,1,1e,10375726052514243646,poiNode__dragonsanctum_lv01_crownlands_alpha
1913,630,1,1,1,Ruin,,1,01,4069333285272614884,poiNode__ruin_lvl1_crownlands_alpha
908,631,1,1,1,Ruin,,1,01,4069333285272614884,poiNode__ruin_lvl1_crownlands_alpha
1107,631,1,1,1,Ruin,,1,01,4069333285272614884,poiNode__ruin_lvl1_crownlands_alpha
1119,631,1,1,1,Ruin,,1,01,4069333285272614884,poiNode__ruin_lvl1_crownlands_alpha
1224,631,2,2,4,Crossing,,3,,11761877450986962679,poiNode__crossing_lvl3_alpha
1575,631,1,2,2,Crossing,,2,03,17576595532914463501,poiNode__crossing_lvl2_alpha
586,632,1,1,1,Ruin,,1,01,4069333285272614884,poiNode__ruin_lvl1_crownlands_alpha
663,632,2,2,4,Settlement (Town),,1,0b,10599107479229116960,poiNode__town_lvl1_wood_crownlands_alpha
970,632,2,2,4,Settlement (Town),,3,0b,1518391056412782767,poiNode__town_lvl3_iron_crownlands_alpha
1054,632,1,1,1,Ruin,,1,01,4069333285272614884,poiNode__ruin_lvl1_crownlands_alpha
1292,632,1,1,1,Ruin,,1,01,4069333285272614884,poiNode__ruin_lvl1_crownlands_alpha
1601,632,2,2,4,Tunnel,,2,06,1315898000168475582,poiNode__tunnel_lvl2_crownlands_alpha
1671,632,1,1,1,Ruin,,1,01,4069333285272614884,poiNode__ruin_lvl1_crownlands_alpha
1694,632,1,1,1,Ruin,,1,01,4069333285272614884,poiNode__ruin_lvl1_crownlands_alpha
1128,633,1,1,1,Ruin,,1,01,4069333285272614884,poiNode__ruin_lvl1_crownlands_alpha
1384,633,1,1,1,Ruin,,1,01,4069333285272614884,poiNode__ruin_lvl1_crownlands_alpha
1486,633,2,2,4,Tunnel,,3,,4189727306727788861,poiNode__tunnel_lvl3_crownlands_alpha
1724,633,1,1,1,Ruin,,1,01,4069333285272614884,poiNode__ruin_lvl1_crownlands_alpha
1758,633,1,1,1,Ruin,,1,01,4069333285272614884,poiNode__ruin_lvl1_crownlands_alpha
963,634,1,1,1,Ruin,,1,01,4069333285272614884,poiNode__ruin_lvl1_crownlands_alpha
1196,634,1,1,1,Ruin,,1,01,4069333285272614884,poiNode__ruin_lvl1_crownlands_alpha
1623,634,1,1,1,Ruin,,1,01,4069333285272614884,poiNode__ruin_lvl1_crownlands_alpha
775,635,4,4,16,Seat of Power,Highgarden,,vn,13198293679771267582,poiNode__sop_Highgarden_alpha
977,635,1,1,1,Ruin,,1,01,4069333285272614884,poiNode__ruin_lvl1_crownlands_alpha
1740,635,2,2,4,Crossing,,2,,17576595532914463501,poiNode__crossing_lvl2_alpha
1924,635,1,1,1,Ruin,,1,01,4069333285272614884,poiNode__ruin_lvl1_crownlands_alpha
1229,636,2,2,4,Crossing,,3,,11761877450986962679,poiNode__crossing_lvl3_alpha
1359,636,2,2,4,Settlement (Town),,3,0b,1518391056412782767,poiNode__town_lvl3_iron_crownlands_alpha
1571,636,1,2,2,Crossing,,2,03,17576595532914463501,poiNode__crossing_lvl2_alpha
1646,636,3,1,3,Bridge,,2,07,6488258009797769972,poiNode__bridge_3hex_lvl2_alpha
943,637,2,2,4,Settlement (Town),,3,07,8803219746350610787,poiNode__town_lvl3_food_crownlands_alpha
1408,637,1,1,1,Ruin,,1,01,4069333285272614884,poiNode__ruin_lvl1_crownlands_alpha
1442,637,1,1,1,Ruin,,1,01,4069333285272614884,poiNode__ruin_lvl1_crownlands_alpha
1090,638,1,1,1,Ruin,,1,01,4069333285272614884,poiNode__ruin_lvl1_crownlands_alpha
1370,638,1,1,1,Ruin,,1,01,4069333285272614884,poiNode__ruin_lvl1_crownlands_alpha
1751,638,2,2,4,Crossing,,2,06,17576595532914463501,poiNode__crossing_lvl2_alpha
1778,638,1,1,1,Ruin,,1,01,4069333285272614884,poiNode__ruin_lvl1_crownlands_alpha
1907,638,1,1,1,Ruin,,1,01,4069333285272614884,poiNode__ruin_lvl1_crownlands_alpha
1311,639,1,1,1,Ruin,,1,01,4069333285272614884,poiNode__ruin_lvl1_crownlands_alpha
1600,639,2,1,2,Tunnel,,2,03,1315898000168475582,poiNode__tunnel_lvl2_crownlands_alpha
1665,639,1,1,1,Ruin,,1,01,4069333285272614884,poiNode__ruin_lvl1_crownlands_alpha
988,640,1,1,1,Ruin,,1,01,4069333285272614884,poiNode__ruin_lvl1_crownlands_alpha
1632,640,3,2,6,Dragon Sanctum,,1,1e,10375726052514243646,poiNode__dragonsanctum_lv01_crownlands_alpha
1765,640,1,1,1,Ruin,,1,01,4069333285272614884,poiNode__ruin_lvl1_crownlands_alpha
575,641,1,1,1,Ruin,,1,01,4069333285272614884,poiNode__ruin_lvl1_crownlands_alpha
1162,641,1,1,1,Ruin,,1,01,4069333285272614884,poiNode__ruin_lvl1_crownlands_alpha
1277,641,1,1,1,Ruin,,1,01,4069333285272614884,poiNode__ruin_lvl1_crownlands_alpha
1916,641,2,2,4,Harbor/Dock,,2,,16078488310347410484,poiNode__harbor_lvl2_alpha
604,642,2,2,4,Crossing,,1,,186484103584441603,poiNode__crossing_lvl1_alpha
788,642,1,1,1,Ruin,,1,01,4069333285272614884,poiNode__ruin_lvl1_crownlands_alpha
1685,642,1,1,1,Ruin,,1,01,4069333285272614884,poiNode__ruin_lvl1_crownlands_alpha
1786,642,1,1,1,Ruin,,1,01,4069333285272614884,poiNode__ruin_lvl1_crownlands_alpha
929,643,1,1,1,Ruin,,1,01,4069333285272614884,poiNode__ruin_lvl1_crownlands_alpha
1496,643,1,1,1,Ruin,,1,01,4069333285272614884,poiNode__ruin_lvl1_crownlands_alpha
1526,643,1,1,1,Ruin,,1,01,4069333285272614884,poiNode__ruin_lvl1_crownlands_alpha
1003,644,1,1,1,Ruin,,1,01,4069333285272614884,poiNode__ruin_lvl1_crownlands_alpha
1292,644,1,1,1,Ruin,,1,01,4069333285272614884,poiNode__ruin_lvl1_crownlands_alpha
1476,644,1,1,1,Ruin,,1,01,4069333285272614884,poiNode__ruin_lvl1_crownlands_alpha
896,645,1,1,1,Ruin,,1,01,4069333285272614884,poiNode__ruin_lvl1_crownlands_alpha
1009,645,2,2,4,Settlement (Town),,3,07,8803219746350610787,poiNode__town_lvl3_food_crownlands_alpha
1118,645,2,2,4,Crossing,,3,,11761877450986962679,poiNode__crossing_lvl3_alpha
1186,645,1,1,1,Ruin,,1,01,4069333285272614884,poiNode__ruin_lvl1_crownlands_alpha
1044,646,1,1,1,Ruin,,1,01,4069333285272614884,poiNode__ruin_lvl1_crownlands_alpha
1549,646,1,1,1,Ruin,,1,01,4069333285272614884,poiNode__ruin_lvl1_crownlands_alpha
1570,646,1,1,1,Ruin,,1,01,4069333285272614884,poiNode__ruin_lvl1_crownlands_alpha
742,647,1,1,1,Ruin,,1,01,4069333285272614884,poiNode__ruin_lvl1_crownlands_alpha
944,647,1,1,1,Ruin,,1,01,4069333285272614884,poiNode__ruin_lvl1_crownlands_alpha
1070,647,1,1,1,Ruin,,1,01,4069333285272614884,poiNode__ruin_lvl1_crownlands_alpha
1091,647,1,1,1,Ruin,,1,01,4069333285272614884,poiNode__ruin_lvl1_crownlands_alpha
1304,647,1,1,1,Ruin,,1,01,4069333285272614884,poiNode__ruin_lvl1_crownlands_alpha
1371,647,1,1,1,Ruin,,1,01,4069333285272614884,poiNode__ruin_lvl1_crownlands_alpha
1920,647,1,2,2,Crossing,,2,03,17576595532914463501,poiNode__crossing_lvl2_alpha
912,648,1,1,1,Ruin,,1,01,4069333285272614884,poiNode__ruin_lvl1_crownlands_alpha
1318,648,1,1,1,Ruin,,1,01,4069333285272614884,poiNode__ruin_lvl1_crownlands_alpha
1398,649,1,1,1,Ruin,,1,01,4069333285272614884,poiNode__ruin_lvl1_crownlands_alpha
1534,649,1,1,1,Ruin,,1,01,4069333285272614884,poiNode__ruin_lvl1_crownlands_alpha
1779,649,1,1,1,Ruin,,1,01,4069333285272614884,poiNode__ruin_lvl1_crownlands_alpha
1430,650,2,2,4,Settlement (Town),,3,0b,1518391056412782767,poiNode__town_lvl3_iron_crownlands_alpha
1714,650,5,1,5,Bridge,,2,1f,1498553686271999927,poiNode__bridge_5hex_lvl2_alpha
1761,650,1,1,1,Ruin,,1,01,4069333285272614884,poiNode__ruin_lvl1_crownlands_alpha
1359,651,2,2,4,Dragon Sanctum,,1,0f,10375726052514243646,poiNode__dragonsanctum_lv01_crownlands_alpha
1413,651,1,1,1,Ruin,,1,01,4069333285272614884,poiNode__ruin_lvl1_crownlands_alpha
1424,651,1,1,1,Ruin,,1,01,4069333285272614884,poiNode__ruin_lvl1_crownlands_alpha
1796,651,1,1,1,Ruin,,1,01,4069333285272614884,poiNode__ruin_lvl1_crownlands_alpha
987,652,2,2,4,Settlement (Town),,3,0b,1518391056412782767,poiNode__town_lvl3_iron_crownlands_alpha
1062,652,1,1,1,Ruin,,1,01,4069333285272614884,poiNode__ruin_lvl1_crownlands_alpha
1119,652,1,2,2,Crossing,,3,03,11761877450986962679,poiNode__crossing_lvl3_alpha
1193,652,1,2,2,Crossing,,3,03,11761877450986962679,poiNode__crossing_lvl3_alpha
1239,653,2,2,4,Dragon Sanctum,,3,0f,16082973056167260472,poiNode__dragonsanctum_lv03_crownlands_alpha
1597,653,1,1,1,Ruin,,1,01,4069333285272614884,poiNode__ruin_lvl1_crownlands_alpha
1767,653,2,2,4,Settlement (Town),,2,07,6299085069917208579,poiNode__town_lvl2_stone_crownlands_alpha
905,654,2,2,4,Settlement (Town),,3,0b,3662043920122588179,poiNode__town_lvl3_stone_crownlands_alpha
921,654,1,1,1,Ruin,,1,01,4069333285272614884,poiNode__ruin_lvl1_crownlands_alpha
1683,654,1,1,1,Ruin,,1,01,4069333285272614884,poiNode__ruin_lvl1_crownlands_alpha
1164,655,1,2,2,Crossing,,3,03,11761877450986962679,poiNode__crossing_lvl3_alpha
1447,655,1,1,1,Ruin,,1,01,4069333285272614884,poiNode__ruin_lvl1_crownlands_alpha
1522,655,1,2,2,Crossing,,3,03,11761877450986962679,poiNode__crossing_lvl3_alpha
1615,655,1,1,1,Ruin,,1,01,4069333285272614884,poiNode__ruin_lvl1_crownlands_alpha
712,656,2,2,4,Settlement (Town),,1,0b,2800008357386502363,poiNode__town_lvl1_iron_crownlands_alpha
947,656,3,3,9,Castle,,3,9f00,954995402910154266,poiNode__castle_lvl3_crownlands_alpha
1648,656,2,2,4,Settlement (Town),,2,0b,13347178834781780590,poiNode__town_lvl2_wood_crownlands_alpha
1919,656,2,2,4,Crossing,,2,06,17576595532914463501,poiNode__crossing_lvl2_alpha
1204,657,2,2,4,Dragon Sanctum,,2,0f,17822386685165763515,poiNode__dragonsanctum_lv02_crownlands_alpha
1701,657,2,2,4,Settlement (Town),,2,07,934088675522857109,poiNode__town_lvl2_iron_crownlands_alpha
1066,658,3,3,9,Castle,,3,9f00,954995402910154266,poiNode__castle_lvl3_crownlands_alpha
1199,658,3,4,12,Seat of Power,Harvest Hall,,fb0d,15041944876797960903,poiNode__sop_HarvestHall_alpha
1268,658,3,3,9,Castle,,3,9f00,954995402910154266,poiNode__castle_lvl3_crownlands_alpha
1505,658,2,2,4,Settlement (Town),,3,0b,8803219746350610787,poiNode__town_lvl3_food_crownlands_alpha
977,659,1,1,1,Ruin,,1,01,4069333285272614884,poiNode__ruin_lvl1_crownlands_alpha
1160,659,2,2,4,Crossing,,3,06,11761877450986962679,poiNode__crossing_lvl3_alpha
1490,659,2,2,4,Dragon Sanctum,,2,0f,17822386685165763515,poiNode__dragonsanctum_lv02_crownlands_alpha
1134,660,1,1,1,Ruin,,1,01,4069333285272614884,poiNode__ruin_lvl1_crownlands_alpha
1144,660,1,1,1,Ruin,,1,01,4069333285272614884,poiNode__ruin_lvl1_crownlands_alpha
1379,660,1,1,1,Ruin,,1,01,4069333285272614884,poiNode__ruin_lvl1_crownlands_alpha
1397,660,2,2,4,Settlement (Town),,3,0b,11591790737009394260,poiNode__town_lvl3_wood_crownlands_alpha
634,661,3,3,9,Castle,,1,b700,6741636123857038108,poiNode__castle_lvl1_crownlands_alpha
1301,661,3,4,12,Bridge,,3,9108,10979979365687151544,poiNode__bridge_4hex_lvl3_alpha
770,662,1,1,1,Ruin,,1,01,4069333285272614884,poiNode__ruin_lvl1_crownlands_alpha
814,662,2,2,4,Crossing,,1,06,186484103584441603,poiNode__crossing_lvl1_alpha
935,662,1,1,1,Ruin,,1,01,4069333285272614884,poiNode__ruin_lvl1_crownlands_alpha
986,662,1,1,1,Ruin,,1,01,4069333285272614884,poiNode__ruin_lvl1_crownlands_alpha
951,663,1,1,1,Ruin,,1,01,4069333285272614884,poiNode__ruin_lvl1_crownlands_alpha
1193,663,2,2,4,Crossing,,3,06,11761877450986962679,poiNode__crossing_lvl3_alpha
1517,663,2,2,4,Crossing,,3,06,11761877450986962679,poiNode__crossing_lvl3_alpha
1595,663,1,1,1,Ruin,,1,01,4069333285272614884,poiNode__ruin_lvl1_crownlands_alpha
657,664,1,1,1,Ruin,,1,01,4069333285272614884,poiNode__ruin_lvl1_crownlands_alpha
1425,664,1,1,1,Ruin,,1,01,4069333285272614884,poiNode__ruin_lvl1_crownlands_alpha
1457,664,1,1,1,Ruin,,1,01,4069333285272614884,poiNode__ruin_lvl1_crownlands_alpha
1771,664,1,1,1,Ruin,,1,01,4069333285272614884,poiNode__ruin_lvl1_crownlands_alpha
1917,664,1,2,2,Crossing,,2,03,17576595532914463501,poiNode__crossing_lvl2_alpha
971,665,1,1,1,Ruin,,1,01,4069333285272614884,poiNode__ruin_lvl1_crownlands_alpha
874,666,1,1,1,Ruin,,1,01,4069333285272614884,poiNode__ruin_lvl1_crownlands_alpha
1032,666,2,2,4,Settlement (Town),,3,0b,11591790737009394260,poiNode__town_lvl3_wood_crownlands_alpha
1104,667,1,1,1,Ruin,,1,01,4069333285272614884,poiNode__ruin_lvl1_crownlands_alpha
976,668,1,1,1,Ruin,,1,01,4069333285272614884,poiNode__ruin_lvl1_crownlands_alpha
1071,668,3,5,15,Bridge,,3,8944,4908333263510868557,poiNode__bridge_5hex_lvl3_alpha
1448,668,3,2,6,Dragon Sanctum,,1,1e,10375726052514243646,poiNode__dragonsanctum_lv01_crownlands_alpha
1617,668,1,1,1,Ruin,,1,01,4069333285272614884,poiNode__ruin_lvl1_crownlands_alpha
810,669,2,2,4,Crossing,,1,06,186484103584441603,poiNode__crossing_lvl1_alpha
1083,669,2,2,4,Settlement (Town),,3,07,11591790737009394260,poiNode__town_lvl3_wood_crownlands_alpha
1572,669,2,2,4,Settlement (Town),,2,07,7192166805953233241,poiNode__town_lvl2_food_crownlands_alpha
900,670,3,3,9,Castle,,3,9f00,954995402910154266,poiNode__castle_lvl3_crownlands_alpha
1289,670,1,1,1,Ruin,,1,01,4069333285272614884,poiNode__ruin_lvl1_crownlands_alpha
1343,670,1,1,1,Ruin,,1,01,4069333285272614884,poiNode__ruin_lvl1_crownlands_alpha
1376,670,3,2,6,Dragon Sanctum,,1,1e,10375726052514243646,poiNode__dragonsanctum_lv01_crownlands_alpha
1558,670,1,1,1,Ruin,,1,01,4069333285272614884,poiNode__ruin_lvl1_crownlands_alpha
1586,670,1,1,1,Ruin,,1,01,4069333285272614884,poiNode__ruin_lvl1_crownlands_alpha
631,671,1,1,1,Ruin,,1,01,4069333285272614884,poiNode__ruin_lvl1_crownlands_alpha
686,672,1,1,1,Ruin,,1,01,4069333285272614884,poiNode__ruin_lvl1_crownlands_alpha
1183,672,1,1,1,Ruin,,1,01,4069333285272614884,poiNode__ruin_lvl1_crownlands_alpha
1420,672,2,2,4,Tunnel,,3,06,4189727306727788861,poiNode__tunnel_lvl3_crownlands_alpha
1532,672,1,1,1,Ruin,,1,01,4069333285272614884,poiNode__ruin_lvl1_crownlands_alpha
890,673,2,2,4,Dragon Sanctum,,1,0f,10375726052514243646,poiNode__dragonsanctum_lv01_crownlands_alpha
1016,673,3,3,9,Castle,,3,b700,954995402910154266,poiNode__castle_lvl3_crownlands_alpha
1363,673,1,1,1,Ruin,,1,01,4069333285272614884,poiNode__ruin_lvl1_crownlands_alpha
1915,673,2,2,4,Crossing,,2,,17576595532914463501,poiNode__crossing_lvl2_alpha
783,674,3,3,9,Castle,,1,9f00,6741636123857038108,poiNode__castle_lvl1_crownlands_alpha
943,674,1,1,1,Ruin,,1,01,4069333285272614884,poiNode__ruin_lvl1_crownlands_alpha
1004,674,1,1,1,Ruin,,1,01,4069333285272614884,poiNode__ruin_lvl1_crownlands_alpha
1296,674,2,2,4,Settlement (Town),,3,0b,3662043920122588179,poiNode__town_lvl3_stone_crownlands_alpha
1639,674,1,1,1,Ruin,,1,01,4069333285272614884,poiNode__ruin_lvl1_crownlands_alpha
915,675,1,1,1,Ruin,,1,01,4069333285272614884,poiNode__ruin_lvl1_crownlands_alpha
1030,675,1,1,1,Ruin,,1,01,4069333285272614884,poiNode__ruin_lvl1_crownlands_alpha
1220,675,2,2,4,Settlement (Town),,3,07,1518391056412782767,poiNode__town_lvl3_iron_crownlands_alpha
1572,675,1,1,1,Ruin,,1,01,4069333285272614884,poiNode__ruin_lvl1_crownlands_alpha
974,676,1,1,1,Ruin,,1,01,4069333285272614884,poiNode__ruin_lvl1_crownlands_alpha
1134,676,1,1,1,Ruin,,1,01,4069333285272614884,poiNode__ruin_lvl1_crownlands_alpha
984,677,1,1,1,Ruin,,1,01,4069333285272614884,poiNode__ruin_lvl1_crownlands_alpha
1383,677,2,2,4,Settlement (Town),,3,07,3662043920122588179,poiNode__town_lvl3_stone_crownlands_alpha
1616,677,2,2,4,Settlement (Town),,2,07,934088675522857109,poiNode__town_lvl2_iron_crownlands_alpha
928,678,1,1,1,Ruin,,1,01,4069333285272614884,poiNode__ruin_lvl1_crownlands_alpha
1180,678,3,3,9,Castle,,3,9f00,954995402910154266,poiNode__castle_lvl3_crownlands_alpha
1478,678,2,2,4,Tunnel,,3,06,4189727306727788861,poiNode__tunnel_lvl3_crownlands_alpha
1541,678,1,2,2,Tunnel,,2,03,1315898000168475582,poiNode__tunnel_lvl2_crownlands_alpha
1605,678,3,3,9,Castle,,2,9f00,2677169842261652633,poiNode__castle_lvl2_crownlands_alpha
642,679,1,1,1,Ruin,,1,01,4069333285272614884,poiNode__ruin_lvl1_crownlands_alpha
799,679,1,2,2,Crossing,,1,03,186484103584441603,poiNode__crossing_lvl1_alpha
937,679,2,2,4,Settlement (Town),,3,07,11591790737009394260,poiNode__town_lvl3_wood_crownlands_alpha
1416,679,2,2,4,Tunnel,,3,06,4189727306727788861,poiNode__tunnel_lvl3_crownlands_alpha
792,680,1,2,2,Crossing,,1,03,186484103584441603,poiNode__crossing_lvl1_alpha
1628,680,1,1,1,Ruin,,1,01,4069333285272614884,poiNode__ruin_lvl1_crownlands_alpha
1472,681,2,1,2,Tunnel,,3,03,4189727306727788861,poiNode__tunnel_lvl3_crownlands_alpha
1598,681,1,1,1,Ruin,,1,01,4069333285272614884,poiNode__ruin_lvl1_crownlands_alpha
1612,681,1,1,1,Ruin,,1,01,4069333285272614884,poiNode__ruin_lvl1_crownlands_alpha
892,682,1,1,1,Ruin,,1,01,4069333285272614884,poiNode__ruin_lvl1_crownlands_alpha
1003,682,2,2,4,Settlement (Town),,3,0b,11591790737009394260,poiNode__town_lvl3_wood_crownlands_alpha
1170,682,2,2,4,Settlement (Town),,3,0b,1518391056412782767,poiNode__town_lvl3_iron_crownlands_alpha
1043,683,1,1,1,Ruin,,1,01,4069333285272614884,poiNode__ruin_lvl1_crownlands_alpha
1128,683,1,1,1,Ruin,,1,01,4069333285272614884,poiNode__ruin_lvl1_crownlands_alpha
1378,683,1,1,1,Ruin,,1,01,4069333285272614884,poiNode__ruin_lvl1_crownlands_alpha
1917,683,1,2,2,Crossing,,2,03,17576595532914463501,poiNode__crossing_lvl2_alpha
884,684,1,1,1,Ruin,,1,01,4069333285272614884,poiNode__ruin_lvl1_crownlands_alpha
992,684,1,1,1,Ruin,,1,01,4069333285272614884,poiNode__ruin_lvl1_crownlands_alpha
1083,684,3,2,6,Dragon Sanctum,,3,1e,16082973056167260472,poiNode__dragonsanctum_lv03_crownlands_alpha
1566,684,1,1,1,Ruin,,1,01,4069333285272614884,poiNode__ruin_lvl1_crownlands_alpha
917,686,3,2,6,Dragon Sanctum,,1,1e,10375726052514243646,poiNode__dragonsanctum_lv01_crownlands_alpha
1549,686,2,1,2,Tunnel,,2,03,1315898000168475582,poiNode__tunnel_lvl2_crownlands_alpha
1157,687,1,1,1,Ruin,,1,01,4069333285272614884,poiNode__ruin_lvl1_crownlands_alpha
1250,687,2,2,4,Settlement (Town),,3,07,3662043920122588179,poiNode__town_lvl3_stone_crownlands_alpha
1275,687,1,2,2,Tunnel,,3,03,4189727306727788861,poiNode__tunnel_lvl3_crownlands_alpha
1671,687,4,4,16,Seat of Power,Griffins Roost,,e667,12312732193366326919,poiNode__sop_GriffinsRoost_alpha
968,688,1,1,1,Ruin,,1,01,4069333285272614884,poiNode__ruin_lvl1_crownlands_alpha
1093,688,1,1,1,Ruin,,1,01,4069333285272614884,poiNode__ruin_lvl1_crownlands_alpha
1434,688,1,1,1,Ruin,,1,01,4069333285272614884,poiNode__ruin_lvl1_crownlands_alpha
1447,688,2,2,4,Settlement (Town),,3,0b,1518391056412782767,poiNode__town_lvl3_iron_crownlands_alpha
814,689,1,1,1,Ruin,,1,01,4069333285272614884,poiNode__ruin_lvl1_crownlands_alpha
924,689,1,1,1,Ruin,,1,01,4069333285272614884,poiNode__ruin_lvl1_crownlands_alpha
1015,689,2,2,4,Crossing,,3,,11761877450986962679,poiNode__crossing_lvl3_alpha
1202,689,1,1,1,Ruin,,1,01,4069333285272614884,poiNode__ruin_lvl1_crownlands_alpha
1419,689,1,1,1,Ruin,,1,01,4069333285272614884,poiNode__ruin_lvl1_crownlands_alpha
733,690,1,1,1,Ruin,,1,01,4069333285272614884,poiNode__ruin_lvl1_crownlands_alpha
903,690,2,2,4,Settlement (Town),,3,0b,8803219746350610787,poiNode__town_lvl3_food_crownlands_alpha
1265,690,1,1,1,Ruin,,1,01,4069333285272614884,poiNode__ruin_lvl1_crownlands_alpha
1922,690,1,2,2,Crossing,,2,03,17576595532914463501,poiNode__crossing_lvl2_alpha
975,691,1,1,1,Ruin,,1,01,4069333285272614884,poiNode__ruin_lvl1_crownlands_alpha
1632,691,1,2,2,Tunnel,,2,03,1315898000168475582,poiNode__tunnel_lvl2_crownlands_alpha
600,692,2,2,4,Crossing,,2,06,17576595532914463501,poiNode__crossing_lvl2_alpha
1068,692,3,2,6,Dragon Sanctum,,1,1e,10375726052514243646,poiNode__dragonsanctum_lv01_crownlands_alpha
1515,692,2,1,2,Tunnel,,3,03,4189727306727788861,poiNode__tunnel_lvl3_crownlands_alpha
1551,692,2,2,4,Tunnel,,4,06,16362520254717945012,poiNode__tunnel_lvl4_crownlands_alpha
793,693,1,1,1,Ruin,,1,01,4069333285272614884,poiNode__ruin_lvl1_crownlands_alpha
940,693,1,1,1,Ruin,,1,01,4069333285272614884,poiNode__ruin_lvl1_crownlands_alpha
1384,693,1,1,1,Ruin,,1,01,4069333285272614884,poiNode__ruin_lvl1_crownlands_alpha
1470,693,1,1,1,Ruin,,1,01,4069333285272614884,poiNode__ruin_lvl1_crownlands_alpha
1507,693,2,2,4,Tunnel,,3,,4189727306727788861,poiNode__tunnel_lvl3_crownlands_alpha
993,694,1,1,1,Ruin,,1,01,4069333285272614884,poiNode__ruin_lvl1_crownlands_alpha
1140,694,1,1,1,Ruin,,1,01,4069333285272614884,poiNode__ruin_lvl1_crownlands_alpha
1459,694,1,1,1,Ruin,,1,01,4069333285272614884,poiNode__ruin_lvl1_crownlands_alpha
1051,695,4,4,16,Seat of Power,Ashford,,e667,32402841070810760,poiNode__sop_Ashford_alpha
1021,696,2,2,4,Crossing,,3,,11761877450986962679,poiNode__crossing_lvl3_alpha
1285,696,1,1,1,Ruin,,1,01,4069333285272614884,poiNode__ruin_lvl1_crownlands_alpha
1323,696,1,1,1,Ruin,,1,01,4069333285272614884,poiNode__ruin_lvl1_crownlands_alpha
1361,696,1,1,1,Ruin,,1,01,4069333285272614884,poiNode__ruin_lvl1_crownlands_alpha
1586,696,1,1,1,Ruin,,1,01,4069333285272614884,poiNode__ruin_lvl1_crownlands_alpha
1153,697,1,1,1,Ruin,,1,01,4069333285272614884,poiNode__ruin_lvl1_crownlands_alpha
1628,697,2,2,4,Tunnel,,2,06,1315898000168475582,poiNode__tunnel_lvl2_crownlands_alpha
910,698,1,1,1,Ruin,,1,01,4069333285272614884,poiNode__ruin_lvl1_crownlands_alpha
1088,698,1,1,1,Ruin,,1,01,4069333285272614884,poiNode__ruin_lvl1_crownlands_alpha
1243,698,1,1,1,Ruin,,1,01,4069333285272614884,poiNode__ruin_lvl1_crownlands_alpha
1275,698,1,2,2,Tunnel,,3,03,4189727306727788861,poiNode__tunnel_lvl3_crownlands_alpha
1540,698,1,1,1,Ruin,,1,01,4069333285272614884,poiNode__ruin_lvl1_crownlands_alpha
1121,699,1,1,1,Ruin,,1,01,4069333285272614884,poiNode__ruin_lvl1_crownlands_alpha
1334,699,1,1,1,Ruin,,1,01,4069333285272614884,poiNode__ruin_lvl1_crownlands_alpha
1530,699,1,1,1,Ruin,,1,01,4069333285272614884,poiNode__ruin_lvl1_crownlands_alpha
810,700,1,1,1,Ruin,,1,01,4069333285272614884,poiNode__ruin_lvl1_crownlands_alpha
1235,700,1,1,1,Ruin,,1,01,4069333285272614884,poiNode__ruin_lvl1_crownlands_alpha
1430,700,3,2,6,Dragon Sanctum,,1,1e,10375726052514243646,poiNode__dragonsanctum_lv01_crownlands_alpha
955,701,1,1,1,Ruin,,1,01,4069333285272614884,poiNode__ruin_lvl1_crownlands_alpha
1449,701,1,1,1,Ruin,,1,01,4069333285272614884,poiNode__ruin_lvl1_crownlands_alpha
1926,701,2,2,4,Harbor/Dock,,2,07,16078488310347410484,poiNode__harbor_lvl2_alpha
657,702,2,2,4,Crossing,,1,06,186484103584441603,poiNode__crossing_lvl1_alpha
897,702,1,2,2,Crossing,,3,03,11761877450986962679,poiNode__crossing_lvl3_alpha
1075,702,1,1,1,Ruin,,1,01,4069333285272614884,poiNode__ruin_lvl1_crownlands_alpha
1220,702,1,1,1,Ruin,,1,01,4069333285272614884,poiNode__ruin_lvl1_crownlands_alpha
1548,702,1,2,2,Tunnel,,4,03,16362520254717945012,poiNode__tunnel_lvl4_crownlands_alpha
595,703,2,2,4,Crossing,,2,06,17576595532914463501,poiNode__crossing_lvl2_alpha
1027,703,1,1,1,Ruin,,1,01,4069333285272614884,poiNode__ruin_lvl1_crownlands_alpha
1514,703,1,2,2,Tunnel,,4,03,16362520254717945012,poiNode__tunnel_lvl4_crownlands_alpha
1009,705,1,1,1,Ruin,,1,01,4069333285272614884,poiNode__ruin_lvl1_crownlands_alpha
1107,705,1,1,1,Ruin,,1,01,4069333285272614884,poiNode__ruin_lvl1_crownlands_alpha
1581,705,3,3,9,Castle,,4,b700,15309825242278153107,poiNode__castle_lvl4_crownlands_alpha
1651,705,1,1,1,Ruin,,1,01,4069333285272614884,poiNode__ruin_lvl1_crownlands_alpha
1475,706,3,3,9,Castle,,3,9f00,954995402910154266,poiNode__castle_lvl3_crownlands_alpha
899,707,1,2,2,Crossing,,3,03,11761877450986962679,poiNode__crossing_lvl3_alpha
1099,707,2,2,4,Settlement (Town),,3,07,11591790737009394260,poiNode__town_lvl3_wood_crownlands_alpha
1227,707,3,5,15,Bridge,,3,a414,4908333263510868557,poiNode__bridge_5hex_lvl3_alpha
1944,707,1,1,1,Ruin,,1,01,4069333285272614884,poiNode__ruin_lvl1_crownlands_alpha
888,708,1,1,1,Ruin,,1,01,4069333285272614884,poiNode__ruin_lvl1_crownlands_alpha
1065,708,1,1,1,Ruin,,1,01,4069333285272614884,poiNode__ruin_lvl1_crownlands_alpha
1133,708,1,1,1,Ruin,,1,01,4069333285272614884,poiNode__ruin_lvl1_crownlands_alpha
1295,708,1,1,1,Ruin,,1,01,4069333285272614884,poiNode__ruin_lvl1_crownlands_alpha
1545,708,1,1,1,Ruin,,1,01,4069333285272614884,poiNode__ruin_lvl1_crownlands_alpha
1610,708,2,2,4,Tunnel,,4,06,16362520254717945012,poiNode__tunnel_lvl4_crownlands_alpha
1917,708,1,1,1,Ruin,,1,01,4069333285272614884,poiNode__ruin_lvl1_crownlands_alpha
1934,708,1,1,1,Ruin,,1,01,4069333285272614884,poiNode__ruin_lvl1_crownlands_alpha
939,709,3,5,15,Bridge,,3,a414,4908333263510868557,poiNode__bridge_5hex_lvl3_alpha
1041,709,1,1,1,Ruin,,1,01,4069333285272614884,poiNode__ruin_lvl1_crownlands_alpha
1115,709,1,1,1,Ruin,,1,01,4069333285272614884,poiNode__ruin_lvl1_crownlands_alpha
1155,709,1,1,1,Ruin,,1,01,4069333285272614884,poiNode__ruin_lvl1_crownlands_alpha
1954,709,1,1,1,Ruin,,1,01,4069333285272614884,poiNode__ruin_lvl1_crownlands_alpha
522,710,2,2,4,Crossing,,2,06,17576595532914463501,poiNode__crossing_lvl2_alpha
557,710,1,2,2,Crossing,,2,03,17576595532914463501,poiNode__crossing_lvl2_alpha
1634,710,1,2,2,Tunnel,,4,03,16362520254717945012,poiNode__tunnel_lvl4_crownlands_alpha
1926,710,1,1,1,Ruin,,1,01,4069333285272614884,poiNode__ruin_lvl1_crownlands_alpha
1432,711,1,1,1,Ruin,,1,01,4069333285272614884,poiNode__ruin_lvl1_crownlands_alpha
701,712,3,3,9,Castle,,1,9f00,6741636123857038108,poiNode__castle_lvl1_crownlands_alpha
989,712,2,2,4,Tunnel,,2,06,1315898000168475582,poiNode__tunnel_lvl2_crownlands_alpha
1050,712,1,1,1,Ruin,,1,01,4069333285272614884,poiNode__ruin_lvl1_crownlands_alpha
1284,712,1,1,1,Ruin,,1,01,4069333285272614884,poiNode__ruin_lvl1_crownlands_alpha
1482,712,1,1,1,Ruin,,1,01,4069333285272614884,poiNode__ruin_lvl1_crownlands_alpha
1591,712,2,2,4,Tunnel,,4,06,16362520254717945012,poiNode__tunnel_lvl4_crownlands_alpha
1684,712,2,2,4,Settlement (Town),,4,0b,17104931419891608306,poiNode__town_lvl4_wood_crownlands_alpha
569,713,1,2,2,Crossing,,2,03,17576595532914463501,poiNode__crossing_lvl2_alpha
819,713,1,1,1,Ruin,,1,01,4069333285272614884,poiNode__ruin_lvl1_crownlands_alpha
881,713,1,1,1,Ruin,,1,01,4069333285272614884,poiNode__ruin_lvl1_crownlands_alpha
918,713,2,2,4,Dragon Sanctum,,3,0f,16082973056167260472,poiNode__dragonsanctum_lv03_crownlands_alpha
1035,713,2,2,4,Dragon Sanctum,,1,0f,10375726052514243646,poiNode__dragonsanctum_lv01_crownlands_alpha
1310,713,1,1,1,Ruin,,1,01,4069333285272614884,poiNode__ruin_lvl1_crownlands_alpha
655,714,2,2,4,Crossing,,1,,186484103584441603,poiNode__crossing_lvl1_alpha
778,714,1,1,1,Ruin,,1,01,4069333285272614884,poiNode__ruin_lvl1_crownlands_alpha
937,714,4,3,12,Seat of Power,Cider Hall,,f707,10100150391870895914,poiNode__sop_CiderHall_alpha
1151,714,1,1,1,Ruin,,1,01,4069333285272614884,poiNode__ruin_lvl1_crownlands_alpha
1508,714,1,2,2,Tunnel,,4,03,16362520254717945012,poiNode__tunnel_lvl4_crownlands_alpha
1556,714,1,1,1,Ruin,,1,01,4069333285272614884,poiNode__ruin_lvl1_crownlands_alpha
1911,714,1,1,1,Ruin,,1,01,4069333285272614884,poiNode__ruin_lvl1_crownlands_alpha
942,715,3,1,3,Bridge,,3,07,782753266235643662,poiNode__bridge_3hex_lvl3_alpha
971,715,1,1,1,Ruin,,1,01,4069333285272614884,poiNode__ruin_lvl1_crownlands_alpha
985,715,2,2,4,Tunnel,,2,,1315898000168475582,poiNode__tunnel_lvl2_crownlands_alpha
1101,715,1,1,1,Ruin,,1,01,4069333285272614884,poiNode__ruin_lvl1_crownlands_alpha
1223,715,1,2,2,Tunnel,,3,03,4189727306727788861,poiNode__tunnel_lvl3_crownlands_alpha
1917,715,2,2,4,Tunnel,,2,,1315898000168475582,poiNode__tunnel_lvl2_crownlands_alpha
1252,716,1,1,1,Ruin,,1,01,4069333285272614884,poiNode__ruin_lvl1_crownlands_alpha
1401,716,1,1,1,Ruin,,1,01,4069333285272614884,poiNode__ruin_lvl1_crownlands_alpha
1648,716,1,1,1,Ruin,,1,01,4069333285272614884,poiNode__ruin_lvl1_crownlands_alpha
934,717,3,4,12,Bridge,,3,9402,10979979365687151544,poiNode__bridge_4hex_lvl3_alpha
962,718,1,1,1,Ruin,,1,01,4069333285272614884,poiNode__ruin_lvl1_crownlands_alpha
1002,719,1,1,1,Ruin,,1,01,4069333285272614884,poiNode__ruin_lvl1_crownlands_alpha
1155,719,2,2,4,Settlement (Town),,3,07,8803219746350610787,poiNode__town_lvl3_food_crownlands_alpha
1447,719,1,1,1,Ruin,,1,01,4069333285272614884,poiNode__ruin_lvl1_crownlands_alpha
1632,719,2,2,4,Tunnel,,4,06,16362520254717945012,poiNode__tunnel_lvl4_crownlands_alpha
512,720,1,2,2,Crossing,,2,03,17576595532914463501,poiNode__crossing_lvl2_alpha
620,720,1,2,2,Crossing,,2,03,17576595532914463501,poiNode__crossing_lvl2_alpha
901,720,1,1,1,Ruin,,1,01,4069333285272614884,poiNode__ruin_lvl1_crownlands_alpha
1070,720,1,1,1,Ruin,,1,01,4069333285272614884,poiNode__ruin_lvl1_crownlands_alpha
1134,720,1,1,1,Ruin,,1,01,4069333285272614884,poiNode__ruin_lvl1_crownlands_alpha
1387,720,1,1,1,Ruin,,1,01,4069333285272614884,poiNode__ruin_lvl1_crownlands_alpha
1711,720,2,2,4,Crossing,,4,,10638324116765093946,poiNode__crossing_lvl4_alpha
1927,720,1,1,1,Ruin,,1,01,4069333285272614884,poiNode__ruin_lvl1_crownlands_alpha
992,721,1,1,1,Ruin,,1,01,4069333285272614884,poiNode__ruin_lvl1_crownlands_alpha
1583,721,2,2,4,Tunnel,,4,06,16362520254717945012,poiNode__tunnel_lvl4_crownlands_alpha
1918,721,1,2,2,Tunnel,,2,03,1315898000168475582,poiNode__tunnel_lvl2_crownlands_alpha
917,722,1,1,1,Ruin,,1,01,4069333285272614884,poiNode__ruin_lvl1_crownlands_alpha
1218,722,2,2,4,Tunnel,,3,,4189727306727788861,poiNode__tunnel_lvl3_crownlands_alpha
1539,722,2,2,4,Tunnel,,4,06,16362520254717945012,poiNode__tunnel_lvl4_crownlands_alpha
1608,722,1,2,2,Tunnel,,4,03,16362520254717945012,poiNode__tunnel_lvl4_crownlands_alpha
1706,722,1,2,2,Crossing,,4,03,10638324116765093946,poiNode__crossing_lvl4_alpha
1010,723,1,1,1,Ruin,,1,01,4069333285272614884,poiNode__ruin_lvl1_crownlands_alpha
1090,723,1,1,1,Ruin,,1,01,4069333285272614884,poiNode__ruin_lvl1_crownlands_alpha
1183,723,2,2,4,Dragon Sanctum,,2,0f,17822386685165763515,poiNode__dragonsanctum_lv02_crownlands_alpha
1514,724,2,2,4,Settlement (Town),,4,0b,17104931419891608306,poiNode__town_lvl4_wood_crownlands_alpha
1901,724,1,1,1,Ruin,,1,01,4069333285272614884,poiNode__ruin_lvl1_crownlands_alpha
1140,725,1,1,1,Ruin,,1,01,4069333285272614884,poiNode__ruin_lvl1_crownlands_alpha
700,726,1,1,1,Ruin,,1,01,4069333285272614884,poiNode__ruin_lvl1_crownlands_alpha
1075,726,2,2,4,Settlement (Town),,3,0b,1518391056412782767,poiNode__town_lvl3_iron_crownlands_alpha
1212,726,1,1,1,Ruin,,1,01,4069333285272614884,poiNode__ruin_lvl1_crownlands_alpha
1697,726,1,1,1,Ruin,,1,01,4069333285272614884,poiNode__ruin_lvl1_crownlands_alpha
1912,726,1,1,1,Ruin,,1,01,4069333285272614884,poiNode__ruin_lvl1_crownlands_alpha
1938,726,1,1,1,Ruin,,1,01,4069333285272614884,poiNode__ruin_lvl1_crownlands_alpha
622,727,1,2,2,Crossing,,2,03,17576595532914463501,poiNode__crossing_lvl2_alpha
1200,727,1,1,1,Ruin,,1,01,4069333285272614884,poiNode__ruin_lvl1_crownlands_alpha
1229,727,1,1,1,Ruin,,1,01,4069333285272614884,poiNode__ruin_lvl1_crownlands_alpha
1264,727,1,2,2,Crossing,,3,03,11761877450986962679,poiNode__crossing_lvl3_alpha
1522,727,1,1,1,Ruin,,1,01,4069333285272614884,poiNode__ruin_lvl1_crownlands_alpha
1716,727,1,1,1,Ruin,,1,01,4069333285272614884,poiNode__ruin_lvl1_crownlands_alpha
960,728,1,1,1,Ruin,,1,01,4069333285272614884,poiNode__ruin_lvl1_crownlands_alpha
1171,728,3,3,9,Castle,,3,9f00,954995402910154266,poiNode__castle_lvl3_crownlands_alpha
1333,728,1,1,1,Ruin,,1,01,4069333285272614884,poiNode__ruin_lvl1_crownlands_alpha
1454,728,2,2,4,Settlement (Town),,3,0b,11591790737009394260,poiNode__town_lvl3_wood_crownlands_alpha
909,729,1,1,1,Ruin,,1,01,4069333285272614884,poiNode__ruin_lvl1_crownlands_alpha
951,729,1,1,1,Ruin,,1,01,4069333285272614884,poiNode__ruin_lvl1_crownlands_alpha
1037,729,1,1,1,Ruin,,1,01,4069333285272614884,poiNode__ruin_lvl1_crownlands_alpha
1106,730,3,3,9,Castle,,3,9f00,954995402910154266,poiNode__castle_lvl3_crownlands_alpha
1318,730,1,1,1,Ruin,,1,01,4069333285272614884,poiNode__ruin_lvl1_crownlands_alpha
1407,730,1,1,1,Ruin,,1,01,4069333285272614884,poiNode__ruin_lvl1_crownlands_alpha
1572,730,1,1,1,Ruin,,1,01,4069333285272614884,poiNode__ruin_lvl1_crownlands_alpha
514,731,2,2,4,Crossing,,2,,17576595532914463501,poiNode__crossing_lvl2_alpha
890,731,1,1,1,Ruin,,1,01,4069333285272614884,poiNode__ruin_lvl1_crownlands_alpha
1258,731,2,2,4,Crossing,,3,06,11761877450986962679,poiNode__crossing_lvl3_alpha
831,732,2,2,4,Settlement (Town),,1,0b,10599107479229116960,poiNode__town_lvl1_wood_crownlands_alpha
1051,732,4,1,4,Bridge,,3,0f,10979979365687151544,poiNode__bridge_4hex_lvl3_alpha
1092,732,1,1,1,Ruin,,1,01,4069333285272614884,poiNode__ruin_lvl1_crownlands_alpha
1509,732,1,1,1,Ruin,,1,01,4069333285272614884,poiNode__ruin_lvl1_crownlands_alpha
1553,732,1,1,1,Ruin,,1,01,4069333285272614884,poiNode__ruin_lvl1_crownlands_alpha
1667,732,3,3,9,Castle,,4,9f00,15309825242278153107,poiNode__castle_lvl4_crownlands_alpha
1772,732,8,8,64,Great House Capital,Storms End,,035e7efc78781c08,15718636798050384086,poiNode__capital_StormsEnd_alpha
1890,732,1,1,1,Ruin,,1,01,4069333285272614884,poiNode__ruin_lvl1_crownlands_alpha
1896,732,2,2,4,Settlement (Town),,2,0b,6299085069917208579,poiNode__town_lvl2_stone_crownlands_alpha
1919,732,2,2,4,Settlement (Town),,2,0b,13347178834781780590,poiNode__town_lvl2_wood_crownlands_alpha
785,733,3,3,9,Castle,,1,b700,6741636123857038108,poiNode__castle_lvl1_crownlands_alpha
880,733,1,1,1,Ruin,,1,01,4069333285272614884,poiNode__ruin_lvl1_crownlands_alpha
1532,733,2,1,2,Tunnel,,4,03,16362520254717945012,poiNode__tunnel_lvl4_crownlands_alpha
937,734,3,3,9,Castle,,3,9f00,954995402910154266,poiNode__castle_lvl3_crownlands_alpha
1078,734,1,1,1,Ruin,,1,01,4069333285272614884,poiNode__ruin_lvl1_crownlands_alpha
1658,734,2,2,4,Settlement (Town),,4,0b,17104931419891608306,poiNode__town_lvl4_wood_crownlands_alpha
1684,734,1,1,1,Ruin,,1,01,4069333285272614884,poiNode__ruin_lvl1_crownlands_alpha
1725,734,1,1,1,Ruin,,1,01,4069333285272614884,poiNode__ruin_lvl1_crownlands_alpha
1901,734,1,1,1,Ruin,,1,01,4069333285272614884,poiNode__ruin_lvl1_crownlands_alpha
1021,735,1,2,2,Tunnel,,3,03,4189727306727788861,poiNode__tunnel_lvl3_crownlands_alpha
1027,735,2,2,4,Dragon Sanctum,,1,0f,10375726052514243646,poiNode__dragonsanctum_lv01_crownlands_alpha
1460,735,1,1,1,Ruin,,1,01,4069333285272614884,poiNode__ruin_lvl1_crownlands_alpha
1561,735,1,1,1,Ruin,,1,01,4069333285272614884,poiNode__ruin_lvl1_crownlands_alpha
1940,735,2,2,4,Settlement (Town),,2,07,13347178834781780590,poiNode__town_lvl2_wood_crownlands_alpha
920,736,1,1,1,Ruin,,1,01,4069333285272614884,poiNode__ruin_lvl1_crownlands_alpha
974,736,1,1,1,Ruin,,1,01,4069333285272614884,poiNode__ruin_lvl1_crownlands_alpha
1915,736,1,1,1,Ruin,,1,01,4069333285272614884,poiNode__ruin_lvl1_crownlands_alpha
1068,737,1,1,1,Ruin,,1,01,4069333285272614884,poiNode__ruin_lvl1_crownlands_alpha
1294,737,1,1,1,Ruin,,1,01,4069333285272614884,poiNode__ruin_lvl1_crownlands_alpha
1345,738,1,1,1,Ruin,,1,01,4069333285272614884,poiNode__ruin_lvl1_crownlands_alpha
1936,738,1,1,1,Ruin,,1,01,4069333285272614884,poiNode__ruin_lvl1_crownlands_alpha
1947,738,1,1,1,Ruin,,1,01,4069333285272614884,poiNode__ruin_lvl1_crownlands_alpha
1303,739,1,1,1,Ruin,,1,01,4069333285272614884,poiNode__ruin_lvl1_crownlands_alpha
1499,739,3,3,9,Castle,,4,b700,15309825242278153107,poiNode__castle_lvl4_crownlands_alpha
932,740,1,1,1,Ruin,,1,01,4069333285272614884,poiNode__ruin_lvl1_crownlands_alpha
1045,740,1,1,1,Ruin,,1,01,4069333285272614884,poiNode__ruin_lvl1_crownlands_alpha
1058,740,3,3,9,Castle,,3,9f00,954995402910154266,poiNode__castle_lvl3_crownlands_alpha
1147,740,1,1,1,Ruin,,1,01,4069333285272614884,poiNode__ruin_lvl1_crownlands_alpha
1178,740,1,1,1,Ruin,,1,01,4069333285272614884,poiNode__ruin_lvl1_crownlands_alpha
1216,740,2,2,4,Settlement (Town),,3,0b,3662043920122588179,poiNode__town_lvl3_stone_crownlands_alpha
1720,740,2,2,4,Settlement (Town),,4,0b,4005368532613976517,poiNode__town_lvl4_food_crownlands_alpha
1000,741,2,2,4,Settlement (Town),,3,07,1518391056412782767,poiNode__town_lvl3_iron_crownlands_alpha
1021,741,2,2,4,Tunnel,,3,06,4189727306727788861,poiNode__tunnel_lvl3_crownlands_alpha
1383,741,1,1,1,Ruin,,1,01,4069333285272614884,poiNode__ruin_lvl1_crownlands_alpha
1569,741,1,1,1,Ruin,,1,01,4069333285272614884,poiNode__ruin_lvl1_crownlands_alpha
952,742,2,2,4,Crossing,,3,06,11761877450986962679,poiNode__crossing_lvl3_alpha
1409,742,1,1,1,Ruin,,1,01,4069333285272614884,poiNode__ruin_lvl1_crownlands_alpha
1416,742,2,2,4,Settlement (Town),,3,0b,1518391056412782767,poiNode__town_lvl3_iron_crownlands_alpha
1531,742,1,1,1,Ruin,,1,01,4069333285272614884,poiNode__ruin_lvl1_crownlands_alpha
1662,742,1,1,1,Ruin,,1,01,4069333285272614884,poiNode__ruin_lvl1_crownlands_alpha
1749,742,1,1,1,Ruin,,1,01,4069333285272614884,poiNode__ruin_lvl1_crownlands_alpha
1907,742,1,1,1,Ruin,,1,01,4069333285272614884,poiNode__ruin_lvl1_crownlands_alpha
1444,743,1,1,1,Ruin,,1,01,4069333285272614884,poiNode__ruin_lvl1_crownlands_alpha
1895,743,1,1,1,Ruin,,1,01,4069333285272614884,poiNode__ruin_lvl1_crownlands_alpha
902,744,1,1,1,Ruin,,1,01,4069333285272614884,poiNode__ruin_lvl1_crownlands_alpha
1316,744,1,1,1,Ruin,,1,01,4069333285272614884,poiNode__ruin_lvl1_crownlands_alpha
1563,744,2,2,4,Settlement (Town),,4,0b,17104931419891608306,poiNode__town_lvl4_wood_crownlands_alpha
1600,744,1,1,1,Ruin,,1,01,4069333285272614884,poiNode__ruin_lvl1_crownlands_alpha
1712,744,1,1,1,Ruin,,1,01,4069333285272614884,poiNode__ruin_lvl1_crownlands_alpha
911,745,2,2,4,Settlement (Town),,3,07,8803219746350610787,poiNode__town_lvl3_food_crownlands_alpha
1114,745,1,1,1,Ruin,,1,01,4069333285272614884,poiNode__ruin_lvl1_crownlands_alpha
1167,745,1,1,1,Ruin,,1,01,4069333285272614884,poiNode__ruin_lvl1_crownlands_alpha
1915,745,1,1,1,Ruin,,1,01,4069333285272614884,poiNode__ruin_lvl1_crownlands_alpha
1245,746,2,2,4,Settlement (Town),,3,0b,3662043920122588179,poiNode__town_lvl3_stone_crownlands_alpha
1366,746,2,2,4,Settlement (Town),,3,0b,11591790737009394260,poiNode__town_lvl3_wood_crownlands_alpha
1478,746,1,1,1,Ruin,,1,01,4069333285272614884,poiNode__ruin_lvl1_crownlands_alpha
1682,746,1,1,1,Ruin,,1,01,4069333285272614884,poiNode__ruin_lvl1_crownlands_alpha
1924,746,1,1,1,Ruin,,1,01,4069333285272614884,poiNode__ruin_lvl1_crownlands_alpha
523,747,1,2,2,Crossing,,2,03,17576595532914463501,poiNode__crossing_lvl2_alpha
1221,747,1,1,1,Ruin,,1,01,4069333285272614884,poiNode__ruin_lvl1_crownlands_alpha
1448,747,2,2,4,Dragon Sanctum,,1,0f,10375726052514243646,poiNode__dragonsanctum_lv01_crownlands_alpha
1497,747,1,1,1,Ruin,,1,01,4069333285272614884,poiNode__ruin_lvl1_crownlands_alpha
867,748,1,1,1,Ruin,,1,01,4069333285272614884,poiNode__ruin_lvl1_crownlands_alpha
946,748,1,2,2,Crossing,,3,03,11761877450986962679,poiNode__crossing_lvl3_alpha
1490,748,2,2,4,Settlement (Town),,4,0b,17104931419891608306,poiNode__town_lvl4_wood_crownlands_alpha
1654,748,1,1,1,Ruin,,1,01,4069333285272614884,poiNode__ruin_lvl1_crownlands_alpha
1693,748,1,1,1,Ruin,,1,01,4069333285272614884,poiNode__ruin_lvl1_crownlands_alpha
1722,748,1,1,1,Ruin,,1,01,4069333285272614884,poiNode__ruin_lvl1_crownlands_alpha
1005,749,3,3,9,Castle,,3,b700,954995402910154266,poiNode__castle_lvl3_crownlands_alpha
1102,749,1,1,1,Ruin,,1,01,4069333285272614884,poiNode__ruin_lvl1_crownlands_alpha
1136,749,1,1,1,Ruin,,1,01,4069333285272614884,poiNode__ruin_lvl1_crownlands_alpha
1514,749,1,1,1,Ruin,,1,01,4069333285272614884,poiNode__ruin_lvl1_crownlands_alpha
1941,749,1,1,1,Ruin,,1,01,4069333285272614884,poiNode__ruin_lvl1_crownlands_alpha
1972,749,1,1,1,Ruin,,1,01,4069333285272614884,poiNode__ruin_lvl1_crownlands_alpha
625,750,2,2,4,Crossing,,1,06,186484103584441603,poiNode__crossing_lvl1_alpha
892,750,3,2,6,Dragon Sanctum,,2,1e,17822386685165763515,poiNode__dragonsanctum_lv02_crownlands_alpha
996,750,1,1,1,Ruin,,1,01,4069333285272614884,poiNode__ruin_lvl1_crownlands_alpha
1061,750,1,1,1,Ruin,,1,01,4069333285272614884,poiNode__ruin_lvl1_crownlands_alpha
948,752,1,1,1,Ruin,,1,01,4069333285272614884,poiNode__ruin_lvl1_crownlands_alpha
987,752,1,1,1,Ruin,,1,01,4069333285272614884,poiNode__ruin_lvl1_crownlands_alpha
1587,752,1,1,1,Ruin,,1,01,4069333285272614884,poiNode__ruin_lvl1_crownlands_alpha
1730,752,3,2,6,Dragon Sanctum,,3,1e,16082973056167260472,poiNode__dragonsanctum_lv03_crownlands_alpha
1932,752,1,1,1,Ruin,,1,01,4069333285272614884,poiNode__ruin_lvl1_crownlands_alpha
1982,752,1,1,1,Ruin,,1,01,4069333285272614884,poiNode__ruin_lvl1_crownlands_alpha
875,753,2,2,4,Settlement (Town),,3,07,1518391056412782767,poiNode__town_lvl3_iron_crownlands_alpha
1668,753,1,1,1,Ruin,,1,01,4069333285272614884,poiNode__ruin_lvl1_crownlands_alpha
906,754,1,1,1,Ruin,,1,01,4069333285272614884,poiNode__ruin_lvl1_crownlands_alpha
1078,754,1,1,1,Ruin,,1,01,4069333285272614884,poiNode__ruin_lvl1_crownlands_alpha
1207,754,1,1,1,Ruin,,1,01,4069333285272614884,poiNode__ruin_lvl1_crownlands_alpha
1399,754,2,2,4,Settlement (Town),,3,0b,8803219746350610787,poiNode__town_lvl3_food_crownlands_alpha
1442,754,1,1,1,Ruin,,1,01,4069333285272614884,poiNode__ruin_lvl1_crownlands_alpha
1486,754,1,1,1,Ruin,,1,01,4069333285272614884,poiNode__ruin_lvl1_crownlands_alpha
1502,754,3,2,6,Dragon Sanctum,,2,1e,17822386685165763515,poiNode__dragonsanctum_lv02_crownlands_alpha
1910,754,1,1,1,Ruin,,1,01,4069333285272614884,poiNode__ruin_lvl1_crownlands_alpha
1089,755,1,1,1,Ruin,,1,01,4069333285272614884,poiNode__ruin_lvl1_crownlands_alpha
1164,755,2,2,4,Settlement (Town),,3,07,3662043920122588179,poiNode__town_lvl3_stone_crownlands_alpha
1579,755,1,1,1,Ruin,,1,01,4069333285272614884,poiNode__ruin_lvl1_crownlands_alpha
1921,755,2,2,4,Dragon Sanctum,,1,0f,10375726052514243646,poiNode__dragonsanctum_lv01_crownlands_alpha
1959,755,1,2,2,Crossing,,2,03,17576595532914463501,poiNode__crossing_lvl2_alpha
813,756,1,1,1,Ruin,,1,01,4069333285272614884,poiNode__ruin_lvl1_crownlands_alpha
885,756,3,3,9,Castle,,3,9f00,954995402910154266,poiNode__castle_lvl3_crownlands_alpha
972,756,1,1,1,Ruin,,1,01,4069333285272614884,poiNode__ruin_lvl1_crownlands_alpha
1464,756,1,1,1,Ruin,,1,01,4069333285272614884,poiNode__ruin_lvl1_crownlands_alpha
1894,756,1,1,1,Ruin,,1,01,4069333285272614884,poiNode__ruin_lvl1_crownlands_alpha
1970,756,2,2,4,Settlement (Town),,2,0b,6299085069917208579,poiNode__town_lvl2_stone_crownlands_alpha
620,757,2,2,4,Crossing,,1,06,186484103584441603,poiNode__crossing_lvl1_alpha
1734,757,2,4,8,Bridge,,4,a5,12175700799009506677,poiNode__bridge_4hex_lvl4_alpha
1936,757,2,2,4,Settlement (Town),,2,07,934088675522857109,poiNode__town_lvl2_iron_crownlands_alpha
1948,757,2,2,4,Crossing,,2,06,17576595532914463501,poiNode__crossing_lvl2_alpha
891,758,1,1,1,Ruin,,1,01,4069333285272614884,poiNode__ruin_lvl1_crownlands_alpha
927,758,1,1,1,Ruin,,1,01,4069333285272614884,poiNode__ruin_lvl1_crownlands_alpha
1247,758,1,1,1,Ruin,,1,01,4069333285272614884,poiNode__ruin_lvl1_crownlands_alpha
1529,758,1,1,1,Ruin,,1,01,4069333285272614884,poiNode__ruin_lvl1_crownlands_alpha
1766,758,1,1,1,Ruin,,1,01,4069333285272614884,poiNode__ruin_lvl1_crownlands_alpha
714,759,5,1,5,Bridge,,1,1f,16551278857259698617,poiNode__bridge_5hex_lvl1_alpha
1634,759,2,2,4,Dragon Sanctum,,2,0f,17822386685165763515,poiNode__dragonsanctum_lv02_crownlands_alpha
1645,759,1,1,1,Ruin,,1,01,4069333285272614884,poiNode__ruin_lvl1_crownlands_alpha
1901,759,1,1,1,Ruin,,1,01,4069333285272614884,poiNode__ruin_lvl1_crownlands_alpha
1974,759,1,1,1,Ruin,,1,01,4069333285272614884,poiNode__ruin_lvl1_crownlands_alpha
861,760,1,1,1,Ruin,,1,01,4069333285272614884,poiNode__ruin_lvl1_crownlands_alpha
872,760,1,1,1,Ruin,,1,01,4069333285272614884,poiNode__ruin_lvl1_crownlands_alpha
1010,760,1,1,1,Ruin,,1,01,4069333285272614884,poiNode__ruin_lvl1_crownlands_alpha
1023,760,1,1,1,Ruin,,1,01,4069333285272614884,poiNode__ruin_lvl1_crownlands_alpha
1291,760,1,1,1,Ruin,,1,01,4069333285272614884,poiNode__ruin_lvl1_crownlands_alpha
1383,760,3,3,9,Castle,,3,9f00,954995402910154266,poiNode__castle_lvl3_crownlands_alpha
1437,760,1,1,1,Ruin,,1,01,4069333285272614884,poiNode__ruin_lvl1_crownlands_alpha
1567,760,1,1,1,Ruin,,1,01,4069333285272614884,poiNode__ruin_lvl1_crownlands_alpha
1714,760,1,1,1,Ruin,,1,01,4069333285272614884,poiNode__ruin_lvl1_crownlands_alpha
539,761,2,2,4,Crossing,,2,,17576595532914463501,poiNode__crossing_lvl2_alpha
1875,761,1,1,1,Ruin,,1,01,4069333285272614884,poiNode__ruin_lvl1_crownlands_alpha
1664,762,3,4,12,Bridge,,4,9402,12175700799009506677,poiNode__bridge_4hex_lvl4_alpha
1924,762,1,1,1,Ruin,,1,01,4069333285272614884,poiNode__ruin_lvl1_crownlands_alpha
1987,762,1,1,1,Ruin,,1,01,4069333285272614884,poiNode__ruin_lvl1_crownlands_alpha
989,763,1,1,1,Ruin,,1,01,4069333285272614884,poiNode__ruin_lvl1_crownlands_alpha
1098,763,1,1,1,Ruin,,1,01,4069333285272614884,poiNode__ruin_lvl1_crownlands_alpha
1195,763,3,3,9,Castle,,3,b700,954995402910154266,poiNode__castle_lvl3_crownlands_alpha
1205,763,1,1,1,Ruin,,1,01,4069333285272614884,poiNode__ruin_lvl1_crownlands_alpha
1260,763,1,1,1,Ruin,,1,01,4069333285272614884,poiNode__ruin_lvl1_crownlands_alpha
1886,763,4,3,12,Seat of Power,Evenfall Hall,,fe0e,9154645406117338591,poiNode__sop_EvenfallHall_alpha
1911,763,3,3,9,Castle,,2,b700,2677169842261652633,poiNode__castle_lvl2_crownlands_alpha
1941,763,1,1,1,Ruin,,1,01,4069333285272614884,poiNode__ruin_lvl1_crownlands_alpha
943,764,1,1,1,Ruin,,1,01,4069333285272614884,poiNode__ruin_lvl1_crownlands_alpha
1314,764,1,1,1,Ruin,,1,01,4069333285272614884,poiNode__ruin_lvl1_crownlands_alpha
891,765,2,2,4,Settlement (Town),,3,07,8803219746350610787,poiNode__town_lvl3_food_crownlands_alpha
1130,765,2,2,4,Settlement (Town),,3,07,1518391056412782767,poiNode__town_lvl3_iron_crownlands_alpha
1696,765,5,1,5,Bridge,,4,1f,8396285631970188416,poiNode__bridge_5hex_lvl4_alpha
1966,765,1,1,1,Ruin,,1,01,4069333285272614884,poiNode__ruin_lvl1_crownlands_alpha
1177,766,3,2,6,Dragon Sanctum,,1,1e,10375726052514243646,poiNode__dragonsanctum_lv01_crownlands_alpha
1462,766,1,1,1,Ruin,,1,01,4069333285272614884,poiNode__ruin_lvl1_crownlands_alpha
1902,766,2,2,4,Tunnel,,2,06,1315898000168475582,poiNode__tunnel_lvl2_crownlands_alpha
1933,766,1,1,1,Ruin,,1,01,4069333285272614884,poiNode__ruin_lvl1_crownlands_alpha
883,767,1,1,1,Ruin,,1,01,4069333285272614884,poiNode__ruin_lvl1_crownlands_alpha
1141,767,1,1,1,Ruin,,1,01,4069333285272614884,poiNode__ruin_lvl1_crownlands_alpha
1542,767,1,1,1,Ruin,,1,01,4069333285272614884,poiNode__ruin_lvl1_crownlands_alpha
1270,768,1,1,1,Ruin,,1,01,4069333285272614884,poiNode__ruin_lvl1_crownlands_alpha
1660,768,1,1,1,Ruin,,1,01,4069333285272614884,poiNode__ruin_lvl1_crownlands_alpha
873,769,1,1,1,Ruin,,1,01,4069333285272614884,poiNode__ruin_lvl1_crownlands_alpha
1686,769,1,1,1,Ruin,,1,01,4069333285272614884,poiNode__ruin_lvl1_crownlands_alpha
1732,769,2,2,4,Settlement (Town),,4,07,17104931419891608306,poiNode__town_lvl4_wood_crownlands_alpha
1898,769,2,2,4,Tunnel,,2,06,1315898000168475582,poiNode__tunnel_lvl2_crownlands_alpha
999,770,2,2,4,Crossing,,3,06,11761877450986962679,poiNode__crossing_lvl3_alpha
1224,770,1,1,1,Ruin,,1,01,4069333285272614884,poiNode__ruin_lvl1_crownlands_alpha
1919,770,1,1,1,Ruin,,1,01,4069333285272614884,poiNode__ruin_lvl1_crownlands_alpha
932,771,1,1,1,Ruin,,1,01,4069333285272614884,poiNode__ruin_lvl1_crownlands_alpha
1238,771,1,1,1,Ruin,,1,01,4069333285272614884,poiNode__ruin_lvl1_crownlands_alpha
1261,771,2,2,4,Settlement (Town),,3,07,3662043920122588179,poiNode__town_lvl3_stone_crownlands_alpha
1370,771,1,1,1,Ruin,,1,01,4069333285272614884,poiNode__ruin_lvl1_crownlands_alpha
1906,771,1,1,1,Ruin,,1,01,4069333285272614884,poiNode__ruin_lvl1_crownlands_alpha
540,772,2,2,4,Crossing,,2,,17576595532914463501,poiNode__crossing_lvl2_alpha
1152,772,1,1,1,Ruin,,1,01,4069333285272614884,poiNode__ruin_lvl1_crownlands_alpha
1643,772,2,2,4,Settlement (Town),,4,0b,6389715466080245769,poiNode__town_lvl4_iron_crownlands_alpha
866,773,1,1,1,Ruin,,1,01,4069333285272614884,poiNode__ruin_lvl1_crownlands_alpha
913,773,1,1,1,Ruin,,1,01,4069333285272614884,poiNode__ruin_lvl1_crownlands_alpha
1447,773,1,1,1,Ruin,,1,01,4069333285272614884,poiNode__ruin_lvl1_crownlands_alpha
1453,773,2,2,4,Settlement (Town),,3,07,1518391056412782767,poiNode__town_lvl3_iron_crownlands_alpha
1550,773,2,2,4,Settlement (Town),,4,07,9818672042717538120,poiNode__town_lvl4_stone_crownlands_alpha
1671,773,1,1,1,Ruin,,1,01,4069333285272614884,poiNode__ruin_lvl1_crownlands_alpha
1170,774,1,1,1,Ruin,,1,01,4069333285272614884,poiNode__ruin_lvl1_crownlands_alpha
1495,774,1,1,1,Ruin,,1,01,4069333285272614884,poiNode__ruin_lvl1_crownlands_alpha
1520,774,1,2,2,Crossing,,4,03,10638324116765093946,poiNode__crossing_lvl4_alpha
1630,774,3,3,9,Castle,,4,9f00,15309825242278153107,poiNode__castle_lvl4_crownlands_alpha
1711,774,1,1,1,Ruin,,1,01,4069333285272614884,poiNode__ruin_lvl1_crownlands_alpha
1746,774,3,3,9,Castle,,4,9f00,15309825242278153107,poiNode__castle_lvl4_crownlands_alpha
962,775,1,1,1,Ruin,,1,01,4069333285272614884,poiNode__ruin_lvl1_crownlands_alpha
1894,775,1,1,1,Ruin,,1,01,4069333285272614884,poiNode__ruin_lvl1_crownlands_alpha
626,776,1,1,1,Ruin,,1,01,4069333285272614884,poiNode__ruin_lvl1_crownlands_alpha
898,776,1,1,1,Ruin,,1,01,4069333285272614884,poiNode__ruin_lvl1_crownlands_alpha
1437,776,1,1,1,Ruin,,1,01,4069333285272614884,poiNode__ruin_lvl1_crownlands_alpha
1487,776,1,1,1,Ruin,,1,01,4069333285272614884,poiNode__ruin_lvl1_crownlands_alpha
1752,776,1,1,1,Ruin,,1,01,4069333285272614884,poiNode__ruin_lvl1_crownlands_alpha
1937,776,1,1,1,Ruin,,1,01,4069333285272614884,poiNode__ruin_lvl1_crownlands_alpha
944,777,2,2,4,Settlement (Town),,3,07,11591790737009394260,poiNode__town_lvl3_wood_crownlands_alpha
995,777,2,2,4,Crossing,,3,06,11761877450986962679,poiNode__crossing_lvl3_alpha
1315,777,1,1,1,Ruin,,1,01,4069333285272614884,poiNode__ruin_lvl1_crownlands_alpha
1486,777,1,1,1,Ruin,,1,01,4069333285272614884,poiNode__ruin_lvl1_crownlands_alpha
1509,777,1,1,1,Ruin,,1,01,4069333285272614884,poiNode__ruin_lvl1_crownlands_alpha
1949,777,1,1,1,Ruin,,1,01,4069333285272614884,poiNode__ruin_lvl1_crownlands_alpha
1693,778,1,1,1,Ruin,,1,01,4069333285272614884,poiNode__ruin_lvl1_crownlands_alpha
1097,779,1,1,1,Ruin,,1,01,4069333285272614884,poiNode__ruin_lvl1_crownlands_alpha
1263,779,2,2,4,Dragon Sanctum,,1,0f,10375726052514243646,poiNode__dragonsanctum_lv01_crownlands_alpha
1285,779,1,1,1,Ruin,,1,01,4069333285272614884,poiNode__ruin_lvl1_crownlands_alpha
1349,779,1,1,1,Ruin,,1,01,4069333285272614884,poiNode__ruin_lvl1_crownlands_alpha
1468,779,1,1,1,Ruin,,1,01,4069333285272614884,poiNode__ruin_lvl1_crownlands_alpha
1521,779,1,2,2,Crossing,,4,03,10638324116765093946,poiNode__crossing_lvl4_alpha
1114,780,1,1,1,Ruin,,1,01,4069333285272614884,poiNode__ruin_lvl1_crownlands_alpha
1658,780,1,1,1,Ruin,,1,01,4069333285272614884,poiNode__ruin_lvl1_crownlands_alpha
1153,781,1,1,1,Ruin,,1,01,4069333285272614884,poiNode__ruin_lvl1_crownlands_alpha
1239,781,1,1,1,Ruin,,1,01,4069333285272614884,poiNode__ruin_lvl1_crownlands_alpha
1900,781,1,1,1,Ruin,,1,01,4069333285272614884,poiNode__ruin_lvl1_crownlands_alpha
579,782,1,1,1,Ruin,,1,01,4069333285272614884,poiNode__ruin_lvl1_crownlands_alpha
1534,782,1,1,1,Ruin,,1,01,4069333285272614884,poiNode__ruin_lvl1_crownlands_alpha
1919,782,1,1,1,Ruin,,1,01,4069333285272614884,poiNode__ruin_lvl1_crownlands_alpha
1248,783,1,1,1,Ruin,,1,01,4069333285272614884,poiNode__ruin_lvl1_crownlands_alpha
1542,783,1,1,1,Ruin,,1,01,4069333285272614884,poiNode__ruin_lvl1_crownlands_alpha
1597,783,2,2,4,Dragon Sanctum,,1,0f,10375726052514243646,poiNode__dragonsanctum_lv01_crownlands_alpha
1673,783,2,2,4,Settlement (Town),,4,07,9818672042717538120,poiNode__town_lvl4_stone_crownlands_alpha
1636,784,1,1,1,Ruin,,1,01,4069333285272614884,poiNode__ruin_lvl1_crownlands_alpha
751,785,2,2,4,Settlement (Town),,1,07,2800008357386502363,poiNode__town_lvl1_iron_crownlands_alpha
903,785,1,1,1,Ruin,,1,01,4069333285272614884,poiNode__ruin_lvl1_crownlands_alpha
1767,785,1,1,1,Ruin,,1,01,4069333285272614884,poiNode__ruin_lvl1_crownlands_alpha
1936,785,2,2,4,Settlement (Town),,2,07,7192166805953233241,poiNode__town_lvl2_food_crownlands_alpha
853,786,2,2,4,Settlement (Town),,1,0b,2800008357386502363,poiNode__town_lvl1_iron_crownlands_alpha
1427,786,1,1,1,Ruin,,1,01,4069333285272614884,poiNode__ruin_lvl1_crownlands_alpha
1913,786,2,2,4,Settlement (Town),,2,0b,6299085069917208579,poiNode__town_lvl2_stone_crownlands_alpha
1930,786,3,2,6,Dragon Sanctum,,4,1e,433908501532394673,poiNode__dragonsanctum_lv04_crownlands_alpha
871,787,2,2,4,Settlement (Town),,3,07,11591790737009394260,poiNode__town_lvl3_wood_crownlands_alpha
877,787,1,1,1,Ruin,,1,01,4069333285272614884,poiNode__ruin_lvl1_crownlands_alpha
907,787,1,1,1,Ruin,,1,01,4069333285272614884,poiNode__ruin_lvl1_crownlands_alpha
1186,787,2,2,4,Settlement (Town),,3,07,3662043920122588179,poiNode__town_lvl3_stone_crownlands_alpha
1322,787,3,5,15,Bridge,,2,9148,1498553686271999927,poiNode__bridge_5hex_lvl2_alpha
1733,787,1,1,1,Ruin,,1,01,4069333285272614884,poiNode__ruin_lvl1_crownlands_alpha
1495,788,1,1,1,Ruin,,1,01,4069333285272614884,poiNode__ruin_lvl1_crownlands_alpha
1125,789,2,2,4,Dragon Sanctum,,1,0f,10375726052514243646,poiNode__dragonsanctum_lv01_crownlands_alpha
1556,789,1,1,1,Ruin,,1,01,4069333285272614884,poiNode__ruin_lvl1_crownlands_alpha
1571,789,1,1,1,Ruin,,1,01,4069333285272614884,poiNode__ruin_lvl1_crownlands_alpha
1649,789,1,1,1,Ruin,,1,01,4069333285272614884,poiNode__ruin_lvl1_crownlands_alpha
1907,789,1,1,1,Ruin,,1,01,4069333285272614884,poiNode__ruin_lvl1_crownlands_alpha
1512,790,1,1,1,Ruin,,1,01,4069333285272614884,poiNode__ruin_lvl1_crownlands_alpha
1957,790,1,1,1,Ruin,,1,01,4069333285272614884,poiNode__ruin_lvl1_crownlands_alpha
963,791,1,1,1,Ruin,,1,01,4069333285272614884,poiNode__ruin_lvl1_crownlands_alpha
1271,791,1,1,1,Ruin,,1,01,4069333285272614884,poiNode__ruin_lvl1_crownlands_alpha
1680,791,1,1,1,Ruin,,1,01,4069333285272614884,poiNode__ruin_lvl1_crownlands_alpha
1939,791,1,1,1,Ruin,,1,01,4069333285272614884,poiNode__ruin_lvl1_crownlands_alpha
1915,792,1,1,1,Ruin,,1,01,4069333285272614884,poiNode__ruin_lvl1_crownlands_alpha
546,793,2,4,8,Bridge,,1,Z,4164891203475574860,poiNode__bridge_4hex_lvl1_alpha
1206,793,1,1,1,Ruin,,1,01,4069333285272614884,poiNode__ruin_lvl1_crownlands_alpha
1218,793,1,1,1,Ruin,,1,01,4069333285272614884,poiNode__ruin_lvl1_crownlands_alpha
1314,793,1,1,1,Ruin,,1,01,4069333285272614884,poiNode__ruin_lvl1_crownlands_alpha
1347,793,1,1,1,Ruin,,1,01,4069333285272614884,poiNode__ruin_lvl1_crownlands_alpha
1529,793,1,1,1,Ruin,,1,01,4069333285272614884,poiNode__ruin_lvl1_crownlands_alpha
1931,793,1,1,1,Ruin,,1,01,4069333285272614884,poiNode__ruin_lvl1_crownlands_alpha
801,794,2,2,4,Crossing,,3,06,11761877450986962679,poiNode__crossing_lvl3_alpha
1727,794,1,1,1,Ruin,,1,01,4069333285272614884,poiNode__ruin_lvl1_crownlands_alpha
1306,795,1,1,1,Ruin,,1,01,4069333285272614884,poiNode__ruin_lvl1_crownlands_alpha
1624,795,1,1,1,Ruin,,1,01,4069333285272614884,poiNode__ruin_lvl1_crownlands_alpha
1740,795,1,1,1,Ruin,,1,01,4069333285272614884,poiNode__ruin_lvl1_crownlands_alpha
1757,795,1,1,1,Ruin,,1,01,4069333285272614884,poiNode__ruin_lvl1_crownlands_alpha
794,796,1,2,2,Crossing,,3,03,11761877450986962679,poiNode__crossing_lvl3_alpha
1195,796,1,1,1,Ruin,,1,01,4069333285272614884,poiNode__ruin_lvl1_crownlands_alpha
1555,796,2,2,4,Settlement (Town),,3,0b,1518391056412782767,poiNode__town_lvl3_iron_crownlands_alpha
1284,797,1,1,1,Ruin,,1,01,4069333285272614884,poiNode__ruin_lvl1_crownlands_alpha
1373,797,1,1,1,Ruin,,1,01,4069333285272614884,poiNode__ruin_lvl1_crownlands_alpha
1947,797,1,1,1,Ruin,,1,01,4069333285272614884,poiNode__ruin_lvl1_crownlands_alpha
700,798,2,3,6,Bridge,,1,),12353644835132525818,poiNode__bridge_3hex_lvl1_alpha
931,798,3,2,6,Dragon Sanctum,,2,1e,17822386685165763515,poiNode__dragonsanctum_lv02_crownlands_alpha
974,798,4,1,4,Bridge,,3,0f,10979979365687151544,poiNode__bridge_4hex_lvl3_alpha
1083,798,1,1,1,Ruin,,1,01,4069333285272614884,poiNode__ruin_lvl1_crownlands_alpha
1398,798,1,1,1,Ruin,,1,01,4069333285272614884,poiNode__ruin_lvl1_crownlands_alpha
1542,798,1,1,1,Ruin,,1,01,4069333285272614884,poiNode__ruin_lvl1_crownlands_alpha
1664,798,1,1,1,Ruin,,1,01,4069333285272614884,poiNode__ruin_lvl1_crownlands_alpha
1673,798,1,1,1,Ruin,,1,01,4069333285272614884,poiNode__ruin_lvl1_crownlands_alpha
1755,798,1,1,1,Ruin,,1,01,4069333285272614884,poiNode__ruin_lvl1_crownlands_alpha
1036,799,1,1,1,Ruin,,1,01,4069333285272614884,poiNode__ruin_lvl1_crownlands_alpha
1055,799,4,3,12,Seat of Power,Longtable,,fe0e,15408431616392098964,poiNode__sop_Longtable_alpha
1121,799,1,1,1,Ruin,,1,01,4069333285272614884,poiNode__ruin_lvl1_crownlands_alpha
1516,799,2,2,4,Dragon Sanctum,,2,0f,17822386685165763515,poiNode__dragonsanctum_lv02_crownlands_alpha
1631,799,1,1,1,Ruin,,1,01,4069333285272614884,poiNode__ruin_lvl1_crownlands_alpha
1718,799,1,1,1,Ruin,,1,01,4069333285272614884,poiNode__ruin_lvl1_crownlands_alpha
1902,799,1,1,1,Ruin,,1,01,4069333285272614884,poiNode__ruin_lvl1_crownlands_alpha
1925,799,2,2,4,Tunnel,,2,,1315898000168475582,poiNode__tunnel_lvl2_crownlands_alpha
963,800,2,2,4,Settlement (Town),,3,0b,3662043920122588179,poiNode__town_lvl3_stone_crownlands_alpha
998,800,1,1,1,Ruin,,1,01,4069333285272614884,poiNode__ruin_lvl1_crownlands_alpha
1024,800,1,1,1,Ruin,,1,01,4069333285272614884,poiNode__ruin_lvl1_crownlands_alpha
1326,800,1,1,1,Ruin,,1,01,4069333285272614884,poiNode__ruin_lvl1_crownlands_alpha
1552,800,3,2,6,Dragon Sanctum,,3,1e,16082973056167260472,poiNode__dragonsanctum_lv03_crownlands_alpha
1650,800,1,1,1,Ruin,,1,01,4069333285272614884,poiNode__ruin_lvl1_crownlands_alpha
1932,800,2,1,2,Tunnel,,2,03,1315898000168475582,poiNode__tunnel_lvl2_crownlands_alpha
1175,801,1,1,1,Ruin,,1,01,4069333285272614884,poiNode__ruin_lvl1_crownlands_alpha
1478,801,1,1,1,Ruin,,1,01,4069333285272614884,poiNode__ruin_lvl1_crownlands_alpha
1561,801,1,1,1,Ruin,,1,01,4069333285272614884,poiNode__ruin_lvl1_crownlands_alpha
831,802,1,1,1,Ruin,,1,01,4069333285272614884,poiNode__ruin_lvl1_crownlands_alpha
946,803,1,1,1,Ruin,,1,01,4069333285272614884,poiNode__ruin_lvl1_crownlands_alpha
1466,803,1,1,1,Ruin,,1,01,4069333285272614884,poiNode__ruin_lvl1_crownlands_alpha
1598,803,1,1,1,Ruin,,1,01,4069333285272614884,poiNode__ruin_lvl1_crownlands_alpha
1622,803,2,2,4,Settlement (Town),,2,07,934088675522857109,poiNode__town_lvl2_iron_crownlands_alpha
731,804,3,4,12,Bridge,,1,9402,4164891203475574860,poiNode__bridge_4hex_lvl1_alpha
751,804,1,1,1,Ruin,,1,01,4069333285272614884,poiNode__ruin_lvl1_crownlands_alpha
842,804,1,1,1,Ruin,,1,01,4069333285272614884,poiNode__ruin_lvl1_crownlands_alpha
1246,804,3,3,9,Castle,,3,9f00,954995402910154266,poiNode__castle_lvl3_crownlands_alpha
1941,804,1,1,1,Ruin,,1,01,4069333285272614884,poiNode__ruin_lvl1_crownlands_alpha
971,805,1,1,1,Ruin,,1,01,4069333285272614884,poiNode__ruin_lvl1_crownlands_alpha
1208,805,1,1,1,Ruin,,1,01,4069333285272614884,poiNode__ruin_lvl1_crownlands_alpha
1638,805,1,1,1,Ruin,,1,01,4069333285272614884,poiNode__ruin_lvl1_crownlands_alpha
1909,805,1,1,1,Ruin,,1,01,4069333285272614884,poiNode__ruin_lvl1_crownlands_alpha
888,806,1,1,1,Ruin,,1,01,4069333285272614884,poiNode__ruin_lvl1_crownlands_alpha
1033,806,3,3,9,Castle,,3,9f00,954995402910154266,poiNode__castle_lvl3_crownlands_alpha
1073,806,3,5,15,Bridge,,3,8944,4908333263510868557,poiNode__bridge_5hex_lvl3_alpha
1231,806,1,1,1,Ruin,,1,01,4069333285272614884,poiNode__ruin_lvl1_crownlands_alpha
1416,806,2,2,4,Settlement (Town),,3,0b,3662043920122588179,poiNode__town_lvl3_stone_crownlands_alpha
1457,806,2,2,4,Settlement (Town),,3,0b,3662043920122588179,poiNode__town_lvl3_stone_crownlands_alpha
1579,806,2,2,4,Settlement (Town),,3,0b,1518391056412782767,poiNode__town_lvl3_iron_crownlands_alpha
636,807,4,1,4,Bridge,,1,0f,4164891203475574860,poiNode__bridge_4hex_lvl1_alpha
1151,807,2,2,4,Settlement (Town),,3,07,1518391056412782767,poiNode__town_lvl3_iron_crownlands_alpha
1355,807,1,1,1,Ruin,,1,01,4069333285272614884,poiNode__ruin_lvl1_crownlands_alpha
1503,807,1,1,1,Ruin,,1,01,4069333285272614884,poiNode__ruin_lvl1_crownlands_alpha
1681,807,2,2,4,Settlement (Town),,2,07,7192166805953233241,poiNode__town_lvl2_food_crownlands_alpha
1719,807,3,5,15,Bridge,,2,a414,1498553686271999927,poiNode__bridge_5hex_lvl2_alpha
624,808,3,3,9,Castle,,1,9f00,6741636123857038108,poiNode__castle_lvl1_crownlands_alpha
1222,808,1,2,2,Crossing,,2,03,17576595532914463501,poiNode__crossing_lvl2_alpha
1614,808,1,1,1,Ruin,,1,01,4069333285272614884,poiNode__ruin_lvl1_crownlands_alpha
1698,808,1,1,1,Ruin,,1,01,4069333285272614884,poiNode__ruin_lvl1_crownlands_alpha
1746,808,1,1,1,Ruin,,1,01,4069333285272614884,poiNode__ruin_lvl1_crownlands_alpha
1311,809,1,1,1,Ruin,,1,01,4069333285272614884,poiNode__ruin_lvl1_crownlands_alpha
1655,809,1,1,1,Ruin,,1,01,4069333285272614884,poiNode__ruin_lvl1_crownlands_alpha
1668,809,1,1,1,Ruin,,1,01,4069333285272614884,poiNode__ruin_lvl1_crownlands_alpha
1752,809,2,2,4,Settlement (Town),,2,07,934088675522857109,poiNode__town_lvl2_iron_crownlands_alpha
1916,809,1,1,1,Ruin,,1,01,4069333285272614884,poiNode__ruin_lvl1_crownlands_alpha
1387,810,1,1,1,Ruin,,1,01,4069333285272614884,poiNode__ruin_lvl1_crownlands_alpha
1586,810,3,3,9,Castle,,3,9f00,954995402910154266,poiNode__castle_lvl3_crownlands_alpha
1727,810,1,1,1,Ruin,,1,01,4069333285272614884,poiNode__ruin_lvl1_crownlands_alpha
1931,810,1,1,1,Ruin,,1,01,4069333285272614884,poiNode__ruin_lvl1_crownlands_alpha
777,811,3,3,9,Castle,,1,b700,6741636123857038108,poiNode__castle_lvl1_crownlands_alpha
984,811,1,1,1,Ruin,,1,01,4069333285272614884,poiNode__ruin_lvl1_crownlands_alpha
1477,811,1,1,1,Ruin,,1,01,4069333285272614884,poiNode__ruin_lvl1_crownlands_alpha
1010,812,1,1,1,Ruin,,1,01,4069333285272614884,poiNode__ruin_lvl1_crownlands_alpha
1765,812,1,1,1,Ruin,,1,01,4069333285272614884,poiNode__ruin_lvl1_crownlands_alpha
1925,812,2,2,4,Settlement (Town),,2,0b,934088675522857109,poiNode__town_lvl2_iron_crownlands_alpha
1129,813,2,2,4,Settlement (Town),,3,07,3662043920122588179,poiNode__town_lvl3_stone_crownlands_alpha
1431,813,1,1,1,Ruin,,1,01,4069333285272614884,poiNode__ruin_lvl1_crownlands_alpha
1456,813,3,3,9,Castle,,3,b700,954995402910154266,poiNode__castle_lvl3_crownlands_alpha
1528,813,4,3,12,Seat of Power,Felwood,,fe0e,146741648511193552,poiNode__sop_Felwood_alpha
1549,813,1,1,1,Ruin,,1,01,4069333285272614884,poiNode__ruin_lvl1_crownlands_alpha
1942,813,1,1,1,Ruin,,1,01,4069333285272614884,poiNode__ruin_lvl1_crownlands_alpha
902,814,1,1,1,Ruin,,1,01,4069333285272614884,poiNode__ruin_lvl1_crownlands_alpha
1519,814,1,1,1,Ruin,,1,01,4069333285272614884,poiNode__ruin_lvl1_crownlands_alpha
1627,814,1,1,1,Ruin,,1,01,4069333285272614884,poiNode__ruin_lvl1_crownlands_alpha
707,815,1,1,1,Ruin,,1,01,4069333285272614884,poiNode__ruin_lvl1_crownlands_alpha
1151,815,1,1,1,Ruin,,1,01,4069333285272614884,poiNode__ruin_lvl1_crownlands_alpha
1449,815,1,1,1,Ruin,,1,01,4069333285272614884,poiNode__ruin_lvl1_crownlands_alpha
1540,815,1,1,1,Ruin,,1,01,4069333285272614884,poiNode__ruin_lvl1_crownlands_alpha
1904,815,2,2,4,Settlement (Town),,2,07,13347178834781780590,poiNode__town_lvl2_wood_crownlands_alpha
1225,816,2,2,4,Crossing,,2,,17576595532914463501,poiNode__crossing_lvl2_alpha
1389,816,3,2,6,Dragon Sanctum,,1,1e,10375726052514243646,poiNode__dragonsanctum_lv01_crownlands_alpha
1692,816,1,1,1,Ruin,,1,01,4069333285272614884,poiNode__ruin_lvl1_crownlands_alpha
1760,816,3,3,9,Castle,,2,9f00,2677169842261652633,poiNode__castle_lvl2_crownlands_alpha
583,817,1,1,1,Ruin,,1,01,4069333285272614884,poiNode__ruin_lvl1_crownlands_alpha
672,817,3,4,12,Bridge,,1,9108,4164891203475574860,poiNode__bridge_4hex_lvl1_alpha
992,817,1,1,1,Ruin,,1,01,4069333285272614884,poiNode__ruin_lvl1_crownlands_alpha
1028,817,1,1,1,Ruin,,1,01,4069333285272614884,poiNode__ruin_lvl1_crownlands_alpha
1061,817,1,1,1,Ruin,,1,01,4069333285272614884,poiNode__ruin_lvl1_crownlands_alpha
1135,817,1,1,1,Ruin,,1,01,4069333285272614884,poiNode__ruin_lvl1_crownlands_alpha
1897,817,1,1,1,Ruin,,1,01,4069333285272614884,poiNode__ruin_lvl1_crownlands_alpha
1931,817,3,3,9,Castle,,2,b700,2677169842261652633,poiNode__castle_lvl2_crownlands_alpha
549,818,2,2,4,Settlement (Town),,1,0b,2800008357386502363,poiNode__town_lvl1_iron_crownlands_alpha
1050,818,1,2,2,Crossing,,3,03,11761877450986962679,poiNode__crossing_lvl3_alpha
1124,818,1,1,1,Ruin,,1,01,4069333285272614884,poiNode__ruin_lvl1_crownlands_alpha
1489,818,2,3,6,Bridge,,3,),782753266235643662,poiNode__bridge_3hex_lvl3_alpha
1574,818,1,1,1,Ruin,,1,01,4069333285272614884,poiNode__ruin_lvl1_crownlands_alpha
1646,818,1,1,1,Ruin,,1,01,4069333285272614884,poiNode__ruin_lvl1_crownlands_alpha
1656,818,3,2,6,Dragon Sanctum,,1,1e,10375726052514243646,poiNode__dragonsanctum_lv01_crownlands_alpha
921,819,1,1,1,Ruin,,1,01,4069333285272614884,poiNode__ruin_lvl1_crownlands_alpha
974,819,3,3,9,Castle,,3,b700,954995402910154266,poiNode__castle_lvl3_crownlands_alpha
1397,819,1,1,1,Ruin,,1,01,4069333285272614884,poiNode__ruin_lvl1_crownlands_alpha
1704,819,2,2,4,Settlement (Town),,2,07,13347178834781780590,poiNode__town_lvl2_wood_crownlands_alpha
691,820,2,2,4,Settlement (Town),,1,0b,5323986953385167127,poiNode__town_lvl1_food_crownlands_alpha
934,820,2,2,4,Settlement (Town),,3,0b,1518391056412782767,poiNode__town_lvl3_iron_crownlands_alpha
1255,820,1,1,1,Ruin,,1,01,4069333285272614884,poiNode__ruin_lvl1_crownlands_alpha
1382,820,1,1,1,Ruin,,1,01,4069333285272614884,poiNode__ruin_lvl1_crownlands_alpha
1505,820,1,1,1,Ruin,,1,01,4069333285272614884,poiNode__ruin_lvl1_crownlands_alpha
1677,820,3,3,9,Castle,,2,9f00,2677169842261652633,poiNode__castle_lvl2_crownlands_alpha
1755,820,1,1,1,Ruin,,1,01,4069333285272614884,poiNode__ruin_lvl1_crownlands_alpha
1943,820,2,2,4,Settlement (Town),,2,0b,934088675522857109,poiNode__town_lvl2_iron_crownlands_alpha
1949,820,1,1,1,Ruin,,1,01,4069333285272614884,poiNode__ruin_lvl1_crownlands_alpha
912,821,1,1,1,Ruin,,1,01,4069333285272614884,poiNode__ruin_lvl1_crownlands_alpha
1329,821,1,1,1,Ruin,,1,01,4069333285272614884,poiNode__ruin_lvl1_crownlands_alpha
1554,822,2,2,4,Settlement (Town),,3,0b,8803219746350610787,poiNode__town_lvl3_food_crownlands_alpha
1584,822,1,1,1,Ruin,,1,01,4069333285272614884,poiNode__ruin_lvl1_crownlands_alpha
1925,822,1,1,1,Ruin,,1,01,4069333285272614884,poiNode__ruin_lvl1_crownlands_alpha
1161,823,1,1,1,Ruin,,1,01,4069333285272614884,poiNode__ruin_lvl1_crownlands_alpha
1283,823,3,5,15,Bridge,,2,9148,1498553686271999927,poiNode__bridge_5hex_lvl2_alpha
1938,823,1,1,1,Ruin,,1,01,4069333285272614884,poiNode__ruin_lvl1_crownlands_alpha
884,824,1,1,1,Ruin,,1,01,4069333285272614884,poiNode__ruin_lvl1_crownlands_alpha
1056,824,2,2,4,Crossing,,3,,11761877450986962679,poiNode__crossing_lvl3_alpha
1631,824,1,1,1,Ruin,,1,01,4069333285272614884,poiNode__ruin_lvl1_crownlands_alpha
1652,824,1,1,1,Ruin,,1,01,4069333285272614884,poiNode__ruin_lvl1_crownlands_alpha
1917,824,1,1,1,Ruin,,1,01,4069333285272614884,poiNode__ruin_lvl1_crownlands_alpha
1018,825,1,1,1,Ruin,,1,01,4069333285272614884,poiNode__ruin_lvl1_crownlands_alpha
1097,825,1,1,1,Ruin,,1,01,4069333285272614884,poiNode__ruin_lvl1_crownlands_alpha
1545,825,1,1,1,Ruin,,1,01,4069333285272614884,poiNode__ruin_lvl1_crownlands_alpha
543,826,1,1,1,Ruin,,1,01,4069333285272614884,poiNode__ruin_lvl1_crownlands_alpha
1410,826,1,1,1,Ruin,,1,01,4069333285272614884,poiNode__ruin_lvl1_crownlands_alpha
1828,826,1,1,1,Ruin,,1,01,4069333285272614884,poiNode__ruin_lvl1_crownlands_alpha
1188,827,2,2,4,Settlement (Town),,3,07,3662043920122588179,poiNode__town_lvl3_stone_crownlands_alpha
1197,827,1,1,1,Ruin,,1,01,4069333285272614884,poiNode__ruin_lvl1_crownlands_alpha
1460,827,1,1,1,Ruin,,1,01,4069333285272614884,poiNode__ruin_lvl1_crownlands_alpha
1526,827,1,1,1,Ruin,,1,01,4069333285272614884,poiNode__ruin_lvl1_crownlands_alpha
1597,827,1,1,1,Ruin,,1,01,4069333285272614884,poiNode__ruin_lvl1_crownlands_alpha
1665,827,1,1,1,Ruin,,1,01,4069333285272614884,poiNode__ruin_lvl1_crownlands_alpha
1694,827,1,1,1,Ruin,,1,01,4069333285272614884,poiNode__ruin_lvl1_crownlands_alpha
1283,828,4,3,12,Seat of Power,Grassy Vale,,f707,5285658600716403935,poiNode__sop_GrassyVale_alpha
1473,828,1,1,1,Ruin,,1,01,4069333285272614884,poiNode__ruin_lvl1_crownlands_alpha
1613,828,1,1,1,Ruin,,1,01,4069333285272614884,poiNode__ruin_lvl1_crownlands_alpha
1623,828,1,1,1,Ruin,,1,01,4069333285272614884,poiNode__ruin_lvl1_crownlands_alpha
1517,829,3,3,9,Castle,,3,b700,954995402910154266,poiNode__castle_lvl3_crownlands_alpha
1731,829,1,1,1,Ruin,,1,01,4069333285272614884,poiNode__ruin_lvl1_crownlands_alpha
1796,829,1,1,1,Ruin,,1,01,4069333285272614884,poiNode__ruin_lvl1_crownlands_alpha
1497,830,1,1,1,Ruin,,1,01,4069333285272614884,poiNode__ruin_lvl1_crownlands_alpha
1684,830,1,1,1,Ruin,,1,01,4069333285272614884,poiNode__ruin_lvl1_crownlands_alpha
1813,830,1,1,1,Ruin,,1,01,4069333285272614884,poiNode__ruin_lvl1_crownlands_alpha
499,831,1,1,1,Ruin,,1,01,4069333285272614884,poiNode__ruin_lvl1_crownlands_alpha
1378,831,2,2,4,Settlement (Town),,3,07,1518391056412782767,poiNode__town_lvl3_iron_crownlands_alpha
1634,831,2,2,4,Settlement (Town),,2,07,6299085069917208579,poiNode__town_lvl2_stone_crownlands_alpha
1775,831,1,1,1,Ruin,,1,01,4069333285272614884,poiNode__ruin_lvl1_crownlands_alpha
1903,831,1,1,1,Ruin,,1,01,4069333285272614884,poiNode__ruin_lvl1_crownlands_alpha
1926,831,1,1,1,Ruin,,1,01,4069333285272614884,poiNode__ruin_lvl1_crownlands_alpha
733,832,1,1,1,Ruin,,1,01,4069333285272614884,poiNode__ruin_lvl1_crownlands_alpha
1745,832,1,1,1,Ruin,,1,01,4069333285272614884,poiNode__ruin_lvl1_crownlands_alpha
1785,832,1,1,1,Ruin,,1,01,4069333285272614884,poiNode__ruin_lvl1_crownlands_alpha
908,833,1,1,1,Ruin,,1,01,4069333285272614884,poiNode__ruin_lvl1_crownlands_alpha
1120,833,1,1,1,Ruin,,1,01,4069333285272614884,poiNode__ruin_lvl1_crownlands_alpha
1147,833,3,5,15,Bridge,,3,a414,4908333263510868557,poiNode__bridge_5hex_lvl3_alpha
1242,833,2,2,4,Dragon Sanctum,,1,0f,10375726052514243646,poiNode__dragonsanctum_lv01_crownlands_alpha
1280,833,3,5,15,Bridge,,2,a414,1498553686271999927,poiNode__bridge_5hex_lvl2_alpha
1487,833,1,1,1,Ruin,,1,01,4069333285272614884,poiNode__ruin_lvl1_crownlands_alpha
1598,833,2,2,4,Crossing,,3,,11761877450986962679,poiNode__crossing_lvl3_alpha
1753,833,1,1,1,Ruin,,1,01,4069333285272614884,poiNode__ruin_lvl1_crownlands_alpha
1896,833,2,2,4,Harbor/Dock,,2,0b,16078488310347410484,poiNode__harbor_lvl2_alpha
487,834,3,4,12,Seat of Power,Old Oak,,fb0d,8878198322543969078,poiNode__sop_OldOak_alpha
1002,834,3,2,6,Dragon Sanctum,,1,1e,10375726052514243646,poiNode__dragonsanctum_lv01_crownlands_alpha
1588,834,1,1,1,Ruin,,1,01,4069333285272614884,poiNode__ruin_lvl1_crownlands_alpha
1645,834,1,1,1,Ruin,,1,01,4069333285272614884,poiNode__ruin_lvl1_crownlands_alpha
1724,834,1,1,1,Ruin,,1,01,4069333285272614884,poiNode__ruin_lvl1_crownlands_alpha
959,835,1,1,1,Ruin,,1,01,4069333285272614884,poiNode__ruin_lvl1_crownlands_alpha
988,835,1,1,1,Ruin,,1,01,4069333285272614884,poiNode__ruin_lvl1_crownlands_alpha
1049,835,1,1,1,Ruin,,1,01,4069333285272614884,poiNode__ruin_lvl1_crownlands_alpha
1829,835,1,1,1,Ruin,,1,01,4069333285272614884,poiNode__ruin_lvl1_crownlands_alpha
844,836,1,1,1,Ruin,,1,01,4069333285272614884,poiNode__ruin_lvl1_crownlands_alpha
855,836,1,1,1,Ruin,,1,01,4069333285272614884,poiNode__ruin_lvl1_crownlands_alpha
915,836,2,2,4,Settlement (Town),,3,0b,8803219746350610787,poiNode__town_lvl3_food_crownlands_alpha
1652,836,3,2,6,Dragon Sanctum,,4,1e,433908501532394673,poiNode__dragonsanctum_lv04_crownlands_alpha
1707,836,1,1,1,Ruin,,1,01,4069333285272614884,poiNode__ruin_lvl1_crownlands_alpha
1716,836,1,1,1,Ruin,,1,01,4069333285272614884,poiNode__ruin_lvl1_crownlands_alpha
678,837,1,1,1,Ruin,,1,01,4069333285272614884,poiNode__ruin_lvl1_crownlands_alpha
1023,837,1,1,1,Ruin,,1,01,4069333285272614884,poiNode__ruin_lvl1_crownlands_alpha
1068,837,1,1,1,Ruin,,1,01,4069333285272614884,poiNode__ruin_lvl1_crownlands_alpha
1215,837,2,2,4,Settlement (Town),,3,07,11591790737009394260,poiNode__town_lvl3_wood_crownlands_alpha
1414,837,1,1,1,Ruin,,1,01,4069333285272614884,poiNode__ruin_lvl1_crownlands_alpha
1677,837,1,1,1,Ruin,,1,01,4069333285272614884,poiNode__ruin_lvl1_crownlands_alpha
1694,837,1,1,1,Ruin,,1,01,4069333285272614884,poiNode__ruin_lvl1_crownlands_alpha
1889,837,2,2,4,Crossing,,2,06,17576595532914463501,poiNode__crossing_lvl2_alpha
1603,838,2,2,4,Crossing,,3,,11761877450986962679,poiNode__crossing_lvl3_alpha
1749,838,1,2,2,Crossing,,2,03,17576595532914463501,poiNode__crossing_lvl2_alpha
633,839,3,5,15,Bridge,,1,a414,16551278857259698617,poiNode__bridge_5hex_lvl1_alpha
1040,839,1,1,1,Ruin,,1,01,4069333285272614884,poiNode__ruin_lvl1_crownlands_alpha
1570,839,2,2,4,Settlement (Town),,3,07,3662043920122588179,poiNode__town_lvl3_stone_crownlands_alpha
1684,839,2,2,4,Settlement (Town),,2,07,6299085069917208579,poiNode__town_lvl2_stone_crownlands_alpha
1816,840,1,1,1,Ruin,,1,01,4069333285272614884,poiNode__ruin_lvl1_crownlands_alpha
1274,841,1,1,1,Ruin,,1,01,4069333285272614884,poiNode__ruin_lvl1_crownlands_alpha
1373,841,1,1,1,Ruin,,1,01,4069333285272614884,poiNode__ruin_lvl1_crownlands_alpha
1622,841,1,1,1,Ruin,,1,01,4069333285272614884,poiNode__ruin_lvl1_crownlands_alpha
880,842,3,2,6,Dragon Sanctum,,1,1e,10375726052514243646,poiNode__dragonsanctum_lv01_crownlands_alpha
991,842,3,2,6,Dragon Sanctum,,3,1e,16082973056167260472,poiNode__dragonsanctum_lv03_crownlands_alpha
1306,842,2,2,4,Settlement (Town),,3,0b,8803219746350610787,poiNode__town_lvl3_food_crownlands_alpha
1470,842,1,1,1,Ruin,,1,01,4069333285272614884,poiNode__ruin_lvl1_crownlands_alpha
1566,842,1,1,1,Ruin,,1,01,4069333285272614884,poiNode__ruin_lvl1_crownlands_alpha
1755,842,2,2,4,Crossing,,2,,17576595532914463501,poiNode__crossing_lvl2_alpha
1213,843,1,1,1,Ruin,,1,01,4069333285272614884,poiNode__ruin_lvl1_crownlands_alpha
1386,843,1,1,1,Ruin,,1,01,4069333285272614884,poiNode__ruin_lvl1_crownlands_alpha
1538,843,1,1,1,Ruin,,1,01,4069333285272614884,poiNode__ruin_lvl1_crownlands_alpha
1666,843,1,1,1,Ruin,,1,01,4069333285272614884,poiNode__ruin_lvl1_crownlands_alpha
1720,843,3,3,9,Castle,,2,b700,2677169842261652633,poiNode__castle_lvl2_crownlands_alpha
1738,843,1,1,1,Ruin,,1,01,4069333285272614884,poiNode__ruin_lvl1_crownlands_alpha
694,844,3,3,9,Castle,,1,9f00,6741636123857038108,poiNode__castle_lvl1_crownlands_alpha
1165,844,1,1,1,Ruin,,1,01,4069333285272614884,poiNode__ruin_lvl1_crownlands_alpha
1295,844,1,1,1,Ruin,,1,01,4069333285272614884,poiNode__ruin_lvl1_crownlands_alpha
1398,844,1,1,1,Ruin,,1,01,4069333285272614884,poiNode__ruin_lvl1_crownlands_alpha
1653,844,1,1,1,Ruin,,1,01,4069333285272614884,poiNode__ruin_lvl1_crownlands_alpha
1785,844,1,1,1,Ruin,,1,01,4069333285272614884,poiNode__ruin_lvl1_crownlands_alpha
1880,844,1,1,1,Ruin,,1,01,4069333285272614884,poiNode__ruin_lvl1_crownlands_alpha
543,845,1,1,1,Ruin,,1,01,4069333285272614884,poiNode__ruin_lvl1_crownlands_alpha
1079,845,1,1,1,Ruin,,1,01,4069333285272614884,poiNode__ruin_lvl1_crownlands_alpha
1424,845,1,1,1,Ruin,,1,01,4069333285272614884,poiNode__ruin_lvl1_crownlands_alpha
1478,845,1,1,1,Ruin,,1,01,4069333285272614884,poiNode__ruin_lvl1_crownlands_alpha
1526,845,1,1,1,Ruin,,1,01,4069333285272614884,poiNode__ruin_lvl1_crownlands_alpha
1557,845,1,1,1,Ruin,,1,01,4069333285272614884,poiNode__ruin_lvl1_crownlands_alpha
1617,845,2,2,4,Settlement (Town),,2,07,6299085069917208579,poiNode__town_lvl2_stone_crownlands_alpha
1005,846,1,1,1,Ruin,,1,01,4069333285272614884,poiNode__ruin_lvl1_crownlands_alpha
1134,846,3,3,9,Castle,,3,9f00,954995402910154266,poiNode__castle_lvl3_crownlands_alpha
1404,846,3,3,9,Castle,,3,9f00,954995402910154266,poiNode__castle_lvl3_crownlands_alpha
1661,846,2,2,4,Settlement (Town),,2,0b,13347178834781780590,poiNode__town_lvl2_wood_crownlands_alpha
1875,846,2,2,4,Crossing,,2,,17576595532914463501,poiNode__crossing_lvl2_alpha
1049,847,1,1,1,Ruin,,1,01,4069333285272614884,poiNode__ruin_lvl1_crownlands_alpha
1444,847,2,2,4,Settlement (Town),,3,07,11591790737009394260,poiNode__town_lvl3_wood_crownlands_alpha
910,848,1,1,1,Ruin,,1,01,4069333285272614884,poiNode__ruin_lvl1_crownlands_alpha
1142,848,1,1,1,Ruin,,1,01,4069333285272614884,poiNode__ruin_lvl1_crownlands_alpha
1505,848,1,1,1,Ruin,,1,01,4069333285272614884,poiNode__ruin_lvl1_crownlands_alpha
1830,849,1,1,1,Ruin,,1,01,4069333285272614884,poiNode__ruin_lvl1_crownlands_alpha
1434,850,1,1,1,Ruin,,1,01,4069333285272614884,poiNode__ruin_lvl1_crownlands_alpha
1474,850,3,2,6,Dragon Sanctum,,1,1e,10375726052514243646,poiNode__dragonsanctum_lv01_crownlands_alpha
1602,850,1,1,1,Ruin,,1,01,4069333285272614884,poiNode__ruin_lvl1_crownlands_alpha
1693,850,1,1,1,Ruin,,1,01,4069333285272614884,poiNode__ruin_lvl1_crownlands_alpha
1845,850,2,2,4,Settlement (Town),,2,0b,934088675522857109,poiNode__town_lvl2_iron_crownlands_alpha
967,851,1,1,1,Ruin,,1,01,4069333285272614884,poiNode__ruin_lvl1_crownlands_alpha
1063,851,1,1,1,Ruin,,1,01,4069333285272614884,poiNode__ruin_lvl1_crownlands_alpha
1639,851,1,1,1,Ruin,,1,01,4069333285272614884,poiNode__ruin_lvl1_crownlands_alpha
1727,851,4,3,12,Seat of Power,Bronzegate,,fe0e,2130816922834947206,poiNode__sop_Bronzegate_alpha
1764,851,3,3,9,Castle,,2,b700,2677169842261652633,poiNode__castle_lvl2_crownlands_alpha
1864,851,2,2,4,Harbor/Dock,,2,0e,16078488310347410484,poiNode__harbor_lvl2_alpha
1367,852,1,1,1,Ruin,,1,01,4069333285272614884,poiNode__ruin_lvl1_crownlands_alpha
1704,852,1,1,1,Ruin,,1,01,4069333285272614884,poiNode__ruin_lvl1_crownlands_alpha
1779,852,1,1,1,Ruin,,1,01,4069333285272614884,poiNode__ruin_lvl1_crownlands_alpha
914,853,3,3,9,Castle,,3,b700,954995402910154266,poiNode__castle_lvl3_crownlands_alpha
1043,853,1,1,1,Ruin,,1,01,4069333285272614884,poiNode__ruin_lvl1_crownlands_alpha
1386,853,1,1,1,Ruin,,1,01,4069333285272614884,poiNode__ruin_lvl1_crownlands_alpha
1607,853,3,3,9,Castle,,2,b700,2677169842261652633,poiNode__castle_lvl2_crownlands_alpha
778,854,1,2,2,Crossing,,2,03,17576595532914463501,poiNode__crossing_lvl2_alpha
785,854,3,4,12,Seat of Power,Goldengrove,,fb0d,11012646825384291377,poiNode__sop_Goldengrove_alpha
1343,854,3,3,9,Castle,,3,9f00,954995402910154266,poiNode__castle_lvl3_crownlands_alpha
879,855,1,1,1,Ruin,,1,01,4069333285272614884,poiNode__ruin_lvl1_crownlands_alpha
1486,855,3,4,12,Bridge,,4,9402,12175700799009506677,poiNode__bridge_4hex_lvl4_alpha
1679,855,1,1,1,Ruin,,1,01,4069333285272614884,poiNode__ruin_lvl1_crownlands_alpha
1805,855,1,1,1,Ruin,,1,01,4069333285272614884,poiNode__ruin_lvl1_crownlands_alpha
1005,856,1,1,1,Ruin,,1,01,4069333285272614884,poiNode__ruin_lvl1_crownlands_alpha
1126,856,1,1,1,Ruin,,1,01,4069333285272614884,poiNode__ruin_lvl1_crownlands_alpha
1358,856,1,1,1,Ruin,,1,01,4069333285272614884,poiNode__ruin_lvl1_crownlands_alpha
1649,856,1,1,1,Ruin,,1,01,4069333285272614884,poiNode__ruin_lvl1_crownlands_alpha
1771,856,1,1,1,Ruin,,1,01,4069333285272614884,poiNode__ruin_lvl1_crownlands_alpha
939,857,1,1,1,Ruin,,1,01,4069333285272614884,poiNode__ruin_lvl1_crownlands_alpha
606,858,5,1,5,Bridge,,1,1f,16551278857259698617,poiNode__bridge_5hex_lvl1_alpha
1612,858,1,1,1,Ruin,,1,01,4069333285272614884,poiNode__ruin_lvl1_crownlands_alpha
1623,858,1,1,1,Ruin,,1,01,4069333285272614884,poiNode__ruin_lvl1_crownlands_alpha
1171,859,1,1,1,Ruin,,1,01,4069333285272614884,poiNode__ruin_lvl1_crownlands_alpha
1454,859,1,1,1,Ruin,,1,01,4069333285272614884,poiNode__ruin_lvl1_crownlands_alpha
1466,859,1,1,1,Ruin,,1,01,4069333285272614884,poiNode__ruin_lvl1_crownlands_alpha
1525,859,2,2,4,Crossing,,4,,10638324116765093946,poiNode__crossing_lvl4_alpha
552,860,3,3,9,Castle,,1,9f00,6741636123857038108,poiNode__castle_lvl1_crownlands_alpha
1592,860,1,1,1,Ruin,,1,01,4069333285272614884,poiNode__ruin_lvl1_crownlands_alpha
1665,860,1,1,1,Ruin,,1,01,4069333285272614884,poiNode__ruin_lvl1_crownlands_alpha
1857,860,1,1,1,Ruin,,1,01,4069333285272614884,poiNode__ruin_lvl1_crownlands_alpha
624,861,1,1,1,Ruin,,1,01,4069333285272614884,poiNode__ruin_lvl1_crownlands_alpha
1010,861,2,2,4,Settlement (Town),,3,07,3662043920122588179,poiNode__town_lvl3_stone_crownlands_alpha
1569,861,1,2,2,Crossing,,4,03,10638324116765093946,poiNode__crossing_lvl4_alpha
1598,861,2,2,4,Settlement (Town),,2,07,6299085069917208579,poiNode__town_lvl2_stone_crownlands_alpha
894,862,2,2,4,Settlement (Town),,3,0b,1518391056412782767,poiNode__town_lvl3_iron_crownlands_alpha
984,862,2,2,4,Crossing,,3,06,11761877450986962679,poiNode__crossing_lvl3_alpha
1099,862,1,1,1,Ruin,,1,01,4069333285272614884,poiNode__ruin_lvl1_crownlands_alpha
1681,862,3,4,12,Bridge,,2,9108,14462941546211862082,poiNode__bridge_4hex_lvl2_alpha
1792,862,1,1,1,Ruin,,1,01,4069333285272614884,poiNode__ruin_lvl1_crownlands_alpha
664,863,3,1,3,Bridge,,3,07,782753266235643662,poiNode__bridge_3hex_lvl3_alpha
1365,863,1,1,1,Ruin,,1,01,4069333285272614884,poiNode__ruin_lvl1_crownlands_alpha
1405,863,1,1,1,Ruin,,1,01,4069333285272614884,poiNode__ruin_lvl1_crownlands_alpha
1707,863,1,1,1,Ruin,,1,01,4069333285272614884,poiNode__ruin_lvl1_crownlands_alpha
1719,863,1,1,1,Ruin,,1,01,4069333285272614884,poiNode__ruin_lvl1_crownlands_alpha
1640,864,1,1,1,Ruin,,1,01,4069333285272614884,poiNode__ruin_lvl1_crownlands_alpha
1781,864,1,1,1,Ruin,,1,01,4069333285272614884,poiNode__ruin_lvl1_crownlands_alpha
981,865,2,2,4,Crossing,,3,06,11761877450986962679,poiNode__crossing_lvl3_alpha
1350,865,2,2,4,Settlement (Town),,3,07,8803219746350610787,poiNode__town_lvl3_food_crownlands_alpha
1386,865,1,1,1,Ruin,,1,01,4069333285272614884,poiNode__ruin_lvl1_crownlands_alpha
1579,865,1,2,2,Crossing,,4,03,10638324116765093946,poiNode__crossing_lvl4_alpha
1692,865,1,1,1,Ruin,,1,01,4069333285272614884,poiNode__ruin_lvl1_crownlands_alpha
1658,866,1,1,1,Ruin,,1,01,4069333285272614884,poiNode__ruin_lvl1_crownlands_alpha
841,867,3,3,9,Castle,,1,b700,6741636123857038108,poiNode__castle_lvl1_crownlands_alpha
1527,867,2,2,4,Crossing,,4,06,10638324116765093946,poiNode__crossing_lvl4_alpha
891,868,1,1,1,Ruin,,1,01,4069333285272614884,poiNode__ruin_lvl1_crownlands_alpha
1218,868,1,1,1,Ruin,,1,01,4069333285272614884,poiNode__ruin_lvl1_crownlands_alpha
1614,868,1,1,1,Ruin,,1,01,4069333285272614884,poiNode__ruin_lvl1_crownlands_alpha
1729,868,1,1,1,Ruin,,1,01,4069333285272614884,poiNode__ruin_lvl1_crownlands_alpha
967,869,1,1,1,Ruin,,1,01,4069333285272614884,poiNode__ruin_lvl1_crownlands_alpha
1067,869,2,2,4,Settlement (Town),,3,07,1518391056412782767,poiNode__town_lvl3_iron_crownlands_alpha
957,870,2,2,4,Settlement (Town),,3,0b,3662043920122588179,poiNode__town_lvl3_stone_crownlands_alpha
1452,870,3,5,15,Bridge,,3,8944,4908333263510868557,poiNode__bridge_5hex_lvl3_alpha
975,871,1,1,1,Ruin,,1,01,4069333285272614884,poiNode__ruin_lvl1_crownlands_alpha
1176,871,3,3,9,Castle,,3,b700,954995402910154266,poiNode__castle_lvl3_crownlands_alpha
1602,871,1,1,1,Ruin,,1,01,4069333285272614884,poiNode__ruin_lvl1_crownlands_alpha
1686,871,1,1,1,Ruin,,1,01,4069333285272614884,poiNode__ruin_lvl1_crownlands_alpha
1788,871,1,1,1,Ruin,,1,01,4069333285272614884,poiNode__ruin_lvl1_crownlands_alpha
1006,872,3,3,9,Castle,,3,9f00,954995402910154266,poiNode__castle_lvl3_crownlands_alpha
1328,872,1,1,1,Ruin,,1,01,4069333285272614884,poiNode__ruin_lvl1_crownlands_alpha
1585,872,1,1,1,Ruin,,1,01,4069333285272614884,poiNode__ruin_lvl1_crownlands_alpha
1736,872,1,1,1,Ruin,,1,01,4069333285272614884,poiNode__ruin_lvl1_crownlands_alpha
1850,872,1,1,1,Ruin,,1,01,4069333285272614884,poiNode__ruin_lvl1_crownlands_alpha
1044,873,1,1,1,Ruin,,1,01,4069333285272614884,poiNode__ruin_lvl1_crownlands_alpha
1268,873,1,1,1,Ruin,,1,01,4069333285272614884,poiNode__ruin_lvl1_crownlands_alpha
1017,874,1,1,1,Ruin,,1,01,4069333285272614884,poiNode__ruin_lvl1_crownlands_alpha
1112,874,1,1,1,Ruin,,1,01,4069333285272614884,poiNode__ruin_lvl1_crownlands_alpha
1446,874,3,3,9,Castle,,3,9f00,954995402910154266,poiNode__castle_lvl3_crownlands_alpha
1567,874,1,2,2,Crossing,,4,03,10638324116765093946,poiNode__crossing_lvl4_alpha
526,875,1,2,2,Crossing,,1,03,186484103584441603,poiNode__crossing_lvl1_alpha
1490,875,1,1,1,Ruin,,1,01,4069333285272614884,poiNode__ruin_lvl1_crownlands_alpha
1555,875,1,1,1,Ruin,,1,01,4069333285272614884,poiNode__ruin_lvl1_crownlands_alpha
1751,876,1,1,1,Ruin,,1,01,4069333285272614884,poiNode__ruin_lvl1_crownlands_alpha
1091,877,1,1,1,Ruin,,1,01,4069333285272614884,poiNode__ruin_lvl1_crownlands_alpha
1124,877,4,3,12,Seat of Power,Bitterbridge,,fe0e,7486195923057031818,poiNode__sop_Bitterbridge_alpha
1298,877,1,1,1,Ruin,,1,01,4069333285272614884,poiNode__ruin_lvl1_crownlands_alpha
1640,878,2,2,4,Settlement (Town),,2,0b,6299085069917208579,poiNode__town_lvl2_stone_crownlands_alpha
1816,878,1,1,1,Ruin,,1,01,4069333285272614884,poiNode__ruin_lvl1_crownlands_alpha
524,879,2,2,4,Crossing,,1,06,186484103584441603,poiNode__crossing_lvl1_alpha
895,879,1,1,1,Ruin,,1,01,4069333285272614884,poiNode__ruin_lvl1_crownlands_alpha
1679,879,1,1,1,Ruin,,1,01,4069333285272614884,poiNode__ruin_lvl1_crownlands_alpha
928,880,1,1,1,Ruin,,1,01,4069333285272614884,poiNode__ruin_lvl1_crownlands_alpha
1627,880,1,1,1,Ruin,,1,01,4069333285272614884,poiNode__ruin_lvl1_crownlands_alpha
952,881,1,1,1,Ruin,,1,01,4069333285272614884,poiNode__ruin_lvl1_crownlands_alpha
975,881,1,1,1,Ruin,,1,01,4069333285272614884,poiNode__ruin_lvl1_crownlands_alpha
1024,881,1,1,1,Ruin,,1,01,4069333285272614884,poiNode__ruin_lvl1_crownlands_alpha
1062,881,1,1,1,Ruin,,1,01,4069333285272614884,poiNode__ruin_lvl1_crownlands_alpha
1506,881,1,1,1,Ruin,,1,01,4069333285272614884,poiNode__ruin_lvl1_crownlands_alpha
1801,881,4,3,12,Seat of Power,Haystack Hall,,fe0e,9735503743309606120,poiNode__sop_HaystackHall_alpha
625,882,3,3,9,Castle,,1,9f00,6741636123857038108,poiNode__castle_lvl1_crownlands_alpha
1177,882,1,1,1,Ruin,,1,01,4069333285272614884,poiNode__ruin_lvl1_crownlands_alpha
1520,882,1,1,1,Ruin,,1,01,4069333285272614884,poiNode__ruin_lvl1_crownlands_alpha
1649,882,1,1,1,Ruin,,1,01,4069333285272614884,poiNode__ruin_lvl1_crownlands_alpha
1662,882,1,1,1,Ruin,,1,01,4069333285272614884,poiNode__ruin_lvl1_crownlands_alpha
613,883,2,2,4,Settlement (Town),,1,07,5323986953385167127,poiNode__town_lvl1_food_crownlands_alpha
1688,883,1,1,1,Ruin,,1,01,4069333285272614884,poiNode__ruin_lvl1_crownlands_alpha
1717,883,1,1,1,Ruin,,1,01,4069333285272614884,poiNode__ruin_lvl1_crownlands_alpha
1846,883,3,3,9,Castle,,2,b700,2677169842261652633,poiNode__castle_lvl2_crownlands_alpha
1052,884,1,1,1,Ruin,,1,01,4069333285272614884,poiNode__ruin_lvl1_crownlands_alpha
1635,884,1,1,1,Ruin,,1,01,4069333285272614884,poiNode__ruin_lvl1_crownlands_alpha
1697,884,1,1,1,Ruin,,1,01,4069333285272614884,poiNode__ruin_lvl1_crownlands_alpha
1643,885,1,1,1,Ruin,,1,01,4069333285272614884,poiNode__ruin_lvl1_crownlands_alpha
1835,885,1,1,1,Ruin,,1,01,4069333285272614884,poiNode__ruin_lvl1_crownlands_alpha
526,886,1,1,1,Ruin,,1,01,4069333285272614884,poiNode__ruin_lvl1_crownlands_alpha
917,886,1,1,1,Ruin,,1,01,4069333285272614884,poiNode__ruin_lvl1_crownlands_alpha
1437,886,1,1,1,Ruin,,1,01,4069333285272614884,poiNode__ruin_lvl1_crownlands_alpha
1560,886,1,1,1,Ruin,,1,01,4069333285272614884,poiNode__ruin_lvl1_crownlands_alpha
1760,886,1,1,1,Ruin,,1,01,4069333285272614884,poiNode__ruin_lvl1_crownlands_alpha
496,887,1,1,1,Ruin,,1,01,4069333285272614884,poiNode__ruin_lvl1_crownlands_alpha
668,887,1,1,1,Ruin,,1,01,4069333285272614884,poiNode__ruin_lvl1_crownlands_alpha
1122,887,2,2,4,Crossing,,3,06,11761877450986962679,poiNode__crossing_lvl3_alpha
1386,887,2,2,4,Settlement (Town),,3,07,8803219746350610787,poiNode__town_lvl3_food_crownlands_alpha
1427,887,2,2,4,Settlement (Town),,3,07,1518391056412782767,poiNode__town_lvl3_iron_crownlands_alpha
1469,887,1,1,1,Ruin,,1,01,4069333285272614884,poiNode__ruin_lvl1_crownlands_alpha
1604,887,1,1,1,Ruin,,1,01,4069333285272614884,poiNode__ruin_lvl1_crownlands_alpha
1266,888,3,2,6,Dragon Sanctum,,3,1e,16082973056167260472,poiNode__dragonsanctum_lv03_crownlands_alpha
1296,888,3,3,9,Castle,,3,9f00,954995402910154266,poiNode__castle_lvl3_crownlands_alpha
1351,888,1,1,1,Ruin,,1,01,4069333285272614884,poiNode__ruin_lvl1_crownlands_alpha
1189,889,1,1,1,Ruin,,1,01,4069333285272614884,poiNode__ruin_lvl1_crownlands_alpha
1215,889,1,1,1,Ruin,,1,01,4069333285272614884,poiNode__ruin_lvl1_crownlands_alpha
1490,889,1,1,1,Ruin,,1,01,4069333285272614884,poiNode__ruin_lvl1_crownlands_alpha
1613,889,1,1,1,Ruin,,1,01,4069333285272614884,poiNode__ruin_lvl1_crownlands_alpha
1722,889,2,2,4,Dragon Sanctum,,4,0f,433908501532394673,poiNode__dragonsanctum_lv04_crownlands_alpha
1224,890,3,3,9,Castle,,3,9f00,954995402910154266,poiNode__castle_lvl3_crownlands_alpha
1820,890,1,1,1,Ruin,,1,01,4069333285272614884,poiNode__ruin_lvl1_crownlands_alpha
1519,891,1,1,1,Ruin,,1,01,4069333285272614884,poiNode__ruin_lvl1_crownlands_alpha
1787,892,1,1,1,Ruin,,1,01,4069333285272614884,poiNode__ruin_lvl1_crownlands_alpha
736,893,1,1,1,Ruin,,1,01,4069333285272614884,poiNode__ruin_lvl1_crownlands_alpha
1037,893,1,1,1,Ruin,,1,01,4069333285272614884,poiNode__ruin_lvl1_crownlands_alpha
1168,893,1,1,1,Ruin,,1,01,4069333285272614884,poiNode__ruin_lvl1_crownlands_alpha
1376,893,1,1,1,Ruin,,1,01,4069333285272614884,poiNode__ruin_lvl1_crownlands_alpha
1642,893,1,1,1,Ruin,,1,01,4069333285272614884,poiNode__ruin_lvl1_crownlands_alpha
1683,893,2,2,4,Settlement (Town),,2,07,7192166805953233241,poiNode__town_lvl2_food_crownlands_alpha
1843,893,1,1,1,Ruin,,1,01,4069333285272614884,poiNode__ruin_lvl1_crownlands_alpha
704,894,2,2,4,Settlement (Town),,1,0b,10599107479229116960,poiNode__town_lvl1_wood_crownlands_alpha
1706,894,2,2,4,Settlement (Town),,2,0b,13347178834781780590,poiNode__town_lvl2_wood_crownlands_alpha
1106,895,1,1,1,Ruin,,1,01,4069333285272614884,poiNode__ruin_lvl1_crownlands_alpha
1659,895,2,2,4,Settlement (Town),,2,07,7192166805953233241,poiNode__town_lvl2_food_crownlands_alpha
988,896,1,1,1,Ruin,,1,01,4069333285272614884,poiNode__ruin_lvl1_crownlands_alpha
1174,896,2,2,4,Settlement (Town),,3,0b,3662043920122588179,poiNode__town_lvl3_stone_crownlands_alpha
1064,897,3,3,9,Castle,,3,b700,954995402910154266,poiNode__castle_lvl3_crownlands_alpha
1319,897,2,2,4,Dragon Sanctum,,2,0f,17822386685165763515,poiNode__dragonsanctum_lv02_crownlands_alpha
1669,897,1,1,1,Ruin,,1,01,4069333285272614884,poiNode__ruin_lvl1_crownlands_alpha
1223,898,1,1,1,Ruin,,1,01,4069333285272614884,poiNode__ruin_lvl1_crownlands_alpha
1426,898,3,2,6,Dragon Sanctum,,1,1e,10375726052514243646,poiNode__dragonsanctum_lv01_crownlands_alpha
1471,898,1,1,1,Ruin,,1,01,4069333285272614884,poiNode__ruin_lvl1_crownlands_alpha
1678,898,1,1,1,Ruin,,1,01,4069333285272614884,poiNode__ruin_lvl1_crownlands_alpha
1795,898,3,3,9,Castle,,2,9f00,2677169842261652633,poiNode__castle_lvl2_crownlands_alpha
1271,899,1,1,1,Ruin,,1,01,4069333285272614884,poiNode__ruin_lvl1_crownlands_alpha
760,900,1,1,1,Ruin,,1,01,4069333285272614884,poiNode__ruin_lvl1_crownlands_alpha
1071,900,1,1,1,Ruin,,1,01,4069333285272614884,poiNode__ruin_lvl1_crownlands_alpha
1230,901,1,1,1,Ruin,,1,01,4069333285272614884,poiNode__ruin_lvl1_crownlands_alpha
978,902,1,1,1,Ruin,,1,01,4069333285272614884,poiNode__ruin_lvl1_crownlands_alpha
1402,902,1,1,1,Ruin,,1,01,4069333285272614884,poiNode__ruin_lvl1_crownlands_alpha
1648,902,3,3,9,Castle,,2,9f00,2677169842261652633,poiNode__castle_lvl2_crownlands_alpha
1810,903,1,1,1,Ruin,,1,01,4069333285272614884,poiNode__ruin_lvl1_crownlands_alpha
1837,903,1,1,1,Ruin,,1,01,4069333285272614884,poiNode__ruin_lvl1_crownlands_alpha
1132,904,1,1,1,Ruin,,1,01,4069333285272614884,poiNode__ruin_lvl1_crownlands_alpha
1698,904,1,1,1,Ruin,,1,01,4069333285272614884,poiNode__ruin_lvl1_crownlands_alpha
1287,905,2,2,4,Settlement (Town),,3,07,3662043920122588179,poiNode__town_lvl3_stone_crownlands_alpha
1418,905,3,4,12,Bridge,,4,9108,12175700799009506677,poiNode__bridge_4hex_lvl4_alpha
1871,905,1,1,1,Ruin,,1,01,4069333285272614884,poiNode__ruin_lvl1_crownlands_alpha
877,906,1,1,1,Ruin,,1,01,4069333285272614884,poiNode__ruin_lvl1_crownlands_alpha
1059,906,1,1,1,Ruin,,1,01,4069333285272614884,poiNode__ruin_lvl1_crownlands_alpha
1378,906,1,1,1,Ruin,,1,01,4069333285272614884,poiNode__ruin_lvl1_crownlands_alpha
1534,906,1,1,1,Ruin,,1,01,4069333285272614884,poiNode__ruin_lvl1_crownlands_alpha
1570,906,2,2,4,Settlement (Town),,4,0b,6389715466080245769,poiNode__town_lvl4_iron_crownlands_alpha
1346,907,1,1,1,Ruin,,1,01,4069333285272614884,poiNode__ruin_lvl1_crownlands_alpha
1357,907,1,1,1,Ruin,,1,01,4069333285272614884,poiNode__ruin_lvl1_crownlands_alpha
1746,907,2,2,4,Settlement (Town),,2,07,934088675522857109,poiNode__town_lvl2_iron_crownlands_alpha
493,908,1,1,1,Ruin,,1,01,4069333285272614884,poiNode__ruin_lvl1_crownlands_alpha
1175,908,2,2,4,Crossing,,3,06,11761877450986962679,poiNode__crossing_lvl3_alpha
1202,908,1,1,1,Ruin,,1,01,4069333285272614884,poiNode__ruin_lvl1_crownlands_alpha
1332,908,1,1,1,Ruin,,1,01,4069333285272614884,poiNode__ruin_lvl1_crownlands_alpha
1866,908,2,2,4,Settlement (Town),,2,0b,6299085069917208579,poiNode__town_lvl2_stone_crownlands_alpha
651,909,1,1,1,Ruin,,1,01,4069333285272614884,poiNode__ruin_lvl1_crownlands_alpha
1281,909,1,1,1,Ruin,,1,01,4069333285272614884,poiNode__ruin_lvl1_crownlands_alpha
1446,909,1,1,1,Ruin,,1,01,4069333285272614884,poiNode__ruin_lvl1_crownlands_alpha
1552,909,3,3,9,Castle,,4,b700,15309825242278153107,poiNode__castle_lvl4_crownlands_alpha
1723,909,2,2,4,Dragon Sanctum,,1,0f,10375726052514243646,poiNode__dragonsanctum_lv01_crownlands_alpha
1801,909,1,1,1,Ruin,,1,01,4069333285272614884,poiNode__ruin_lvl1_crownlands_alpha
755,910,1,1,1,Ruin,,1,01,4069333285272614884,poiNode__ruin_lvl1_crownlands_alpha
996,910,2,2,4,Crossing,,3,06,11761877450986962679,poiNode__crossing_lvl3_alpha
1245,910,1,1,1,Ruin,,1,01,4069333285272614884,poiNode__ruin_lvl1_crownlands_alpha
1603,910,1,1,1,Ruin,,1,01,4069333285272614884,poiNode__ruin_lvl1_crownlands_alpha
1163,912,1,1,1,Ruin,,1,01,4069333285272614884,poiNode__ruin_lvl1_crownlands_alpha
525,913,1,1,1,Ruin,,1,01,4069333285272614884,poiNode__ruin_lvl1_crownlands_alpha
1092,913,1,1,1,Ruin,,1,01,4069333285272614884,poiNode__ruin_lvl1_crownlands_alpha
1170,913,2,2,4,Crossing,,3,06,11761877450986962679,poiNode__crossing_lvl3_alpha
537,914,3,5,15,Bridge,,1,8944,16551278857259698617,poiNode__bridge_5hex_lvl1_alpha
546,915,3,5,15,Bridge,,1,a414,16551278857259698617,poiNode__bridge_5hex_lvl1_alpha
942,915,2,2,4,Settlement (Town),,3,07,1518391056412782767,poiNode__town_lvl3_iron_crownlands_alpha
1055,915,1,1,1,Ruin,,1,01,4069333285272614884,poiNode__ruin_lvl1_crownlands_alpha
997,916,2,2,4,Crossing,,3,,11761877450986962679,poiNode__crossing_lvl3_alpha
1014,916,1,1,1,Ruin,,1,01,4069333285272614884,poiNode__ruin_lvl1_crownlands_alpha
1102,916,2,2,4,Settlement (Town),,3,0b,11591790737009394260,poiNode__town_lvl3_wood_crownlands_alpha
1388,916,1,1,1,Ruin,,1,01,4069333285272614884,poiNode__ruin_lvl1_crownlands_alpha
1712,916,1,1,1,Ruin,,1,01,4069333285272614884,poiNode__ruin_lvl1_crownlands_alpha
1377,917,1,1,1,Ruin,,1,01,4069333285272614884,poiNode__ruin_lvl1_crownlands_alpha
1689,917,1,1,1,Ruin,,1,01,4069333285272614884,poiNode__ruin_lvl1_crownlands_alpha
1702,917,2,2,4,Settlement (Town),,2,07,6299085069917208579,poiNode__town_lvl2_stone_crownlands_alpha
1762,917,1,1,1,Ruin,,1,01,4069333285272614884,poiNode__ruin_lvl1_crownlands_alpha
1846,917,1,1,1,Ruin,,1,01,4069333285272614884,poiNode__ruin_lvl1_crownlands_alpha
506,918,2,2,4,Settlement (Town),,1,0b,10599107479229116960,poiNode__town_lvl1_wood_crownlands_alpha
993,919,2,2,4,Crossing,,3,06,11761877450986962679,poiNode__crossing_lvl3_alpha
1737,919,3,3,9,Castle,,2,b700,2677169842261652633,poiNode__castle_lvl2_crownlands_alpha
1004,920,1,1,1,Ruin,,1,01,4069333285272614884,poiNode__ruin_lvl1_crownlands_alpha
1643,920,2,2,4,Crossing,,4,06,10638324116765093946,poiNode__crossing_lvl4_alpha
1682,920,2,2,4,Settlement (Town),,2,0b,934088675522857109,poiNode__town_lvl2_iron_crownlands_alpha
1775,921,1,1,1,Ruin,,1,01,4069333285272614884,poiNode__ruin_lvl1_crownlands_alpha
1099,922,1,1,1,Ruin,,1,01,4069333285272614884,poiNode__ruin_lvl1_crownlands_alpha
1420,922,2,2,4,Settlement (Town),,4,0b,6389715466080245769,poiNode__town_lvl4_iron_crownlands_alpha
1817,922,1,1,1,Ruin,,1,01,4069333285272614884,poiNode__ruin_lvl1_crownlands_alpha
937,923,1,1,1,Ruin,,1,01,4069333285272614884,poiNode__ruin_lvl1_crownlands_alpha
1617,923,2,2,4,Settlement (Town),,4,07,6389715466080245769,poiNode__town_lvl4_iron_crownlands_alpha
1695,923,1,1,1,Ruin,,1,01,4069333285272614884,poiNode__ruin_lvl1_crownlands_alpha
629,924,1,1,1,Ruin,,1,01,4069333285272614884,poiNode__ruin_lvl1_crownlands_alpha
1722,924,1,1,1,Ruin,,1,01,4069333285272614884,poiNode__ruin_lvl1_crownlands_alpha
1267,925,1,1,1,Ruin,,1,01,4069333285272614884,poiNode__ruin_lvl1_crownlands_alpha
521,926,1,1,1,Ruin,,1,01,4069333285272614884,poiNode__ruin_lvl1_crownlands_alpha
765,926,3,3,9,Castle,,1,9f00,6741636123857038108,poiNode__castle_lvl1_crownlands_alpha
1637,926,1,2,2,Crossing,,4,03,10638324116765093946,poiNode__crossing_lvl4_alpha
1276,927,2,2,4,Settlement (Town),,4,07,6389715466080245769,poiNode__town_lvl4_iron_crownlands_alpha
1660,928,1,1,1,Ruin,,1,01,4069333285272614884,poiNode__ruin_lvl1_crownlands_alpha
1684,928,1,1,1,Ruin,,1,01,4069333285272614884,poiNode__ruin_lvl1_crownlands_alpha
1707,928,1,1,1,Ruin,,1,01,4069333285272614884,poiNode__ruin_lvl1_crownlands_alpha
1755,928,1,1,1,Ruin,,1,01,4069333285272614884,poiNode__ruin_lvl1_crownlands_alpha
1793,928,1,1,1,Ruin,,1,01,4069333285272614884,poiNode__ruin_lvl1_crownlands_alpha
1838,928,1,1,1,Ruin,,1,01,4069333285272614884,poiNode__ruin_lvl1_crownlands_alpha
486,929,1,1,1,Ruin,,1,01,4069333285272614884,poiNode__ruin_lvl1_crownlands_alpha
1013,930,1,1,1,Ruin,,1,01,4069333285272614884,poiNode__ruin_lvl1_crownlands_alpha
1827,930,2,2,4,Settlement (Town),,2,0b,6299085069917208579,poiNode__town_lvl2_stone_crownlands_alpha
828,931,1,1,1,Ruin,,1,01,4069333285272614884,poiNode__ruin_lvl1_crownlands_alpha
976,931,1,1,1,Ruin,,1,01,4069333285272614884,poiNode__ruin_lvl1_crownlands_alpha
1085,931,1,1,1,Ruin,,1,01,4069333285272614884,poiNode__ruin_lvl1_crownlands_alpha
1176,931,2,2,4,Settlement (Town),,3,07,8803219746350610787,poiNode__town_lvl3_food_crownlands_alpha
1627,931,1,1,1,Ruin,,1,01,4069333285272614884,poiNode__ruin_lvl1_crownlands_alpha
818,932,1,1,1,Ruin,,1,01,4069333285272614884,poiNode__ruin_lvl1_crownlands_alpha
1257,932,1,1,1,Ruin,,1,01,4069333285272614884,poiNode__ruin_lvl1_crownlands_alpha
1675,932,1,1,1,Ruin,,1,01,4069333285272614884,poiNode__ruin_lvl1_crownlands_alpha
1724,932,1,1,1,Ruin,,1,01,4069333285272614884,poiNode__ruin_lvl1_crownlands_alpha
600,933,1,1,1,Ruin,,1,01,4069333285272614884,poiNode__ruin_lvl1_crownlands_alpha
1113,933,1,1,1,Ruin,,1,01,4069333285272614884,poiNode__ruin_lvl1_crownlands_alpha
1457,933,1,1,1,Ruin,,1,01,4069333285272614884,poiNode__ruin_lvl1_crownlands_alpha
1766,933,1,1,1,Ruin,,1,01,4069333285272614884,poiNode__ruin_lvl1_crownlands_alpha
1270,934,3,2,6,Dragon Sanctum,,3,1e,16082973056167260472,poiNode__dragonsanctum_lv03_crownlands_alpha
1337,936,1,1,1,Ruin,,1,01,4069333285272614884,poiNode__ruin_lvl1_crownlands_alpha
1360,936,1,1,1,Ruin,,1,01,4069333285272614884,poiNode__ruin_lvl1_crownlands_alpha
1740,936,1,1,1,Ruin,,1,01,4069333285272614884,poiNode__ruin_lvl1_crownlands_alpha
1805,936,2,2,4,Settlement (Town),,2,0b,934088675522857109,poiNode__town_lvl2_iron_crownlands_alpha
1446,937,1,1,1,Ruin,,1,01,4069333285272614884,poiNode__ruin_lvl1_crownlands_alpha
917,938,1,1,1,Ruin,,1,01,4069333285272614884,poiNode__ruin_lvl1_crownlands_alpha
1154,938,2,2,4,Settlement (Town),,3,0b,8803219746350610787,poiNode__town_lvl3_food_crownlands_alpha
1695,938,1,1,1,Ruin,,1,01,4069333285272614884,poiNode__ruin_lvl1_crownlands_alpha
1760,938,2,2,4,Settlement (Town),,2,0b,6299085069917208579,poiNode__town_lvl2_stone_crownlands_alpha
1779,938,1,1,1,Ruin,,1,01,4069333285272614884,poiNode__ruin_lvl1_crownlands_alpha
505,939,3,3,9,Castle,,1,b700,6741636123857038108,poiNode__castle_lvl1_crownlands_alpha
1163,939,2,2,4,Dragon Sanctum,,3,0f,16082973056167260472,poiNode__dragonsanctum_lv03_crownlands_alpha
1327,939,2,2,4,Settlement (Town),,4,07,9818672042717538120,poiNode__town_lvl4_stone_crownlands_alpha
1557,939,2,2,4,Dragon Sanctum,,2,0f,17822386685165763515,poiNode__dragonsanctum_lv02_crownlands_alpha
1603,939,3,5,15,Bridge,,4,9148,8396285631970188416,poiNode__bridge_5hex_lvl4_alpha
1405,940,1,1,1,Ruin,,1,01,4069333285272614884,poiNode__ruin_lvl1_crownlands_alpha
639,941,3,3,9,Castle,,1,b700,6741636123857038108,poiNode__castle_lvl1_crownlands_alpha
1077,941,1,1,1,Ruin,,1,01,4069333285272614884,poiNode__ruin_lvl1_crownlands_alpha
1100,941,2,2,4,Settlement (Town),,3,07,1518391056412782767,poiNode__town_lvl3_iron_crownlands_alpha
1257,941,3,3,9,Castle,,4,b700,15309825242278153107,poiNode__castle_lvl4_crownlands_alpha
1468,941,1,1,1,Ruin,,1,01,4069333285272614884,poiNode__ruin_lvl1_crownlands_alpha
1712,941,1,1,1,Ruin,,1,01,4069333285272614884,poiNode__ruin_lvl1_crownlands_alpha
1748,941,1,1,1,Ruin,,1,01,4069333285272614884,poiNode__ruin_lvl1_crownlands_alpha
903,942,1,1,1,Ruin,,1,01,4069333285272614884,poiNode__ruin_lvl1_crownlands_alpha
1771,942,1,1,1,Ruin,,1,01,4069333285272614884,poiNode__ruin_lvl1_crownlands_alpha
696,943,2,2,4,Settlement (Town),,1,07,10599107479229116960,poiNode__town_lvl1_wood_crownlands_alpha
966,943,1,1,1,Ruin,,1,01,4069333285272614884,poiNode__ruin_lvl1_crownlands_alpha
1573,943,1,1,1,Ruin,,1,01,4069333285272614884,poiNode__ruin_lvl1_crownlands_alpha
1088,944,1,1,1,Ruin,,1,01,4069333285272614884,poiNode__ruin_lvl1_crownlands_alpha
1199,945,2,2,4,Dragon Sanctum,,1,0f,10375726052514243646,poiNode__dragonsanctum_lv01_crownlands_alpha
1695,945,2,2,4,Settlement (Town),,2,07,6299085069917208579,poiNode__town_lvl2_stone_crownlands_alpha
1720,945,1,1,1,Ruin,,1,01,4069333285272614884,poiNode__ruin_lvl1_crownlands_alpha
1737,945,1,1,1,Ruin,,1,01,4069333285272614884,poiNode__ruin_lvl1_crownlands_alpha
1762,945,1,1,1,Ruin,,1,01,4069333285272614884,poiNode__ruin_lvl1_crownlands_alpha
804,946,1,2,2,Crossing,,2,03,17576595532914463501,poiNode__crossing_lvl2_alpha
857,946,1,1,1,Ruin,,1,01,4069333285272614884,poiNode__ruin_lvl1_crownlands_alpha
1238,946,2,2,4,Crossing,,4,06,10638324116765093946,poiNode__crossing_lvl4_alpha
1493,947,1,1,1,Ruin,,1,01,4069333285272614884,poiNode__ruin_lvl1_crownlands_alpha
1702,947,1,1,1,Ruin,,1,01,4069333285272614884,poiNode__ruin_lvl1_crownlands_alpha
940,948,1,1,1,Ruin,,1,01,4069333285272614884,poiNode__ruin_lvl1_crownlands_alpha
1559,948,1,1,1,Ruin,,1,01,4069333285272614884,poiNode__ruin_lvl1_crownlands_alpha
593,949,1,1,1,Ruin,,1,01,4069333285272614884,poiNode__ruin_lvl1_crownlands_alpha
1163,949,2,2,4,Dragon Sanctum,,2,0f,17822386685165763515,poiNode__dragonsanctum_lv02_crownlands_alpha
648,950,2,2,4,Settlement (Town),,1,0b,17988470253685371955,poiNode__town_lvl1_stone_crownlands_alpha
1176,950,3,3,9,Castle,,3,9f00,954995402910154266,poiNode__castle_lvl3_crownlands_alpha
1231,950,1,2,2,Crossing,,4,03,10638324116765093946,poiNode__crossing_lvl4_alpha
681,951,2,2,4,Tunnel,,1,,7704304218758448187,poiNode__tunnel_lvl1_crownlands_alpha
809,951,1,2,2,Crossing,,2,03,17576595532914463501,poiNode__crossing_lvl2_alpha
849,951,1,1,1,Ruin,,1,01,4069333285272614884,poiNode__ruin_lvl1_crownlands_alpha
1513,951,1,1,1,Ruin,,1,01,4069333285272614884,poiNode__ruin_lvl1_crownlands_alpha
450,952,1,1,1,Ruin,,1,01,4069333285272614884,poiNode__ruin_lvl1_crownlands_alpha
1087,953,2,2,4,Dragon Sanctum,,1,0f,10375726052514243646,poiNode__dragonsanctum_lv01_crownlands_alpha
1096,953,1,1,1,Ruin,,1,01,4069333285272614884,poiNode__ruin_lvl1_crownlands_alpha
1117,953,3,3,9,Castle,,3,b700,954995402910154266,poiNode__castle_lvl3_crownlands_alpha
1310,953,1,1,1,Ruin,,1,01,4069333285272614884,poiNode__ruin_lvl1_crownlands_alpha
689,954,2,1,2,Tunnel,,1,03,7704304218758448187,poiNode__tunnel_lvl1_crownlands_alpha
880,954,1,1,1,Ruin,,1,01,4069333285272614884,poiNode__ruin_lvl1_crownlands_alpha
1073,954,1,1,1,Ruin,,1,01,4069333285272614884,poiNode__ruin_lvl1_crownlands_alpha
1390,954,2,2,4,Settlement (Town),,4,0b,17104931419891608306,poiNode__town_lvl4_wood_crownlands_alpha
1729,954,1,1,1,Ruin,,1,01,4069333285272614884,poiNode__ruin_lvl1_crownlands_alpha
1755,954,1,1,1,Ruin,,1,01,4069333285272614884,poiNode__ruin_lvl1_crownlands_alpha
1014,955,1,1,1,Ruin,,1,01,4069333285272614884,poiNode__ruin_lvl1_crownlands_alpha
1682,955,3,5,15,Bridge,,4,a414,8396285631970188416,poiNode__bridge_5hex_lvl4_alpha
540,956,2,2,4,Settlement (Town),,1,0b,2800008357386502363,poiNode__town_lvl1_iron_crownlands_alpha
965,956,2,2,4,Settlement (Town),,3,0b,1518391056412782767,poiNode__town_lvl3_iron_crownlands_alpha
1703,956,3,3,9,Castle,,2,9f00,2677169842261652633,poiNode__castle_lvl2_crownlands_alpha
731,957,1,1,1,Ruin,,1,01,4069333285272614884,poiNode__ruin_lvl1_crownlands_alpha
1168,957,1,1,1,Ruin,,1,01,4069333285272614884,poiNode__ruin_lvl1_crownlands_alpha
1401,957,1,1,1,Ruin,,1,01,4069333285272614884,poiNode__ruin_lvl1_crownlands_alpha
1490,957,1,1,1,Ruin,,1,01,4069333285272614884,poiNode__ruin_lvl1_crownlands_alpha
757,958,5,1,5,Bridge,,2,1f,1498553686271999927,poiNode__bridge_5hex_lvl2_alpha
1359,958,5,1,5,Bridge,,4,1f,8396285631970188416,poiNode__bridge_5hex_lvl4_alpha
1423,958,2,2,4,Settlement (Town),,4,0b,4005368532613976517,poiNode__town_lvl4_food_crownlands_alpha
1180,959,2,2,4,Settlement (Town),,3,07,1518391056412782767,poiNode__town_lvl3_iron_crownlands_alpha
485,960,1,1,1,Ruin,,1,01,4069333285272614884,poiNode__ruin_lvl1_crownlands_alpha
1347,960,1,1,1,Ruin,,1,01,4069333285272614884,poiNode__ruin_lvl1_crownlands_alpha
1571,961,2,2,4,Settlement (Town),,4,07,17104931419891608306,poiNode__town_lvl4_wood_crownlands_alpha
1156,962,2,2,4,Settlement (Town),,3,0b,8803219746350610787,poiNode__town_lvl3_food_crownlands_alpha
1765,962,1,1,1,Ruin,,1,01,4069333285272614884,poiNode__ruin_lvl1_crownlands_alpha
1246,963,1,1,1,Ruin,,1,01,4069333285272614884,poiNode__ruin_lvl1_crownlands_alpha
1265,963,1,1,1,Ruin,,1,01,4069333285272614884,poiNode__ruin_lvl1_crownlands_alpha
1728,963,2,2,4,Settlement (Town),,2,07,13347178834781780590,poiNode__town_lvl2_wood_crownlands_alpha
945,964,1,1,1,Ruin,,1,01,4069333285272614884,poiNode__ruin_lvl1_crownlands_alpha
1457,964,2,3,6,Bridge,,4,),4198651864922757571,poiNode__bridge_3hex_lvl4_alpha
1711,964,1,1,1,Ruin,,1,01,4069333285272614884,poiNode__ruin_lvl1_crownlands_alpha
553,965,1,1,1,Ruin,,1,01,4069333285272614884,poiNode__ruin_lvl1_crownlands_alpha
562,965,1,1,1,Ruin,,1,01,4069333285272614884,poiNode__ruin_lvl1_crownlands_alpha
1110,965,1,1,1,Ruin,,1,01,4069333285272614884,poiNode__ruin_lvl1_crownlands_alpha
1126,965,1,1,1,Ruin,,1,01,4069333285272614884,poiNode__ruin_lvl1_crownlands_alpha
589,966,1,1,1,Ruin,,1,01,4069333285272614884,poiNode__ruin_lvl1_crownlands_alpha
919,966,1,1,1,Ruin,,1,01,4069333285272614884,poiNode__ruin_lvl1_crownlands_alpha
959,966,3,2,6,Dragon Sanctum,,2,1e,17822386685165763515,poiNode__dragonsanctum_lv02_crownlands_alpha
1091,966,1,1,1,Ruin,,1,01,4069333285272614884,poiNode__ruin_lvl1_crownlands_alpha
1780,966,1,1,1,Ruin,,1,01,4069333285272614884,poiNode__ruin_lvl1_crownlands_alpha
791,967,1,1,1,Ruin,,1,01,4069333285272614884,poiNode__ruin_lvl1_crownlands_alpha
1051,967,2,2,4,Settlement (Town),,3,07,1518391056412782767,poiNode__town_lvl3_iron_crownlands_alpha
1753,967,1,1,1,Ruin,,1,01,4069333285272614884,poiNode__ruin_lvl1_crownlands_alpha
994,968,1,1,1,Ruin,,1,01,4069333285272614884,poiNode__ruin_lvl1_crownlands_alpha
1718,968,1,1,1,Ruin,,1,01,4069333285272614884,poiNode__ruin_lvl1_crownlands_alpha
1004,969,1,1,1,Ruin,,1,01,4069333285272614884,poiNode__ruin_lvl1_crownlands_alpha
1506,969,1,1,1,Ruin,,1,01,4069333285272614884,poiNode__ruin_lvl1_crownlands_alpha
1592,969,1,1,1,Ruin,,1,01,4069333285272614884,poiNode__ruin_lvl1_crownlands_alpha
1349,970,1,1,1,Ruin,,1,01,4069333285272614884,poiNode__ruin_lvl1_crownlands_alpha
1039,971,2,2,4,Crossing,,3,,11761877450986962679,poiNode__crossing_lvl3_alpha
480,972,1,1,1,Ruin,,1,01,4069333285272614884,poiNode__ruin_lvl1_crownlands_alpha
697,972,3,3,9,Castle,,1,9f00,6741636123857038108,poiNode__castle_lvl1_crownlands_alpha
1774,972,1,1,1,Ruin,,1,01,4069333285272614884,poiNode__ruin_lvl1_crownlands_alpha
1284,973,1,1,1,Ruin,,1,01,4069333285272614884,poiNode__ruin_lvl1_crownlands_alpha
1625,973,1,1,1,Ruin,,1,01,4069333285272614884,poiNode__ruin_lvl1_crownlands_alpha
1674,973,3,3,9,Castle,,4,b700,15309825242278153107,poiNode__castle_lvl4_crownlands_alpha
1764,973,1,1,1,Ruin,,1,01,4069333285272614884,poiNode__ruin_lvl1_crownlands_alpha
569,974,3,3,9,Castle,,2,9f00,2677169842261652633,poiNode__castle_lvl2_crownlands_alpha
1116,974,1,1,1,Ruin,,1,01,4069333285272614884,poiNode__ruin_lvl1_crownlands_alpha
1042,975,1,2,2,Crossing,,3,03,11761877450986962679,poiNode__crossing_lvl3_alpha
1229,975,1,1,1,Ruin,,1,01,4069333285272614884,poiNode__ruin_lvl1_crownlands_alpha
1246,975,2,2,4,Settlement (Town),,4,07,6389715466080245769,poiNode__town_lvl4_iron_crownlands_alpha
1575,975,3,3,9,Castle,,4,b700,15309825242278153107,poiNode__castle_lvl4_crownlands_alpha
624,976,1,1,1,Ruin,,1,01,4069333285272614884,poiNode__ruin_lvl1_crownlands_alpha
730,976,1,1,1,Ruin,,1,01,4069333285272614884,poiNode__ruin_lvl1_crownlands_alpha
1048,976,1,1,1,Ruin,,1,01,4069333285272614884,poiNode__ruin_lvl1_crownlands_alpha
1484,976,1,1,1,Ruin,,1,01,4069333285272614884,poiNode__ruin_lvl1_crownlands_alpha
594,977,1,1,1,Ruin,,1,01,4069333285272614884,poiNode__ruin_lvl1_crownlands_alpha
1321,977,3,3,9,Castle,,4,b700,15309825242278153107,poiNode__castle_lvl4_crownlands_alpha
982,978,2,2,4,Crossing,,3,06,11761877450986962679,poiNode__crossing_lvl3_alpha
741,979,1,1,1,Ruin,,1,01,4069333285272614884,poiNode__ruin_lvl1_crownlands_alpha
946,979,1,1,1,Ruin,,1,01,4069333285272614884,poiNode__ruin_lvl1_crownlands_alpha
1301,979,1,1,1,Ruin,,1,01,4069333285272614884,poiNode__ruin_lvl1_crownlands_alpha
970,980,1,1,1,Ruin,,1,01,4069333285272614884,poiNode__ruin_lvl1_crownlands_alpha
1001,980,1,1,1,Ruin,,1,01,4069333285272614884,poiNode__ruin_lvl1_crownlands_alpha
1207,980,1,1,1,Ruin,,1,01,4069333285272614884,poiNode__ruin_lvl1_crownlands_alpha
1739,980,3,2,6,Dragon Sanctum,,1,1e,10375726052514243646,poiNode__dragonsanctum_lv01_crownlands_alpha
1754,981,1,1,1,Ruin,,1,01,4069333285272614884,poiNode__ruin_lvl1_crownlands_alpha
1783,981,1,1,1,Ruin,,1,01,4069333285272614884,poiNode__ruin_lvl1_crownlands_alpha
556,982,1,1,1,Ruin,,1,01,4069333285272614884,poiNode__ruin_lvl1_crownlands_alpha
661,982,1,2,2,Tunnel,,2,03,1315898000168475582,poiNode__tunnel_lvl2_crownlands_alpha
1411,982,1,1,1,Ruin,,1,01,4069333285272614884,poiNode__ruin_lvl1_crownlands_alpha
1569,982,1,1,1,Ruin,,1,01,4069333285272614884,poiNode__ruin_lvl1_crownlands_alpha
1798,982,1,1,1,Ruin,,1,01,4069333285272614884,poiNode__ruin_lvl1_crownlands_alpha
486,983,1,1,1,Ruin,,1,01,4069333285272614884,poiNode__ruin_lvl1_crownlands_alpha
766,983,1,2,2,Crossing,,2,03,17576595532914463501,poiNode__crossing_lvl2_alpha
634,984,2,2,4,Tunnel,,2,06,1315898000168475582,poiNode__tunnel_lvl2_crownlands_alpha
1191,984,1,1,1,Ruin,,1,01,4069333285272614884,poiNode__ruin_lvl1_crownlands_alpha
1452,984,1,1,1,Ruin,,1,01,4069333285272614884,poiNode__ruin_lvl1_crownlands_alpha
1531,984,1,1,1,Ruin,,1,01,4069333285272614884,poiNode__ruin_lvl1_crownlands_alpha
1732,984,1,1,1,Ruin,,1,01,4069333285272614884,poiNode__ruin_lvl1_crownlands_alpha
568,985,1,1,1,Ruin,,1,01,4069333285272614884,poiNode__ruin_lvl1_crownlands_alpha
699,985,1,1,1,Ruin,,1,01,4069333285272614884,poiNode__ruin_lvl1_crownlands_alpha
976,985,2,2,4,Crossing,,3,06,11761877450986962679,poiNode__crossing_lvl3_alpha
1048,985,1,1,1,Ruin,,1,01,4069333285272614884,poiNode__ruin_lvl1_crownlands_alpha
1279,985,1,1,1,Ruin,,1,01,4069333285272614884,poiNode__ruin_lvl1_crownlands_alpha
525,986,2,2,4,Settlement (Town),,2,0b,7192166805953233241,poiNode__town_lvl2_food_crownlands_alpha
760,986,1,2,2,Crossing,,2,03,17576595532914463501,poiNode__crossing_lvl2_alpha
1087,987,1,1,1,Ruin,,1,01,4069333285272614884,poiNode__ruin_lvl1_crownlands_alpha
1149,987,1,1,1,Ruin,,1,01,4069333285272614884,poiNode__ruin_lvl1_crownlands_alpha
1719,987,1,1,1,Ruin,,1,01,4069333285272614884,poiNode__ruin_lvl1_crownlands_alpha
553,988,3,2,6,Dragon Sanctum,,1,1e,10375726052514243646,poiNode__dragonsanctum_lv01_crownlands_alpha
1007,988,1,1,1,Ruin,,1,01,4069333285272614884,poiNode__ruin_lvl1_crownlands_alpha
1508,988,2,2,4,Settlement (Town),,4,0b,17104931419891608306,poiNode__town_lvl4_wood_crownlands_alpha
804,989,1,1,1,Ruin,,1,01,4069333285272614884,poiNode__ruin_lvl1_crownlands_alpha
940,989,3,3,9,Castle,,3,b700,954995402910154266,poiNode__castle_lvl3_crownlands_alpha
788,990,1,1,1,Ruin,,1,01,4069333285272614884,poiNode__ruin_lvl1_crownlands_alpha
873,990,1,1,1,Ruin,,1,01,4069333285272614884,poiNode__ruin_lvl1_crownlands_alpha
1323,990,1,1,1,Ruin,,1,01,4069333285272614884,poiNode__ruin_lvl1_crownlands_alpha
1706,990,1,1,1,Ruin,,1,01,4069333285272614884,poiNode__ruin_lvl1_crownlands_alpha
1743,990,1,1,1,Ruin,,1,01,4069333285272614884,poiNode__ruin_lvl1_crownlands_alpha
536,991,1,1,1,Ruin,,1,01,4069333285272614884,poiNode__ruin_lvl1_crownlands_alpha
767,992,2,2,4,Crossing,,2,,17576595532914463501,poiNode__crossing_lvl2_alpha
1488,992,5,1,5,Bridge,,4,1f,8396285631970188416,poiNode__bridge_5hex_lvl4_alpha
1462,993,1,1,1,Ruin,,1,01,4069333285272614884,poiNode__ruin_lvl1_crownlands_alpha
1520,993,1,1,1,Ruin,,1,01,4069333285272614884,poiNode__ruin_lvl1_crownlands_alpha
575,994,1,1,1,Ruin,,1,01,4069333285272614884,poiNode__ruin_lvl1_crownlands_alpha
777,994,1,1,1,Ruin,,1,01,4069333285272614884,poiNode__ruin_lvl1_crownlands_alpha
820,994,1,1,1,Ruin,,1,01,4069333285272614884,poiNode__ruin_lvl1_crownlands_alpha
954,994,1,1,1,Ruin,,1,01,4069333285272614884,poiNode__ruin_lvl1_crownlands_alpha
1094,994,3,2,6,Dragon Sanctum,,1,1e,10375726052514243646,poiNode__dragonsanctum_lv01_crownlands_alpha
1327,994,2,2,4,Crossing,,4,06,10638324116765093946,poiNode__crossing_lvl4_alpha
1689,994,1,1,1,Ruin,,1,01,4069333285272614884,poiNode__ruin_lvl1_crownlands_alpha
1730,994,1,1,1,Ruin,,1,01,4069333285272614884,poiNode__ruin_lvl1_crownlands_alpha
1774,994,1,1,1,Ruin,,1,01,4069333285272614884,poiNode__ruin_lvl1_crownlands_alpha
1141,995,1,1,1,Ruin,,1,01,4069333285272614884,poiNode__ruin_lvl1_crownlands_alpha
1221,995,1,1,1,Ruin,,1,01,4069333285272614884,poiNode__ruin_lvl1_crownlands_alpha
1251,995,1,1,1,Ruin,,1,01,4069333285272614884,poiNode__ruin_lvl1_crownlands_alpha
1343,995,1,1,1,Ruin,,1,01,4069333285272614884,poiNode__ruin_lvl1_crownlands_alpha
1749,995,3,3,9,Castle,,2,b700,2677169842261652633,poiNode__castle_lvl2_crownlands_alpha
633,996,1,2,2,Tunnel,,2,03,1315898000168475582,poiNode__tunnel_lvl2_crownlands_alpha
1297,996,2,2,4,Settlement (Town),,4,0b,4005368532613976517,poiNode__town_lvl4_food_crownlands_alpha
1779,996,3,2,6,Dragon Sanctum,,4,1e,433908501532394673,poiNode__dragonsanctum_lv04_crownlands_alpha
1787,996,1,1,1,Ruin,,1,01,4069333285272614884,poiNode__ruin_lvl1_crownlands_alpha
1802,996,2,2,4,Settlement (Town),,2,0b,6299085069917208579,poiNode__town_lvl2_stone_crownlands_alpha
523,997,3,3,9,Castle,,2,b700,2677169842261652633,poiNode__castle_lvl2_crownlands_alpha
554,997,1,1,1,Ruin,,1,01,4069333285272614884,poiNode__ruin_lvl1_crownlands_alpha
591,997,1,1,1,Ruin,,1,01,4069333285272614884,poiNode__ruin_lvl1_crownlands_alpha
659,997,2,2,4,Tunnel,,2,06,1315898000168475582,poiNode__tunnel_lvl2_crownlands_alpha
830,997,2,2,4,Settlement (Town),,2,07,13347178834781780590,poiNode__town_lvl2_wood_crownlands_alpha
1152,998,1,1,1,Ruin,,1,01,4069333285272614884,poiNode__ruin_lvl1_crownlands_alpha
1333,998,2,2,4,Crossing,,4,,10638324116765093946,poiNode__crossing_lvl4_alpha
506,999,1,1,1,Ruin,,1,01,4069333285272614884,poiNode__ruin_lvl1_crownlands_alpha
581,999,2,2,4,Settlement (Town),,2,07,934088675522857109,poiNode__town_lvl2_iron_crownlands_alpha
1191,999,1,1,1,Ruin,,1,01,4069333285272614884,poiNode__ruin_lvl1_crownlands_alpha
1242,999,1,1,1,Ruin,,1,01,4069333285272614884,poiNode__ruin_lvl1_crownlands_alpha
1445,999,1,1,1,Ruin,,1,01,4069333285272614884,poiNode__ruin_lvl1_crownlands_alpha
651,1000,1,1,1,Ruin,,1,01,4069333285272614884,poiNode__ruin_lvl1_crownlands_alpha
1098,1000,1,1,1,Ruin,,1,01,4069333285272614884,poiNode__ruin_lvl1_crownlands_alpha
1361,1000,1,1,1,Ruin,,1,01,4069333285272614884,poiNode__ruin_lvl1_crownlands_alpha
1618,1000,1,1,1,Ruin,,1,01,4069333285272614884,poiNode__ruin_lvl1_crownlands_alpha
1678,1000,3,2,6,Dragon Sanctum,,1,1e,10375726052514243646,poiNode__dragonsanctum_lv01_crownlands_alpha
1722,1000,1,1,1,Ruin,,1,01,4069333285272614884,poiNode__ruin_lvl1_crownlands_alpha
604,1001,1,1,1,Ruin,,1,01,4069333285272614884,poiNode__ruin_lvl1_crownlands_alpha
1756,1001,1,1,1,Ruin,,1,01,4069333285272614884,poiNode__ruin_lvl1_crownlands_alpha
494,1002,1,1,1,Ruin,,1,01,4069333285272614884,poiNode__ruin_lvl1_crownlands_alpha
788,1002,1,1,1,Ruin,,1,01,4069333285272614884,poiNode__ruin_lvl1_crownlands_alpha
1353,1002,1,1,1,Ruin,,1,01,4069333285272614884,poiNode__ruin_lvl1_crownlands_alpha
548,1003,2,2,4,Settlement (Town),,2,07,934088675522857109,poiNode__town_lvl2_iron_crownlands_alpha
1183,1003,1,1,1,Ruin,,1,01,4069333285272614884,poiNode__ruin_lvl1_crownlands_alpha
1279,1003,1,1,1,Ruin,,1,01,4069333285272614884,poiNode__ruin_lvl1_crownlands_alpha
1125,1004,2,2,4,Settlement (Town),,3,0b,11591790737009394260,poiNode__town_lvl3_wood_crownlands_alpha
1216,1004,1,1,1,Ruin,,1,01,4069333285272614884,poiNode__ruin_lvl1_crownlands_alpha
1230,1004,1,1,1,Ruin,,1,01,4069333285272614884,poiNode__ruin_lvl1_crownlands_alpha
1531,1004,3,3,9,Castle,,4,9f00,15309825242278153107,poiNode__castle_lvl4_crownlands_alpha
1661,1004,2,2,4,Settlement (Town),,4,0b,17104931419891608306,poiNode__town_lvl4_wood_crownlands_alpha
1325,1005,2,2,4,Crossing,,4,06,10638324116765093946,poiNode__crossing_lvl4_alpha
1428,1005,2,2,4,Crossing,,4,,10638324116765093946,poiNode__crossing_lvl4_alpha
1560,1005,2,2,4,Dragon Sanctum,,3,0f,16082973056167260472,poiNode__dragonsanctum_lv03_crownlands_alpha
1711,1005,1,1,1,Ruin,,1,01,4069333285272614884,poiNode__ruin_lvl1_crownlands_alpha
1071,1006,1,1,1,Ruin,,1,01,4069333285272614884,poiNode__ruin_lvl1_crownlands_alpha
1294,1006,1,1,1,Ruin,,1,01,4069333285272614884,poiNode__ruin_lvl1_crownlands_alpha
1380,1006,3,2,6,Dragon Sanctum,,1,1e,10375726052514243646,poiNode__dragonsanctum_lv01_crownlands_alpha
1728,1006,2,2,4,Settlement (Town),,2,0b,7192166805953233241,poiNode__town_lvl2_food_crownlands_alpha
503,1007,2,4,8,Bridge,,2,a5,14462941546211862082,poiNode__bridge_4hex_lvl2_alpha
577,1007,1,1,1,Ruin,,1,01,4069333285272614884,poiNode__ruin_lvl1_crownlands_alpha
704,1007,1,1,1,Ruin,,1,01,4069333285272614884,poiNode__ruin_lvl1_crownlands_alpha
1198,1007,3,3,9,Castle,,4,b700,15309825242278153107,poiNode__castle_lvl4_crownlands_alpha
1770,1007,1,1,1,Ruin,,1,01,4069333285272614884,poiNode__ruin_lvl1_crownlands_alpha
1806,1007,1,1,1,Ruin,,1,01,4069333285272614884,poiNode__ruin_lvl1_crownlands_alpha
772,1008,1,1,1,Ruin,,1,01,4069333285272614884,poiNode__ruin_lvl1_crownlands_alpha
1499,1008,1,1,1,Ruin,,1,01,4069333285272614884,poiNode__ruin_lvl1_crownlands_alpha
1596,1008,3,2,6,Dragon Sanctum,,2,1e,17822386685165763515,poiNode__dragonsanctum_lv02_crownlands_alpha
488,1009,1,1,1,Ruin,,1,01,4069333285272614884,poiNode__ruin_lvl1_crownlands_alpha
524,1009,2,2,4,Settlement (Town),,2,07,7192166805953233241,poiNode__town_lvl2_food_crownlands_alpha
564,1009,1,1,1,Ruin,,1,01,4069333285272614884,poiNode__ruin_lvl1_crownlands_alpha
657,1009,1,1,1,Ruin,,1,01,4069333285272614884,poiNode__ruin_lvl1_crownlands_alpha
1543,1009,1,1,1,Ruin,,1,01,4069333285272614884,poiNode__ruin_lvl1_crownlands_alpha
1739,1009,1,1,1,Ruin,,1,01,4069333285272614884,poiNode__ruin_lvl1_crownlands_alpha
686,1010,2,2,4,Crossing,,2,06,17576595532914463501,poiNode__crossing_lvl2_alpha
1108,1010,1,1,1,Ruin,,1,01,4069333285272614884,poiNode__ruin_lvl1_crownlands_alpha
1649,1010,1,1,1,Ruin,,1,01,4069333285272614884,poiNode__ruin_lvl1_crownlands_alpha
1687,1010,1,1,1,Ruin,,1,01,4069333285272614884,poiNode__ruin_lvl1_crownlands_alpha
1169,1011,2,2,4,Crossing,,4,,10638324116765093946,poiNode__crossing_lvl4_alpha
1480,1011,1,1,1,Ruin,,1,01,4069333285272614884,poiNode__ruin_lvl1_crownlands_alpha
1749,1011,1,1,1,Ruin,,1,01,4069333285272614884,poiNode__ruin_lvl1_crownlands_alpha
589,1012,1,1,1,Ruin,,1,01,4069333285272614884,poiNode__ruin_lvl1_crownlands_alpha
783,1012,1,1,1,Ruin,,1,01,4069333285272614884,poiNode__ruin_lvl1_crownlands_alpha
975,1012,4,3,12,Seat of Power,Riverspring,,f707,15562474196034686593,poiNode__sop_Riverspring_alpha
1432,1012,2,2,4,Crossing,,4,,10638324116765093946,poiNode__crossing_lvl4_alpha
1762,1012,2,2,4,Settlement (Town),,2,0b,6299085069917208579,poiNode__town_lvl2_stone_crownlands_alpha
1783,1012,1,1,1,Ruin,,1,01,4069333285272614884,poiNode__ruin_lvl1_crownlands_alpha
682,1014,1,2,2,Crossing,,2,03,17576595532914463501,poiNode__crossing_lvl2_alpha
1062,1014,1,1,1,Ruin,,1,01,4069333285272614884,poiNode__ruin_lvl1_crownlands_alpha
1343,1014,1,1,1,Ruin,,1,01,4069333285272614884,poiNode__ruin_lvl1_crownlands_alpha
1628,1014,1,1,1,Ruin,,1,01,4069333285272614884,poiNode__ruin_lvl1_crownlands_alpha
693,1015,2,2,4,Settlement (Town),,2,07,13347178834781780590,poiNode__town_lvl2_wood_crownlands_alpha
1527,1015,1,1,1,Ruin,,1,01,4069333285272614884,poiNode__ruin_lvl1_crownlands_alpha
462,1016,4,3,12,Seat of Power,Crakehall,,f707,1661914546887660900,poiNode__sop_Crakehall_alpha
533,1016,3,2,6,Dragon Sanctum,,4,1e,433908501532394673,poiNode__dragonsanctum_lv04_crownlands_alpha
597,1016,2,2,4,Settlement (Town),,2,0b,934088675522857109,poiNode__town_lvl2_iron_crownlands_alpha
1157,1016,1,1,1,Ruin,,1,01,4069333285272614884,poiNode__ruin_lvl1_crownlands_alpha
791,1017,2,2,4,Crossing,,2,,17576595532914463501,poiNode__crossing_lvl2_alpha
899,1017,1,1,1,Ruin,,1,01,4069333285272614884,poiNode__ruin_lvl1_crownlands_alpha
756,1018,1,1,1,Ruin,,1,01,4069333285272614884,poiNode__ruin_lvl1_crownlands_alpha
802,1018,2,2,4,Crossing,,2,06,17576595532914463501,poiNode__crossing_lvl2_alpha
1171,1018,2,2,4,Crossing,,4,,10638324116765093946,poiNode__crossing_lvl4_alpha
1251,1018,2,2,4,Settlement (Town),,4,0b,4005368532613976517,poiNode__town_lvl4_food_crownlands_alpha
1276,1018,1,1,1,Ruin,,1,01,4069333285272614884,poiNode__ruin_lvl1_crownlands_alpha
1353,1018,2,2,4,Settlement (Town),,4,0b,9818672042717538120,poiNode__town_lvl4_stone_crownlands_alpha
1485,1018,3,5,15,Bridge,,4,8944,8396285631970188416,poiNode__bridge_5hex_lvl4_alpha
828,1019,1,1,1,Ruin,,1,01,4069333285272614884,poiNode__ruin_lvl1_crownlands_alpha
1327,1019,2,2,4,Settlement (Town),,4,07,9818672042717538120,poiNode__town_lvl4_stone_crownlands_alpha
1609,1019,1,1,1,Ruin,,1,01,4069333285272614884,poiNode__ruin_lvl1_crownlands_alpha
1795,1019,3,3,9,Castle,,2,b700,2677169842261652633,poiNode__castle_lvl2_crownlands_alpha
555,1020,1,1,1,Ruin,,1,01,4069333285272614884,poiNode__ruin_lvl1_crownlands_alpha
604,1020,1,1,1,Ruin,,1,01,4069333285272614884,poiNode__ruin_lvl1_crownlands_alpha
621,1020,1,1,1,Ruin,,1,01,4069333285272614884,poiNode__ruin_lvl1_crownlands_alpha
714,1020,1,1,1,Ruin,,1,01,4069333285272614884,poiNode__ruin_lvl1_crownlands_alpha
734,1020,1,1,1,Ruin,,1,01,4069333285272614884,poiNode__ruin_lvl1_crownlands_alpha
639,1021,1,1,1,Ruin,,1,01,4069333285272614884,poiNode__ruin_lvl1_crownlands_alpha
1147,1021,1,1,1,Ruin,,1,01,4069333285272614884,poiNode__ruin_lvl1_crownlands_alpha
1496,1021,1,1,1,Ruin,,1,01,4069333285272614884,poiNode__ruin_lvl1_crownlands_alpha
1572,1021,1,2,2,Crossing,,5,03,14084131325469892032,poiNode__crossing_lvl5_alpha
1739,1021,1,1,1,Ruin,,1,01,4069333285272614884,poiNode__ruin_lvl1_crownlands_alpha
512,1022,1,1,1,Ruin,,1,01,4069333285272614884,poiNode__ruin_lvl1_crownlands_alpha
682,1022,3,3,9,Castle,,2,9f00,2677169842261652633,poiNode__castle_lvl2_crownlands_alpha
698,1022,1,1,1,Ruin,,1,01,4069333285272614884,poiNode__ruin_lvl1_crownlands_alpha
796,1022,2,2,4,Crossing,,2,,17576595532914463501,poiNode__crossing_lvl2_alpha
1764,1023,1,1,1,Ruin,,1,01,4069333285272614884,poiNode__ruin_lvl1_crownlands_alpha
1809,1023,1,1,1,Ruin,,1,01,4069333285272614884,poiNode__ruin_lvl1_crownlands_alpha
492,1024,1,1,1,Ruin,,1,01,4069333285272614884,poiNode__ruin_lvl1_crownlands_alpha
972,1024,1,1,1,Ruin,,1,01,4069333285272614884,poiNode__ruin_lvl1_crownlands_alpha
1262,1024,1,1,1,Ruin,,1,01,4069333285272614884,poiNode__ruin_lvl1_crownlands_alpha
1333,1024,3,2,6,Dragon Sanctum,,1,1e,10375726052514243646,poiNode__dragonsanctum_lv01_crownlands_alpha
539,1025,2,2,4,Settlement (Town),,2,07,934088675522857109,poiNode__town_lvl2_iron_crownlands_alpha
569,1025,2,2,4,Settlement (Town),,2,07,6299085069917208579,poiNode__town_lvl2_stone_crownlands_alpha
1231,1025,1,1,1,Ruin,,1,01,4069333285272614884,poiNode__ruin_lvl1_crownlands_alpha
533,1026,1,1,1,Ruin,,1,01,4069333285272614884,poiNode__ruin_lvl1_crownlands_alpha
672,1027,1,1,1,Ruin,,1,01,4069333285272614884,poiNode__ruin_lvl1_crownlands_alpha
743,1027,1,1,1,Ruin,,1,01,4069333285272614884,poiNode__ruin_lvl1_crownlands_alpha
775,1027,1,1,1,Ruin,,1,01,4069333285272614884,poiNode__ruin_lvl1_crownlands_alpha
1192,1027,2,2,4,Dragon Sanctum,,2,0f,17822386685165763515,poiNode__dragonsanctum_lv02_crownlands_alpha
1676,1027,3,3,9,Castle,,4,b700,15309825242278153107,poiNode__castle_lvl4_crownlands_alpha
1683,1027,1,1,1,Ruin,,1,01,4069333285272614884,poiNode__ruin_lvl1_crownlands_alpha
549,1028,1,1,1,Ruin,,1,01,4069333285272614884,poiNode__ruin_lvl1_crownlands_alpha
589,1028,1,1,1,Ruin,,1,01,4069333285272614884,poiNode__ruin_lvl1_crownlands_alpha
826,1028,3,3,9,Castle,,2,9f00,2677169842261652633,poiNode__castle_lvl2_crownlands_alpha
923,1028,2,2,4,Settlement (Town),,3,0b,11591790737009394260,poiNode__town_lvl3_wood_crownlands_alpha
1776,1028,1,1,1,Ruin,,1,01,4069333285272614884,poiNode__ruin_lvl1_crownlands_alpha
819,1029,1,1,1,Ruin,,1,01,4069333285272614884,poiNode__ruin_lvl1_crownlands_alpha
836,1029,1,1,1,Ruin,,1,01,4069333285272614884,poiNode__ruin_lvl1_crownlands_alpha
1078,1029,1,1,1,Ruin,,1,01,4069333285272614884,poiNode__ruin_lvl1_crownlands_alpha
1108,1029,1,1,1,Ruin,,1,01,4069333285272614884,poiNode__ruin_lvl1_crownlands_alpha
1133,1029,1,1,1,Ruin,,1,01,4069333285272614884,poiNode__ruin_lvl1_crownlands_alpha
1202,1029,1,1,1,Ruin,,1,01,4069333285272614884,poiNode__ruin_lvl1_crownlands_alpha
1421,1029,1,1,1,Ruin,,1,01,4069333285272614884,poiNode__ruin_lvl1_crownlands_alpha
522,1030,1,1,1,Ruin,,1,01,4069333285272614884,poiNode__ruin_lvl1_crownlands_alpha
907,1030,1,1,1,Ruin,,1,01,4069333285272614884,poiNode__ruin_lvl1_crownlands_alpha
1445,1030,1,1,1,Ruin,,1,01,4069333285272614884,poiNode__ruin_lvl1_crownlands_alpha
1062,1031,1,1,1,Ruin,,1,01,4069333285272614884,poiNode__ruin_lvl1_crownlands_alpha
1143,1031,1,1,1,Ruin,,1,01,4069333285272614884,poiNode__ruin_lvl1_crownlands_alpha
1151,1032,2,2,4,Settlement (Town),,4,0b,4005368532613976517,poiNode__town_lvl4_food_crownlands_alpha
1168,1032,1,1,1,Ruin,,1,01,4069333285272614884,poiNode__ruin_lvl1_crownlands_alpha
1759,1032,1,1,1,Ruin,,1,01,4069333285272614884,poiNode__ruin_lvl1_crownlands_alpha
1802,1032,1,1,1,Ruin,,1,01,4069333285272614884,poiNode__ruin_lvl1_crownlands_alpha
848,1033,1,1,1,Ruin,,1,01,4069333285272614884,poiNode__ruin_lvl1_crownlands_alpha
868,1033,1,1,1,Ruin,,1,01,4069333285272614884,poiNode__ruin_lvl1_crownlands_alpha
1038,1033,2,2,4,Settlement (Town),,3,07,11591790737009394260,poiNode__town_lvl3_wood_crownlands_alpha
1300,1033,2,2,4,Settlement (Town),,4,07,17104931419891608306,poiNode__town_lvl4_wood_crownlands_alpha
1821,1033,1,1,1,Ruin,,1,01,4069333285272614884,poiNode__ruin_lvl1_crownlands_alpha
511,1034,3,4,12,Bridge,,2,9402,14462941546211862082,poiNode__bridge_4hex_lvl2_alpha
538,1034,1,1,1,Ruin,,1,01,4069333285272614884,poiNode__ruin_lvl1_crownlands_alpha
584,1034,2,2,4,Crossing,,2,,17576595532914463501,poiNode__crossing_lvl2_alpha
1190,1034,1,1,1,Ruin,,1,01,4069333285272614884,poiNode__ruin_lvl1_crownlands_alpha
1634,1034,1,1,1,Ruin,,1,01,4069333285272614884,poiNode__ruin_lvl1_crownlands_alpha
560,1035,1,1,1,Ruin,,1,01,4069333285272614884,poiNode__ruin_lvl1_crownlands_alpha
1228,1036,2,2,4,Settlement (Town),,4,0b,9818672042717538120,poiNode__town_lvl4_stone_crownlands_alpha
1458,1036,3,4,12,Bridge,,5,9108,17883458664714627215,poiNode__bridge_4hex_lvl5_alpha
1056,1037,1,1,1,Ruin,,1,01,4069333285272614884,poiNode__ruin_lvl1_crownlands_alpha
592,1038,1,1,1,Ruin,,1,01,4069333285272614884,poiNode__ruin_lvl1_crownlands_alpha
785,1038,1,1,1,Ruin,,1,01,4069333285272614884,poiNode__ruin_lvl1_crownlands_alpha
826,1038,1,1,1,Ruin,,1,01,4069333285272614884,poiNode__ruin_lvl1_crownlands_alpha
1279,1038,1,1,1,Ruin,,1,01,4069333285272614884,poiNode__ruin_lvl1_crownlands_alpha
1414,1038,1,1,1,Ruin,,1,01,4069333285272614884,poiNode__ruin_lvl1_crownlands_alpha
576,1039,2,2,4,Crossing,,2,06,17576595532914463501,poiNode__crossing_lvl2_alpha
1110,1039,1,1,1,Ruin,,1,01,4069333285272614884,poiNode__ruin_lvl1_crownlands_alpha
1211,1039,1,1,1,Ruin,,1,01,4069333285272614884,poiNode__ruin_lvl1_crownlands_alpha
1293,1039,1,1,1,Ruin,,1,01,4069333285272614884,poiNode__ruin_lvl1_crownlands_alpha
736,1040,2,2,4,Settlement (Town),,2,0b,13347178834781780590,poiNode__town_lvl2_wood_crownlands_alpha
798,1040,1,1,1,Ruin,,1,01,4069333285272614884,poiNode__ruin_lvl1_crownlands_alpha
1154,1040,1,1,1,Ruin,,1,01,4069333285272614884,poiNode__ruin_lvl1_crownlands_alpha
1811,1040,1,1,1,Ruin,,1,01,4069333285272614884,poiNode__ruin_lvl1_crownlands_alpha
1826,1040,2,2,4,Settlement (Town),,2,0b,934088675522857109,poiNode__town_lvl2_iron_crownlands_alpha
1308,1041,3,3,9,Castle,,4,b700,15309825242278153107,poiNode__castle_lvl4_crownlands_alpha
1364,1041,1,1,1,Ruin,,1,01,4069333285272614884,poiNode__ruin_lvl1_crownlands_alpha
1674,1041,1,1,1,Ruin,,1,01,4069333285272614884,poiNode__ruin_lvl1_crownlands_alpha
900,1042,1,1,1,Ruin,,1,01,4069333285272614884,poiNode__ruin_lvl1_crownlands_alpha
965,1042,1,1,1,Ruin,,1,01,4069333285272614884,poiNode__ruin_lvl1_crownlands_alpha
614,1043,3,3,9,Castle,,2,b700,2677169842261652633,poiNode__castle_lvl2_crownlands_alpha
1090,1043,2,2,4,Settlement (Town),,3,07,8803219746350610787,poiNode__town_lvl3_food_crownlands_alpha
1797,1043,1,1,1,Ruin,,1,01,4069333285272614884,poiNode__ruin_lvl1_crownlands_alpha
947,1044,1,1,1,Ruin,,1,01,4069333285272614884,poiNode__ruin_lvl1_crownlands_alpha
825,1045,2,2,4,Settlement (Town),,2,07,13347178834781780590,poiNode__town_lvl2_wood_crownlands_alpha
1806,1045,2,2,4,Settlement (Town),,2,07,934088675522857109,poiNode__town_lvl2_iron_crownlands_alpha
724,1046,1,1,1,Ruin,,1,01,4069333285272614884,poiNode__ruin_lvl1_crownlands_alpha
1004,1046,3,3,9,Castle,,3,9f00,954995402910154266,poiNode__castle_lvl3_crownlands_alpha
648,1047,1,1,1,Ruin,,1,01,4069333285272614884,poiNode__ruin_lvl1_crownlands_alpha
1211,1047,2,2,4,Settlement (Town),,4,07,9818672042717538120,poiNode__town_lvl4_stone_crownlands_alpha
1312,1047,1,1,1,Ruin,,1,01,4069333285272614884,poiNode__ruin_lvl1_crownlands_alpha
1474,1047,1,2,2,Crossing,,5,03,14084131325469892032,poiNode__crossing_lvl5_alpha
772,1048,5,1,5,Bridge,,2,1f,1498553686271999927,poiNode__bridge_5hex_lvl2_alpha
1069,1048,2,2,4,Settlement (Town),,3,0b,1518391056412782767,poiNode__town_lvl3_iron_crownlands_alpha
1323,1048,1,1,1,Ruin,,1,01,4069333285272614884,poiNode__ruin_lvl1_crownlands_alpha
715,1049,2,1,2,Crossing,,3,03,11761877450986962679,poiNode__crossing_lvl3_alpha
754,1049,1,1,1,Ruin,,1,01,4069333285272614884,poiNode__ruin_lvl1_crownlands_alpha
710,1050,1,2,2,Crossing,,3,03,11761877450986962679,poiNode__crossing_lvl3_alpha
1238,1050,1,1,1,Ruin,,1,01,4069333285272614884,poiNode__ruin_lvl1_crownlands_alpha
1568,1050,1,2,2,Crossing,,5,03,14084131325469892032,poiNode__crossing_lvl5_alpha
1014,1051,1,1,1,Ruin,,1,01,4069333285272614884,poiNode__ruin_lvl1_crownlands_alpha
655,1052,1,1,1,Ruin,,1,01,4069333285272614884,poiNode__ruin_lvl1_crownlands_alpha
1138,1052,1,2,2,Crossing,,4,03,10638324116765093946,poiNode__crossing_lvl4_alpha
798,1053,1,1,1,Ruin,,1,01,4069333285272614884,poiNode__ruin_lvl1_crownlands_alpha
868,1053,1,1,1,Ruin,,1,01,4069333285272614884,poiNode__ruin_lvl1_crownlands_alpha
1303,1053,1,1,1,Ruin,,1,01,4069333285272614884,poiNode__ruin_lvl1_crownlands_alpha
503,1054,1,1,1,Ruin,,1,01,4069333285272614884,poiNode__ruin_lvl1_crownlands_alpha
614,1054,1,1,1,Ruin,,1,01,4069333285272614884,poiNode__ruin_lvl1_crownlands_alpha
669,1054,1,1,1,Ruin,,1,01,4069333285272614884,poiNode__ruin_lvl1_crownlands_alpha
1186,1054,1,1,1,Ruin,,1,01,4069333285272614884,poiNode__ruin_lvl1_crownlands_alpha
1275,1054,1,1,1,Ruin,,1,01,4069333285272614884,poiNode__ruin_lvl1_crownlands_alpha
1420,1054,1,1,1,Ruin,,1,01,4069333285272614884,poiNode__ruin_lvl1_crownlands_alpha
777,1055,3,3,9,Castle,,2,b700,2677169842261652633,poiNode__castle_lvl2_crownlands_alpha
1179,1055,2,2,4,Settlement (Town),,4,07,17104931419891608306,poiNode__town_lvl4_wood_crownlands_alpha
1403,1055,1,1,1,Ruin,,1,01,4069333285272614884,poiNode__ruin_lvl1_crownlands_alpha
1808,1055,1,1,1,Ruin,,1,01,4069333285272614884,poiNode__ruin_lvl1_crownlands_alpha
1830,1055,1,1,1,Ruin,,1,01,4069333285272614884,poiNode__ruin_lvl1_crownlands_alpha
1844,1055,1,1,1,Ruin,,1,01,4069333285272614884,poiNode__ruin_lvl1_crownlands_alpha
523,1056,1,1,1,Ruin,,1,01,4069333285272614884,poiNode__ruin_lvl1_crownlands_alpha
705,1056,1,1,1,Ruin,,1,01,4069333285272614884,poiNode__ruin_lvl1_crownlands_alpha
841,1056,1,1,1,Ruin,,1,01,4069333285272614884,poiNode__ruin_lvl1_crownlands_alpha
1205,1056,3,2,6,Dragon Sanctum,,1,1e,10375726052514243646,poiNode__dragonsanctum_lv01_crownlands_alpha
1263,1056,1,1,1,Ruin,,1,01,4069333285272614884,poiNode__ruin_lvl1_crownlands_alpha
1215,1057,1,1,1,Ruin,,1,01,4069333285272614884,poiNode__ruin_lvl1_crownlands_alpha
1312,1057,1,1,1,Ruin,,1,01,4069333285272614884,poiNode__ruin_lvl1_crownlands_alpha
1360,1057,2,2,4,Crossing,,5,,14084131325469892032,poiNode__crossing_lvl5_alpha
980,1058,3,2,6,Dragon Sanctum,,1,1e,10375726052514243646,poiNode__dragonsanctum_lv01_crownlands_alpha
991,1058,1,1,1,Ruin,,1,01,4069333285272614884,poiNode__ruin_lvl1_crownlands_alpha
1175,1058,1,1,1,Ruin,,1,01,4069333285272614884,poiNode__ruin_lvl1_crownlands_alpha
1232,1058,1,1,1,Ruin,,1,01,4069333285272614884,poiNode__ruin_lvl1_crownlands_alpha
959,1059,1,1,1,Ruin,,1,01,4069333285272614884,poiNode__ruin_lvl1_crownlands_alpha
1139,1059,1,2,2,Crossing,,4,03,10638324116765093946,poiNode__crossing_lvl4_alpha
1191,1059,2,2,4,Dragon Sanctum,,1,0f,10375726052514243646,poiNode__dragonsanctum_lv01_crownlands_alpha
607,1060,1,1,1,Ruin,,1,01,4069333285272614884,poiNode__ruin_lvl1_crownlands_alpha
764,1060,1,1,1,Ruin,,1,01,4069333285272614884,poiNode__ruin_lvl1_crownlands_alpha
1460,1060,10,10,100,World Capital,Kings Landing,,c0e3c79f1ffefcf1c70f3e7000,7333961844776550830,poiNode__capital_KingsLanding_alpha
1285,1061,1,1,1,Ruin,,1,01,4069333285272614884,poiNode__ruin_lvl1_crownlands_alpha
1571,1061,1,1,1,Ruin,,1,01,4069333285272614884,poiNode__ruin_lvl1_crownlands_alpha
1823,1061,1,1,1,Ruin,,1,01,4069333285272614884,poiNode__ruin_lvl1_crownlands_alpha
750,1062,2,2,4,Settlement (Town),,2,0b,13347178834781780590,poiNode__town_lvl2_wood_crownlands_alpha
816,1062,1,1,1,Ruin,,1,01,4069333285272614884,poiNode__ruin_lvl1_crownlands_alpha
1008,1062,1,1,1,Ruin,,1,01,4069333285272614884,poiNode__ruin_lvl1_crownlands_alpha
1372,1062,1,1,1,Ruin,,1,01,4069333285272614884,poiNode__ruin_lvl1_crownlands_alpha
1830,1062,3,3,9,Castle,,2,9f00,2677169842261652633,poiNode__castle_lvl2_crownlands_alpha
786,1063,2,2,4,Dragon Sanctum,,1,0f,10375726052514243646,poiNode__dragonsanctum_lv01_crownlands_alpha
863,1063,1,1,1,Ruin,,1,01,4069333285272614884,poiNode__ruin_lvl1_crownlands_alpha
1152,1063,1,1,1,Ruin,,1,01,4069333285272614884,poiNode__ruin_lvl1_crownlands_alpha
1363,1063,1,2,2,Crossing,,5,03,14084131325469892032,poiNode__crossing_lvl5_alpha
1387,1063,1,1,1,Ruin,,1,01,4069333285272614884,poiNode__ruin_lvl1_crownlands_alpha
1535,1063,1,1,1,Ruin,,1,01,4069333285272614884,poiNode__ruin_lvl1_crownlands_alpha
533,1064,1,1,1,Ruin,,1,01,4069333285272614884,poiNode__ruin_lvl1_crownlands_alpha
776,1064,1,1,1,Ruin,,1,01,4069333285272614884,poiNode__ruin_lvl1_crownlands_alpha
848,1064,1,1,1,Ruin,,1,01,4069333285272614884,poiNode__ruin_lvl1_crownlands_alpha
935,1064,3,2,6,Dragon Sanctum,,1,1e,10375726052514243646,poiNode__dragonsanctum_lv01_crownlands_alpha
1347,1064,1,1,1,Ruin,,1,01,4069333285272614884,poiNode__ruin_lvl1_crownlands_alpha
1048,1065,1,1,1,Ruin,,1,01,4069333285272614884,poiNode__ruin_lvl1_crownlands_alpha
1166,1065,1,1,1,Ruin,,1,01,4069333285272614884,poiNode__ruin_lvl1_crownlands_alpha
1181,1065,1,1,1,Ruin,,1,01,4069333285272614884,poiNode__ruin_lvl1_crownlands_alpha
1274,1065,1,1,1,Ruin,,1,01,4069333285272614884,poiNode__ruin_lvl1_crownlands_alpha
524,1066,1,1,1,Ruin,,1,01,4069333285272614884,poiNode__ruin_lvl1_crownlands_alpha
548,1066,3,3,9,Castle,,2,9f00,2677169842261652633,poiNode__castle_lvl2_crownlands_alpha
561,1066,1,1,1,Ruin,,1,01,4069333285272614884,poiNode__ruin_lvl1_crownlands_alpha
612,1066,2,2,4,Settlement (Town),,2,0b,7192166805953233241,poiNode__town_lvl2_food_crownlands_alpha
969,1066,2,2,4,Settlement (Town),,3,0b,1518391056412782767,poiNode__town_lvl3_iron_crownlands_alpha
1201,1066,1,1,1,Ruin,,1,01,4069333285272614884,poiNode__ruin_lvl1_crownlands_alpha
1422,1066,1,1,1,Ruin,,1,01,4069333285272614884,poiNode__ruin_lvl1_crownlands_alpha
1442,1066,1,1,1,Ruin,,1,01,4069333285272614884,poiNode__ruin_lvl1_crownlands_alpha
1840,1066,2,2,4,Settlement (Town),,2,0b,934088675522857109,poiNode__town_lvl2_iron_crownlands_alpha
591,1067,1,1,1,Ruin,,1,01,4069333285272614884,poiNode__ruin_lvl1_crownlands_alpha
754,1067,1,1,1,Ruin,,1,01,4069333285272614884,poiNode__ruin_lvl1_crownlands_alpha
1056,1067,1,1,1,Ruin,,1,01,4069333285272614884,poiNode__ruin_lvl1_crownlands_alpha
1262,1067,2,2,4,Settlement (Town),,4,07,17104931419891608306,poiNode__town_lvl4_wood_crownlands_alpha
1316,1067,1,1,1,Ruin,,1,01,4069333285272614884,poiNode__ruin_lvl1_crownlands_alpha
990,1068,2,2,4,Settlement (Town),,3,0b,1518391056412782767,poiNode__town_lvl3_iron_crownlands_alpha
1524,1068,2,2,4,Settlement (Town),,5,0b,17619217182658581192,poiNode__town_lvl5_wood_crownlands_alpha
1335,1069,1,1,1,Ruin,,1,01,4069333285272614884,poiNode__ruin_lvl1_crownlands_alpha
691,1070,1,1,1,Ruin,,1,01,4069333285272614884,poiNode__ruin_lvl1_crownlands_alpha
1434,1070,1,1,1,Ruin,,1,01,4069333285272614884,poiNode__ruin_lvl1_crownlands_alpha
1829,1071,1,1,1,Ruin,,1,01,4069333285272614884,poiNode__ruin_lvl1_crownlands_alpha
1849,1072,1,1,1,Ruin,,1,01,4069333285272614884,poiNode__ruin_lvl1_crownlands_alpha
909,1073,2,2,4,Dragon Sanctum,,3,0f,16082973056167260472,poiNode__dragonsanctum_lv03_crownlands_alpha
1484,1073,2,2,4,Settlement (Town),,5,07,3346466275737446911,poiNode__town_lvl5_food_crownlands_alpha
1496,1073,1,1,1,Ruin,,1,01,4069333285272614884,poiNode__ruin_lvl1_crownlands_alpha
753,1074,3,2,6,Dragon Sanctum,,4,1e,433908501532394673,poiNode__dragonsanctum_lv04_crownlands_alpha
1107,1074,1,1,1,Ruin,,1,01,4069333285272614884,poiNode__ruin_lvl1_crownlands_alpha
554,1075,1,1,1,Ruin,,1,01,4069333285272614884,poiNode__ruin_lvl1_crownlands_alpha
1282,1075,1,1,1,Ruin,,1,01,4069333285272614884,poiNode__ruin_lvl1_crownlands_alpha
1307,1075,1,1,1,Ruin,,1,01,4069333285272614884,poiNode__ruin_lvl1_crownlands_alpha
815,1076,1,1,1,Ruin,,1,01,4069333285272614884,poiNode__ruin_lvl1_crownlands_alpha
610,1077,2,3,6,Bridge,,4,%,4198651864922757571,poiNode__bridge_3hex_lvl4_alpha
932,1077,1,1,1,Ruin,,1,01,4069333285272614884,poiNode__ruin_lvl1_crownlands_alpha
1099,1077,1,1,1,Ruin,,1,01,4069333285272614884,poiNode__ruin_lvl1_crownlands_alpha
1219,1077,1,1,1,Ruin,,1,01,4069333285272614884,poiNode__ruin_lvl1_crownlands_alpha
1300,1077,2,2,4,Settlement (Town),,4,07,6389715466080245769,poiNode__town_lvl4_iron_crownlands_alpha
1476,1077,1,1,1,Ruin,,1,01,4069333285272614884,poiNode__ruin_lvl1_crownlands_alpha
804,1078,1,1,1,Ruin,,1,01,4069333285272614884,poiNode__ruin_lvl1_crownlands_alpha
865,1078,1,1,1,Ruin,,1,01,4069333285272614884,poiNode__ruin_lvl1_crownlands_alpha
1265,1078,3,3,9,Castle,,4,9f00,15309825242278153107,poiNode__castle_lvl4_crownlands_alpha
1392,1078,1,1,1,Ruin,,1,01,4069333285272614884,poiNode__ruin_lvl1_crownlands_alpha
1407,1078,1,1,1,Ruin,,1,01,4069333285272614884,poiNode__ruin_lvl1_crownlands_alpha
1419,1078,1,1,1,Ruin,,1,01,4069333285272614884,poiNode__ruin_lvl1_crownlands_alpha
1235,1079,2,2,4,Crossing,,4,,10638324116765093946,poiNode__crossing_lvl4_alpha
1334,1079,2,2,4,Settlement (Town),,4,07,17104931419891608306,poiNode__town_lvl4_wood_crownlands_alpha
1506,1079,1,1,1,Ruin,,1,01,4069333285272614884,poiNode__ruin_lvl1_crownlands_alpha
642,1080,1,1,1,Ruin,,1,01,4069333285272614884,poiNode__ruin_lvl1_crownlands_alpha
1061,1080,1,1,1,Ruin,,1,01,4069333285272614884,poiNode__ruin_lvl1_crownlands_alpha
564,1081,1,1,1,Ruin,,1,01,4069333285272614884,poiNode__ruin_lvl1_crownlands_alpha
838,1081,1,1,1,Ruin,,1,01,4069333285272614884,poiNode__ruin_lvl1_crownlands_alpha
1359,1081,1,1,1,Ruin,,1,01,4069333285272614884,poiNode__ruin_lvl1_crownlands_alpha
1865,1081,1,1,1,Ruin,,1,01,4069333285272614884,poiNode__ruin_lvl1_crownlands_alpha
793,1082,2,2,4,Settlement (Town),,2,0b,13347178834781780590,poiNode__town_lvl2_wood_crownlands_alpha
825,1082,2,2,4,Settlement (Town),,2,0b,7192166805953233241,poiNode__town_lvl2_food_crownlands_alpha
1091,1082,1,1,1,Ruin,,1,01,4069333285272614884,poiNode__ruin_lvl1_crownlands_alpha
689,1083,2,2,4,Settlement (Town),,2,07,934088675522857109,poiNode__town_lvl2_iron_crownlands_alpha
847,1083,1,1,1,Ruin,,1,01,4069333285272614884,poiNode__ruin_lvl1_crownlands_alpha
875,1084,1,1,1,Ruin,,1,01,4069333285272614884,poiNode__ruin_lvl1_crownlands_alpha
1327,1084,2,2,4,Crossing,,4,06,10638324116765093946,poiNode__crossing_lvl4_alpha
1527,1084,1,1,1,Ruin,,1,01,4069333285272614884,poiNode__ruin_lvl1_crownlands_alpha
619,1085,1,1,1,Ruin,,1,01,4069333285272614884,poiNode__ruin_lvl1_crownlands_alpha
1030,1085,1,1,1,Ruin,,1,01,4069333285272614884,poiNode__ruin_lvl1_crownlands_alpha
1322,1085,2,2,4,Crossing,,4,06,10638324116765093946,poiNode__crossing_lvl4_alpha
779,1086,1,1,1,Ruin,,1,01,4069333285272614884,poiNode__ruin_lvl1_crownlands_alpha
1188,1086,2,2,4,Settlement (Town),,4,0b,4005368532613976517,poiNode__town_lvl4_food_crownlands_alpha
1236,1086,2,2,4,Crossing,,4,,10638324116765093946,poiNode__crossing_lvl4_alpha
1247,1086,1,1,1,Ruin,,1,01,4069333285272614884,poiNode__ruin_lvl1_crownlands_alpha
1314,1086,1,1,1,Ruin,,1,01,4069333285272614884,poiNode__ruin_lvl1_crownlands_alpha
1133,1088,1,1,1,Ruin,,1,01,4069333285272614884,poiNode__ruin_lvl1_crownlands_alpha
1350,1088,1,1,1,Ruin,,1,01,4069333285272614884,poiNode__ruin_lvl1_crownlands_alpha
1539,1088,1,1,1,Ruin,,1,01,4069333285272614884,poiNode__ruin_lvl1_crownlands_alpha
511,1089,1,1,1,Ruin,,1,01,4069333285272614884,poiNode__ruin_lvl1_crownlands_alpha
718,1089,2,2,4,Settlement (Town),,2,07,7192166805953233241,poiNode__town_lvl2_food_crownlands_alpha
1161,1089,1,1,1,Ruin,,1,01,4069333285272614884,poiNode__ruin_lvl1_crownlands_alpha
1218,1089,1,1,1,Ruin,,1,01,4069333285272614884,poiNode__ruin_lvl1_crownlands_alpha
1375,1089,2,2,4,Settlement (Town),,5,07,17148027085811616600,poiNode__town_lvl5_stone_crownlands_alpha
882,1090,1,1,1,Ruin,,1,01,4069333285272614884,poiNode__ruin_lvl1_crownlands_alpha
1859,1090,4,3,12,Seat of Power,Stonedance,,f707,8691242456828426561,poiNode__sop_Stonedance_alpha
602,1091,1,1,1,Ruin,,1,01,4069333285272614884,poiNode__ruin_lvl1_crownlands_alpha
789,1091,1,1,1,Ruin,,1,01,4069333285272614884,poiNode__ruin_lvl1_crownlands_alpha
1416,1091,1,1,1,Ruin,,1,01,4069333285272614884,poiNode__ruin_lvl1_crownlands_alpha
747,1092,1,1,1,Ruin,,1,01,4069333285272614884,poiNode__ruin_lvl1_crownlands_alpha
909,1094,1,1,1,Ruin,,1,01,4069333285272614884,poiNode__ruin_lvl1_crownlands_alpha
996,1094,2,2,4,Settlement (Town),,3,0b,11591790737009394260,poiNode__town_lvl3_wood_crownlands_alpha
1123,1094,1,1,1,Ruin,,1,01,4069333285272614884,poiNode__ruin_lvl1_crownlands_alpha
1325,1094,2,2,4,Crossing,,4,,10638324116765093946,poiNode__crossing_lvl4_alpha
1364,1094,1,1,1,Ruin,,1,01,4069333285272614884,poiNode__ruin_lvl1_crownlands_alpha
1504,1094,1,1,1,Ruin,,1,01,4069333285272614884,poiNode__ruin_lvl1_crownlands_alpha
1580,1094,1,1,1,Ruin,,1,01,4069333285272614884,poiNode__ruin_lvl1_crownlands_alpha
699,1095,1,1,1,Ruin,,1,01,4069333285272614884,poiNode__ruin_lvl1_crownlands_alpha
1187,1095,2,2,4,Dragon Sanctum,,3,0f,16082973056167260472,poiNode__dragonsanctum_lv03_crownlands_alpha
1481,1095,1,1,1,Ruin,,1,01,4069333285272614884,poiNode__ruin_lvl1_crownlands_alpha
1585,1095,2,2,4,Dragon Sanctum,,1,0f,10375726052514243646,poiNode__dragonsanctum_lv01_crownlands_alpha
661,1096,1,1,1,Ruin,,1,01,4069333285272614884,poiNode__ruin_lvl1_crownlands_alpha
872,1096,1,1,1,Ruin,,1,01,4069333285272614884,poiNode__ruin_lvl1_crownlands_alpha
831,1097,1,1,1,Ruin,,1,01,4069333285272614884,poiNode__ruin_lvl1_crownlands_alpha
850,1097,1,1,1,Ruin,,1,01,4069333285272614884,poiNode__ruin_lvl1_crownlands_alpha
1271,1097,1,1,1,Ruin,,1,01,4069333285272614884,poiNode__ruin_lvl1_crownlands_alpha
743,1098,3,3,9,Castle,,2,9f00,2677169842261652633,poiNode__castle_lvl2_crownlands_alpha
1283,1098,1,1,1,Ruin,,1,01,4069333285272614884,poiNode__ruin_lvl1_crownlands_alpha
1386,1098,1,1,1,Ruin,,1,01,4069333285272614884,poiNode__ruin_lvl1_crownlands_alpha
1544,1098,3,5,15,Bridge,,5,8944,2617595176139895162,poiNode__bridge_5hex_lvl5_alpha
1553,1098,1,1,1,Ruin,,1,01,4069333285272614884,poiNode__ruin_lvl1_crownlands_alpha
1840,1098,1,1,1,Ruin,,1,01,4069333285272614884,poiNode__ruin_lvl1_crownlands_alpha
1829,1099,1,1,1,Ruin,,1,01,4069333285272614884,poiNode__ruin_lvl1_crownlands_alpha
525,1100,1,1,1,Ruin,,1,01,4069333285272614884,poiNode__ruin_lvl1_crownlands_alpha
1214,1100,3,2,6,Dragon Sanctum,,2,1e,17822386685165763515,poiNode__dragonsanctum_lv02_crownlands_alpha
687,1101,1,1,1,Ruin,,1,01,4069333285272614884,poiNode__ruin_lvl1_crownlands_alpha
759,1101,1,1,1,Ruin,,1,01,4069333285272614884,poiNode__ruin_lvl1_crownlands_alpha
1107,1101,2,2,4,Settlement (Town),,4,07,9818672042717538120,poiNode__town_lvl4_stone_crownlands_alpha
717,1102,1,1,1,Ruin,,1,01,4069333285272614884,poiNode__ruin_lvl1_crownlands_alpha
777,1102,1,1,1,Ruin,,1,01,4069333285272614884,poiNode__ruin_lvl1_crownlands_alpha
547,1103,1,1,1,Ruin,,1,01,4069333285272614884,poiNode__ruin_lvl1_crownlands_alpha
856,1103,2,2,4,Tunnel,,2,,1315898000168475582,poiNode__tunnel_lvl2_crownlands_alpha
912,1103,1,1,1,Ruin,,1,01,4069333285272614884,poiNode__ruin_lvl1_crownlands_alpha
924,1103,3,3,9,Castle,,3,b700,954995402910154266,poiNode__castle_lvl3_crownlands_alpha
1468,1103,1,1,1,Ruin,,1,01,4069333285272614884,poiNode__ruin_lvl1_crownlands_alpha
699,1104,1,1,1,Ruin,,1,01,4069333285272614884,poiNode__ruin_lvl1_crownlands_alpha
823,1104,1,1,1,Ruin,,1,01,4069333285272614884,poiNode__ruin_lvl1_crownlands_alpha
864,1104,2,2,4,Tunnel,,2,06,1315898000168475582,poiNode__tunnel_lvl2_crownlands_alpha
499,1105,1,1,1,Ruin,,1,01,4069333285272614884,poiNode__ruin_lvl1_crownlands_alpha
817,1106,2,2,4,Settlement (Town),,2,0b,7192166805953233241,poiNode__town_lvl2_food_crownlands_alpha
1565,1106,3,3,9,Castle,,5,9f00,18163167357717938448,poiNode__castle_lvl5_crownlands_alpha
1854,1106,1,1,1,Ruin,,1,01,4069333285272614884,poiNode__ruin_lvl1_crownlands_alpha
1866,1106,1,1,1,Ruin,,1,01,4069333285272614884,poiNode__ruin_lvl1_crownlands_alpha
1051,1107,3,3,9,Castle,,3,b700,954995402910154266,poiNode__castle_lvl3_crownlands_alpha
1490,1107,1,1,1,Ruin,,1,01,4069333285272614884,poiNode__ruin_lvl1_crownlands_alpha
640,1108,1,1,1,Ruin,,1,01,4069333285272614884,poiNode__ruin_lvl1_crownlands_alpha
737,1108,1,1,1,Ruin,,1,01,4069333285272614884,poiNode__ruin_lvl1_crownlands_alpha
801,1108,1,1,1,Ruin,,1,01,4069333285272614884,poiNode__ruin_lvl1_crownlands_alpha
1014,1108,2,2,4,Settlement (Town),,3,0b,8803219746350610787,poiNode__town_lvl3_food_crownlands_alpha
1408,1108,3,2,6,Dragon Sanctum,,2,1e,17822386685165763515,poiNode__dragonsanctum_lv02_crownlands_alpha
1478,1110,1,1,1,Ruin,,1,01,4069333285272614884,poiNode__ruin_lvl1_crownlands_alpha
1559,1110,1,1,1,Ruin,,1,01,4069333285272614884,poiNode__ruin_lvl1_crownlands_alpha
600,1111,1,1,1,Ruin,,1,01,4069333285272614884,poiNode__ruin_lvl1_crownlands_alpha
1171,1111,1,1,1,Ruin,,1,01,4069333285272614884,poiNode__ruin_lvl1_crownlands_alpha
1328,1111,1,1,1,Ruin,,1,01,4069333285272614884,poiNode__ruin_lvl1_crownlands_alpha
1254,1112,1,1,1,Ruin,,1,01,4069333285272614884,poiNode__ruin_lvl1_crownlands_alpha
1432,1112,1,1,1,Ruin,,1,01,4069333285272614884,poiNode__ruin_lvl1_crownlands_alpha
687,1113,1,1,1,Ruin,,1,01,4069333285272614884,poiNode__ruin_lvl1_crownlands_alpha
797,1113,2,2,4,Crossing,,2,,17576595532914463501,poiNode__crossing_lvl2_alpha
1086,1113,1,1,1,Ruin,,1,01,4069333285272614884,poiNode__ruin_lvl1_crownlands_alpha
1292,1114,2,2,4,Settlement (Town),,4,0b,6389715466080245769,poiNode__town_lvl4_iron_crownlands_alpha
1487,1114,3,3,9,Castle,,5,9f00,18163167357717938448,poiNode__castle_lvl5_crownlands_alpha
778,1115,1,1,1,Ruin,,1,01,4069333285272614884,poiNode__ruin_lvl1_crownlands_alpha
871,1115,2,2,4,Settlement (Town),,2,07,6299085069917208579,poiNode__town_lvl2_stone_crownlands_alpha
1042,1115,1,1,1,Ruin,,1,01,4069333285272614884,poiNode__ruin_lvl1_crownlands_alpha
1457,1115,1,1,1,Ruin,,1,01,4069333285272614884,poiNode__ruin_lvl1_crownlands_alpha
1841,1115,3,3,9,Castle,,2,b700,2677169842261652633,poiNode__castle_lvl2_crownlands_alpha
745,1116,1,1,1,Ruin,,1,01,4069333285272614884,poiNode__ruin_lvl1_crownlands_alpha
1352,1116,2,2,4,Settlement (Town),,5,0b,3346466275737446911,poiNode__town_lvl5_food_crownlands_alpha
1382,1116,1,1,1,Ruin,,1,01,4069333285272614884,poiNode__ruin_lvl1_crownlands_alpha
560,1117,1,1,1,Ruin,,1,01,4069333285272614884,poiNode__ruin_lvl1_crownlands_alpha
958,1117,1,1,1,Ruin,,1,01,4069333285272614884,poiNode__ruin_lvl1_crownlands_alpha
667,1119,2,2,4,Tunnel,,4,,16362520254717945012,poiNode__tunnel_lvl4_crownlands_alpha
505,1120,1,1,1,Ruin,,1,01,4069333285272614884,poiNode__ruin_lvl1_crownlands_alpha
596,1120,3,3,9,Castle,,4,9f00,15309825242278153107,poiNode__castle_lvl4_crownlands_alpha
683,1120,1,1,1,Ruin,,1,01,4069333285272614884,poiNode__ruin_lvl1_crownlands_alpha
802,1120,2,2,4,Crossing,,2,,17576595532914463501,poiNode__crossing_lvl2_alpha
549,1121,1,1,1,Ruin,,1,01,4069333285272614884,poiNode__ruin_lvl1_crownlands_alpha
715,1121,1,1,1,Ruin,,1,01,4069333285272614884,poiNode__ruin_lvl1_crownlands_alpha
1090,1121,1,1,1,Ruin,,1,01,4069333285272614884,poiNode__ruin_lvl1_crownlands_alpha
1156,1121,1,1,1,Ruin,,1,01,4069333285272614884,poiNode__ruin_lvl1_crownlands_alpha
1253,1121,1,1,1,Ruin,,1,01,4069333285272614884,poiNode__ruin_lvl1_crownlands_alpha
1445,1121,1,1,1,Ruin,,1,01,4069333285272614884,poiNode__ruin_lvl1_crownlands_alpha
674,1122,2,1,2,Tunnel,,4,03,16362520254717945012,poiNode__tunnel_lvl4_crownlands_alpha
911,1122,1,1,1,Ruin,,1,01,4069333285272614884,poiNode__ruin_lvl1_crownlands_alpha
1233,1122,3,3,9,Castle,,4,9f00,15309825242278153107,poiNode__castle_lvl4_crownlands_alpha
1337,1122,1,2,2,Crossing,,5,03,14084131325469892032,poiNode__crossing_lvl5_alpha
1364,1122,1,1,1,Ruin,,1,01,4069333285272614884,poiNode__ruin_lvl1_crownlands_alpha
1427,1122,1,1,1,Ruin,,1,01,4069333285272614884,poiNode__ruin_lvl1_crownlands_alpha
1483,1122,2,2,4,Settlement (Town),,5,0b,4704063076122763315,poiNode__town_lvl5_iron_crownlands_alpha
569,1123,1,1,1,Ruin,,1,01,4069333285272614884,poiNode__ruin_lvl1_crownlands_alpha
603,1123,2,2,4,Settlement (Town),,4,07,6389715466080245769,poiNode__town_lvl4_iron_crownlands_alpha
1135,1123,1,1,1,Ruin,,1,01,4069333285272614884,poiNode__ruin_lvl1_crownlands_alpha
1205,1123,1,1,1,Ruin,,1,01,4069333285272614884,poiNode__ruin_lvl1_crownlands_alpha
1521,1123,1,1,1,Ruin,,1,01,4069333285272614884,poiNode__ruin_lvl1_crownlands_alpha
1842,1123,1,1,1,Ruin,,1,01,4069333285272614884,poiNode__ruin_lvl1_crownlands_alpha
656,1124,1,1,1,Ruin,,1,01,4069333285272614884,poiNode__ruin_lvl1_crownlands_alpha
888,1124,1,1,1,Ruin,,1,01,4069333285272614884,poiNode__ruin_lvl1_crownlands_alpha
994,1124,1,1,1,Ruin,,1,01,4069333285272614884,poiNode__ruin_lvl1_crownlands_alpha
1347,1124,1,1,1,Ruin,,1,01,4069333285272614884,poiNode__ruin_lvl1_crownlands_alpha
1492,1124,1,1,1,Ruin,,1,01,4069333285272614884,poiNode__ruin_lvl1_crownlands_alpha
1850,1124,2,2,4,Settlement (Town),,2,0b,13347178834781780590,poiNode__town_lvl2_wood_crownlands_alpha
641,1125,1,1,1,Ruin,,1,01,4069333285272614884,poiNode__ruin_lvl1_crownlands_alpha
1180,1125,3,3,9,Castle,,4,b700,15309825242278153107,poiNode__castle_lvl4_crownlands_alpha
1264,1125,1,1,1,Ruin,,1,01,4069333285272614884,poiNode__ruin_lvl1_crownlands_alpha
577,1126,1,1,1,Ruin,,1,01,4069333285272614884,poiNode__ruin_lvl1_crownlands_alpha
1470,1126,1,1,1,Ruin,,1,01,4069333285272614884,poiNode__ruin_lvl1_crownlands_alpha
724,1127,1,1,1,Ruin,,1,01,4069333285272614884,poiNode__ruin_lvl1_crownlands_alpha
1341,1127,1,2,2,Crossing,,5,03,14084131325469892032,poiNode__crossing_lvl5_alpha
1370,1127,1,1,1,Ruin,,1,01,4069333285272614884,poiNode__ruin_lvl1_crownlands_alpha
1411,1127,2,2,4,Settlement (Town),,5,07,17619217182658581192,poiNode__town_lvl5_wood_crownlands_alpha
1418,1127,1,1,1,Ruin,,1,01,4069333285272614884,poiNode__ruin_lvl1_crownlands_alpha
522,1128,1,1,1,Ruin,,1,01,4069333285272614884,poiNode__ruin_lvl1_crownlands_alpha
770,1128,1,1,1,Ruin,,1,01,4069333285272614884,poiNode__ruin_lvl1_crownlands_alpha
1222,1128,1,1,1,Ruin,,1,01,4069333285272614884,poiNode__ruin_lvl1_crownlands_alpha
1286,1128,1,1,1,Ruin,,1,01,4069333285272614884,poiNode__ruin_lvl1_crownlands_alpha
1440,1128,1,1,1,Ruin,,1,01,4069333285272614884,poiNode__ruin_lvl1_crownlands_alpha
1049,1129,1,1,1,Ruin,,1,01,4069333285272614884,poiNode__ruin_lvl1_crownlands_alpha
1195,1129,1,1,1,Ruin,,1,01,4069333285272614884,poiNode__ruin_lvl1_crownlands_alpha
1593,1129,1,1,1,Ruin,,1,01,4069333285272614884,poiNode__ruin_lvl1_crownlands_alpha
951,1130,1,1,1,Ruin,,1,01,4069333285272614884,poiNode__ruin_lvl1_crownlands_alpha
1132,1130,3,3,9,Castle,,4,9f00,15309825242278153107,poiNode__castle_lvl4_crownlands_alpha
533,1131,3,5,15,Bridge,,4,9148,8396285631970188416,poiNode__bridge_5hex_lvl4_alpha
1159,1131,1,1,1,Ruin,,1,01,4069333285272614884,poiNode__ruin_lvl1_crownlands_alpha
1174,1131,1,1,1,Ruin,,1,01,4069333285272614884,poiNode__ruin_lvl1_crownlands_alpha
1380,1131,2,2,4,Settlement (Town),,5,07,17148027085811616600,poiNode__town_lvl5_stone_crownlands_alpha
1852,1131,1,1,1,Ruin,,1,01,4069333285272614884,poiNode__ruin_lvl1_crownlands_alpha
836,1132,3,3,9,Castle,,2,9f00,2677169842261652633,poiNode__castle_lvl2_crownlands_alpha
898,1132,1,1,1,Ruin,,1,01,4069333285272614884,poiNode__ruin_lvl1_crownlands_alpha
1403,1132,1,1,1,Ruin,,1,01,4069333285272614884,poiNode__ruin_lvl1_crownlands_alpha
847,1133,1,1,1,Ruin,,1,01,4069333285272614884,poiNode__ruin_lvl1_crownlands_alpha
1412,1133,1,1,1,Ruin,,1,01,4069333285272614884,poiNode__ruin_lvl1_crownlands_alpha
546,1134,1,1,1,Ruin,,1,01,4069333285272614884,poiNode__ruin_lvl1_crownlands_alpha
629,1134,1,1,1,Ruin,,1,01,4069333285272614884,poiNode__ruin_lvl1_crownlands_alpha
864,1134,1,1,1,Ruin,,1,01,4069333285272614884,poiNode__ruin_lvl1_crownlands_alpha
923,1134,2,2,4,Settlement (Town),,2,0b,934088675522857109,poiNode__town_lvl2_iron_crownlands_alpha
1110,1134,1,1,1,Ruin,,1,01,4069333285272614884,poiNode__ruin_lvl1_crownlands_alpha
1212,1134,1,1,1,Ruin,,1,01,4069333285272614884,poiNode__ruin_lvl1_crownlands_alpha
1531,1134,1,1,1,Ruin,,1,01,4069333285272614884,poiNode__ruin_lvl1_crownlands_alpha
782,1135,1,1,1,Ruin,,1,01,4069333285272614884,poiNode__ruin_lvl1_crownlands_alpha
1330,1135,1,1,1,Ruin,,1,01,4069333285272614884,poiNode__ruin_lvl1_crownlands_alpha
915,1136,1,1,1,Ruin,,1,01,4069333285272614884,poiNode__ruin_lvl1_crownlands_alpha
1094,1136,1,1,1,Ruin,,1,01,4069333285272614884,poiNode__ruin_lvl1_crownlands_alpha
1430,1136,1,1,1,Ruin,,1,01,4069333285272614884,poiNode__ruin_lvl1_crownlands_alpha
606,1137,1,1,1,Ruin,,1,01,4069333285272614884,poiNode__ruin_lvl1_crownlands_alpha
1423,1137,3,3,9,Castle,,5,b700,18163167357717938448,poiNode__castle_lvl5_crownlands_alpha
1451,1137,1,1,1,Ruin,,1,01,4069333285272614884,poiNode__ruin_lvl1_crownlands_alpha
1468,1137,1,1,1,Ruin,,1,01,4069333285272614884,poiNode__ruin_lvl1_crownlands_alpha
762,1138,1,1,1,Ruin,,1,01,4069333285272614884,poiNode__ruin_lvl1_crownlands_alpha
886,1139,1,1,1,Ruin,,1,01,4069333285272614884,poiNode__ruin_lvl1_crownlands_alpha
900,1139,2,2,4,Settlement (Town),,2,07,934088675522857109,poiNode__town_lvl2_iron_crownlands_alpha
1068,1139,1,1,1,Ruin,,1,01,4069333285272614884,poiNode__ruin_lvl1_crownlands_alpha
725,1140,1,1,1,Ruin,,1,01,4069333285272614884,poiNode__ruin_lvl1_crownlands_alpha
1001,1140,1,1,1,Ruin,,1,01,4069333285272614884,poiNode__ruin_lvl1_crownlands_alpha
971,1141,1,2,2,Tunnel,,4,03,16362520254717945012,poiNode__tunnel_lvl4_crownlands_alpha
1738,1141,1,1,1,Ruin,,1,01,4069333285272614884,poiNode__ruin_lvl1_crownlands_alpha
1750,1141,1,1,1,Ruin,,1,01,4069333285272614884,poiNode__ruin_lvl1_crownlands_alpha
575,1142,1,1,1,Ruin,,1,01,4069333285272614884,poiNode__ruin_lvl1_crownlands_alpha
615,1142,1,1,1,Ruin,,1,01,4069333285272614884,poiNode__ruin_lvl1_crownlands_alpha
828,1142,2,2,4,Settlement (Town),,2,0b,934088675522857109,poiNode__town_lvl2_iron_crownlands_alpha
841,1142,1,1,1,Ruin,,1,01,4069333285272614884,poiNode__ruin_lvl1_crownlands_alpha
1264,1142,1,2,2,Crossing,,4,03,10638324116765093946,poiNode__crossing_lvl4_alpha
1317,1142,1,1,1,Ruin,,1,01,4069333285272614884,poiNode__ruin_lvl1_crownlands_alpha
1358,1142,3,3,9,Castle,,5,9f00,18163167357717938448,poiNode__castle_lvl5_crownlands_alpha
1550,1142,3,4,12,Bridge,,4,9402,12175700799009506677,poiNode__bridge_4hex_lvl4_alpha
1603,1142,1,1,1,Ruin,,1,01,4069333285272614884,poiNode__ruin_lvl1_crownlands_alpha
530,1143,1,1,1,Ruin,,1,01,4069333285272614884,poiNode__ruin_lvl1_crownlands_alpha
783,1143,3,3,9,Castle,,2,b700,2677169842261652633,poiNode__castle_lvl2_crownlands_alpha
862,1143,1,1,1,Ruin,,1,01,4069333285272614884,poiNode__ruin_lvl1_crownlands_alpha
1373,1143,5,1,5,Bridge,,5,1f,2617595176139895162,poiNode__bridge_5hex_lvl5_alpha
1442,1143,2,2,4,Settlement (Town),,5,07,17619217182658581192,poiNode__town_lvl5_wood_crownlands_alpha
1840,1143,2,2,4,Harbor/Dock,,2,,16078488310347410484,poiNode__harbor_lvl2_alpha
1099,1144,1,1,1,Ruin,,1,01,4069333285272614884,poiNode__ruin_lvl1_crownlands_alpha
597,1145,1,1,1,Ruin,,1,01,4069333285272614884,poiNode__ruin_lvl1_crownlands_alpha
1012,1145,1,1,1,Ruin,,1,01,4069333285272614884,poiNode__ruin_lvl1_crownlands_alpha
1300,1145,1,1,1,Ruin,,1,01,4069333285272614884,poiNode__ruin_lvl1_crownlands_alpha
1565,1145,1,1,1,Ruin,,1,01,4069333285272614884,poiNode__ruin_lvl1_crownlands_alpha
1614,1145,2,2,4,Settlement (Town),,5,07,17148027085811616600,poiNode__town_lvl5_stone_crownlands_alpha
852,1146,1,1,1,Ruin,,1,01,4069333285272614884,poiNode__ruin_lvl1_crownlands_alpha
923,1146,1,1,1,Ruin,,1,01,4069333285272614884,poiNode__ruin_lvl1_crownlands_alpha
1746,1146,2,2,4,Settlement (Town),,2,0b,13347178834781780590,poiNode__town_lvl2_wood_crownlands_alpha
641,1147,1,1,1,Ruin,,1,01,4069333285272614884,poiNode__ruin_lvl1_crownlands_alpha
1265,1147,1,2,2,Crossing,,4,03,10638324116765093946,poiNode__crossing_lvl4_alpha
1468,1147,1,1,1,Ruin,,1,01,4069333285272614884,poiNode__ruin_lvl1_crownlands_alpha
968,1148,2,1,2,Tunnel,,4,03,16362520254717945012,poiNode__tunnel_lvl4_crownlands_alpha
1289,1148,1,1,1,Ruin,,1,01,4069333285272614884,poiNode__ruin_lvl1_crownlands_alpha
1758,1148,1,1,1,Ruin,,1,01,4069333285272614884,poiNode__ruin_lvl1_crownlands_alpha
776,1149,1,1,1,Ruin,,1,01,4069333285272614884,poiNode__ruin_lvl1_crownlands_alpha
883,1150,1,1,1,Ruin,,1,01,4069333285272614884,poiNode__ruin_lvl1_crownlands_alpha
1737,1150,1,1,1,Ruin,,1,01,4069333285272614884,poiNode__ruin_lvl1_crownlands_alpha
1750,1150,1,1,1,Ruin,,1,01,4069333285272614884,poiNode__ruin_lvl1_crownlands_alpha
1048,1151,1,1,1,Ruin,,1,01,4069333285272614884,poiNode__ruin_lvl1_crownlands_alpha
1067,1151,1,1,1,Ruin,,1,01,4069333285272614884,poiNode__ruin_lvl1_crownlands_alpha
1195,1151,1,1,1,Ruin,,1,01,4069333285272614884,poiNode__ruin_lvl1_crownlands_alpha
1316,1151,2,2,4,Dragon Sanctum,,2,0f,17822386685165763515,poiNode__dragonsanctum_lv02_crownlands_alpha
1074,1152,1,1,1,Ruin,,1,01,4069333285272614884,poiNode__ruin_lvl1_crownlands_alpha
1234,1152,1,1,1,Ruin,,1,01,4069333285272614884,poiNode__ruin_lvl1_crownlands_alpha
1782,1152,1,1,1,Ruin,,1,01,4069333285272614884,poiNode__ruin_lvl1_crownlands_alpha
604,1153,1,1,1,Ruin,,1,01,4069333285272614884,poiNode__ruin_lvl1_crownlands_alpha
1211,1153,2,2,4,Crossing,,4,,10638324116765093946,poiNode__crossing_lvl4_alpha
927,1154,3,3,9,Castle,,2,9f00,2677169842261652633,poiNode__castle_lvl2_crownlands_alpha
1363,1155,1,1,1,Ruin,,1,01,4069333285272614884,poiNode__ruin_lvl1_crownlands_alpha
754,1156,1,1,1,Ruin,,1,01,4069333285272614884,poiNode__ruin_lvl1_crownlands_alpha
788,1156,4,3,12,Seat of Power,Silverhill,,f707,13594743845040293693,poiNode__sop_Silverhill_alpha
1178,1156,1,1,1,Ruin,,1,01,4069333285272614884,poiNode__ruin_lvl1_crownlands_alpha
1793,1156,1,1,1,Ruin,,1,01,4069333285272614884,poiNode__ruin_lvl1_crownlands_alpha
1839,1156,2,2,4,Harbor/Dock,,2,0b,16078488310347410484,poiNode__harbor_lvl2_alpha
829,1157,1,1,1,Ruin,,1,01,4069333285272614884,poiNode__ruin_lvl1_crownlands_alpha
1216,1157,1,2,2,Crossing,,4,03,10638324116765093946,poiNode__crossing_lvl4_alpha
713,1158,1,1,1,Ruin,,1,01,4069333285272614884,poiNode__ruin_lvl1_crownlands_alpha
803,1158,1,1,1,Ruin,,1,01,4069333285272614884,poiNode__ruin_lvl1_crownlands_alpha
853,1158,1,2,2,Tunnel,,2,03,1315898000168475582,poiNode__tunnel_lvl2_crownlands_alpha
1265,1158,1,1,1,Ruin,,1,01,4069333285272614884,poiNode__ruin_lvl1_crownlands_alpha
1316,1158,1,1,1,Ruin,,1,01,4069333285272614884,poiNode__ruin_lvl1_crownlands_alpha
1745,1158,1,1,1,Ruin,,1,01,4069333285272614884,poiNode__ruin_lvl1_crownlands_alpha
648,1159,1,1,1,Ruin,,1,01,4069333285272614884,poiNode__ruin_lvl1_crownlands_alpha
1776,1159,1,1,1,Ruin,,1,01,4069333285272614884,poiNode__ruin_lvl1_crownlands_alpha
922,1160,1,1,1,Ruin,,1,01,4069333285272614884,poiNode__ruin_lvl1_crownlands_alpha
974,1160,1,1,1,Ruin,,1,01,4069333285272614884,poiNode__ruin_lvl1_crownlands_alpha
1753,1160,1,1,1,Ruin,,1,01,4069333285272614884,poiNode__ruin_lvl1_crownlands_alpha
1788,1160,2,2,4,Settlement (Town),,2,0b,13347178834781780590,poiNode__town_lvl2_wood_crownlands_alpha
1845,1161,1,1,1,Ruin,,1,01,4069333285272614884,poiNode__ruin_lvl1_crownlands_alpha
773,1162,1,1,1,Ruin,,1,01,4069333285272614884,poiNode__ruin_lvl1_crownlands_alpha
857,1162,2,2,4,Tunnel,,2,06,1315898000168475582,poiNode__tunnel_lvl2_crownlands_alpha
1499,1162,1,1,1,Ruin,,1,01,4069333285272614884,poiNode__ruin_lvl1_crownlands_alpha
1799,1162,1,1,1,Ruin,,1,01,4069333285272614884,poiNode__ruin_lvl1_crownlands_alpha
1818,1162,1,1,1,Ruin,,1,01,4069333285272614884,poiNode__ruin_lvl1_crownlands_alpha
548,1163,1,1,1,Ruin,,1,01,4069333285272614884,poiNode__ruin_lvl1_crownlands_alpha
811,1163,1,1,1,Ruin,,1,01,4069333285272614884,poiNode__ruin_lvl1_crownlands_alpha
868,1163,1,1,1,Ruin,,1,01,4069333285272614884,poiNode__ruin_lvl1_crownlands_alpha
1474,1163,1,1,1,Ruin,,1,01,4069333285272614884,poiNode__ruin_lvl1_crownlands_alpha
1783,1163,1,1,1,Ruin,,1,01,4069333285272614884,poiNode__ruin_lvl1_crownlands_alpha
1807,1163,1,1,1,Ruin,,1,01,4069333285272614884,poiNode__ruin_lvl1_crownlands_alpha
691,1164,1,1,1,Ruin,,1,01,4069333285272614884,poiNode__ruin_lvl1_crownlands_alpha
1052,1164,1,1,1,Ruin,,1,01,4069333285272614884,poiNode__ruin_lvl1_crownlands_alpha
1225,1164,2,2,4,Settlement (Town),,4,0b,4005368532613976517,poiNode__town_lvl4_food_crownlands_alpha
1284,1164,1,1,1,Ruin,,1,01,4069333285272614884,poiNode__ruin_lvl1_crownlands_alpha
1601,1164,2,3,6,Bridge,,5,1a,7679360956624024633,poiNode__bridge_3hex_lvl5_alpha
1634,1164,3,2,6,Dragon Sanctum,,1,1e,10375726052514243646,poiNode__dragonsanctum_lv01_crownlands_alpha
1762,1164,1,1,1,Ruin,,1,01,4069333285272614884,poiNode__ruin_lvl1_crownlands_alpha
601,1165,1,1,1,Ruin,,1,01,4069333285272614884,poiNode__ruin_lvl1_crownlands_alpha
718,1165,2,2,4,Tunnel,,4,,16362520254717945012,poiNode__tunnel_lvl4_crownlands_alpha
1525,1165,1,1,1,Ruin,,1,01,4069333285272614884,poiNode__ruin_lvl1_crownlands_alpha
942,1166,1,1,1,Ruin,,1,01,4069333285272614884,poiNode__ruin_lvl1_crownlands_alpha
960,1166,1,1,1,Ruin,,1,01,4069333285272614884,poiNode__ruin_lvl1_crownlands_alpha
1739,1166,1,1,1,Ruin,,1,01,4069333285272614884,poiNode__ruin_lvl1_crownlands_alpha
1769,1166,2,2,4,Settlement (Town),,2,0b,7192166805953233241,poiNode__town_lvl2_food_crownlands_alpha
843,1167,1,1,1,Ruin,,1,01,4069333285272614884,poiNode__ruin_lvl1_crownlands_alpha
1317,1167,2,2,4,Crossing,,4,,10638324116765093946,poiNode__crossing_lvl4_alpha
1829,1167,1,1,1,Ruin,,1,01,4069333285272614884,poiNode__ruin_lvl1_crownlands_alpha
878,1168,2,2,4,Settlement (Town),,2,0b,7192166805953233241,poiNode__town_lvl2_food_crownlands_alpha
1469,1168,2,2,4,Settlement (Town),,5,0b,3346466275737446911,poiNode__town_lvl5_food_crownlands_alpha
1838,1168,1,1,1,Ruin,,1,01,4069333285272614884,poiNode__ruin_lvl1_crownlands_alpha
557,1169,2,4,8,Bridge,,4,a5,12175700799009506677,poiNode__bridge_4hex_lvl4_alpha
1116,1169,1,1,1,Ruin,,1,01,4069333285272614884,poiNode__ruin_lvl1_crownlands_alpha
1300,1169,1,1,1,Ruin,,1,01,4069333285272614884,poiNode__ruin_lvl1_crownlands_alpha
1852,1169,1,1,1,Ruin,,1,01,4069333285272614884,poiNode__ruin_lvl1_crownlands_alpha
836,1170,2,2,4,Settlement (Town),,2,0b,934088675522857109,poiNode__town_lvl2_iron_crownlands_alpha
1321,1170,2,2,4,Crossing,,4,,10638324116765093946,poiNode__crossing_lvl4_alpha
1775,1170,1,1,1,Ruin,,1,01,4069333285272614884,poiNode__ruin_lvl1_crownlands_alpha
761,1171,1,1,1,Ruin,,1,01,4069333285272614884,poiNode__ruin_lvl1_crownlands_alpha
1053,1171,3,3,9,Castle,,3,b700,954995402910154266,poiNode__castle_lvl3_crownlands_alpha
1400,1171,1,1,1,Ruin,,1,01,4069333285272614884,poiNode__ruin_lvl1_crownlands_alpha
1464,1171,2,2,4,Dragon Sanctum,,3,0f,16082973056167260472,poiNode__dragonsanctum_lv03_crownlands_alpha
1494,1171,3,3,9,Castle,,5,b700,18163167357717938448,poiNode__castle_lvl5_crownlands_alpha
1749,1171,1,1,1,Ruin,,1,01,4069333285272614884,poiNode__ruin_lvl1_crownlands_alpha
1795,1171,1,1,1,Ruin,,1,01,4069333285272614884,poiNode__ruin_lvl1_crownlands_alpha
1862,1171,1,1,1,Ruin,,1,01,4069333285272614884,poiNode__ruin_lvl1_crownlands_alpha
1001,1172,1,1,1,Ruin,,1,01,4069333285272614884,poiNode__ruin_lvl1_crownlands_alpha
1816,1172,3,4,12,Seat of Power,Driftmark,,fb0d,7047750708894673769,poiNode__sop_Driftmark_alpha
1884,1172,1,1,1,Ruin,,1,01,4069333285272614884,poiNode__ruin_lvl1_crownlands_alpha
1019,1173,1,1,1,Ruin,,1,01,4069333285272614884,poiNode__ruin_lvl1_crownlands_alpha
1266,1173,1,1,1,Ruin,,1,01,4069333285272614884,poiNode__ruin_lvl1_crownlands_alpha
1478,1173,2,2,4,Dragon Sanctum,,2,0f,17822386685165763515,poiNode__dragonsanctum_lv02_crownlands_alpha
612,1174,2,2,4,Crossing,,4,06,10638324116765093946,poiNode__crossing_lvl4_alpha
720,1174,2,1,2,Tunnel,,4,03,16362520254717945012,poiNode__tunnel_lvl4_crownlands_alpha
1190,1174,1,1,1,Ruin,,1,01,4069333285272614884,poiNode__ruin_lvl1_crownlands_alpha
1220,1174,1,1,1,Ruin,,1,01,4069333285272614884,poiNode__ruin_lvl1_crownlands_alpha
1426,1174,1,1,1,Ruin,,1,01,4069333285272614884,poiNode__ruin_lvl1_crownlands_alpha
1783,1174,1,1,1,Ruin,,1,01,4069333285272614884,poiNode__ruin_lvl1_crownlands_alpha
1843,1175,3,3,9,Castle,,2,b700,2677169842261652633,poiNode__castle_lvl2_crownlands_alpha
607,1176,1,2,2,Crossing,,4,03,10638324116765093946,poiNode__crossing_lvl4_alpha
863,1176,1,1,1,Ruin,,1,01,4069333285272614884,poiNode__ruin_lvl1_crownlands_alpha
1285,1176,1,1,1,Ruin,,1,01,4069333285272614884,poiNode__ruin_lvl1_crownlands_alpha
1775,1176,3,3,9,Castle,,2,9f00,2677169842261652633,poiNode__castle_lvl2_crownlands_alpha
1855,1176,2,2,4,Settlement (Town),,2,0b,13347178834781780590,poiNode__town_lvl2_wood_crownlands_alpha
1876,1176,1,1,1,Ruin,,1,01,4069333285272614884,poiNode__ruin_lvl1_crownlands_alpha
1135,1177,1,1,1,Ruin,,1,01,4069333285272614884,poiNode__ruin_lvl1_crownlands_alpha
1586,1177,2,2,4,Settlement (Town),,4,07,17104931419891608306,poiNode__town_lvl4_wood_crownlands_alpha
1890,1177,1,1,1,Ruin,,1,01,4069333285272614884,poiNode__ruin_lvl1_crownlands_alpha
630,1178,2,2,4,Tunnel,,4,06,16362520254717945012,poiNode__tunnel_lvl4_crownlands_alpha
978,1178,1,2,2,Tunnel,,2,03,1315898000168475582,poiNode__tunnel_lvl2_crownlands_alpha
1210,1178,2,2,4,Settlement (Town),,4,0b,6389715466080245769,poiNode__town_lvl4_iron_crownlands_alpha
1835,1178,1,1,1,Ruin,,1,01,4069333285272614884,poiNode__ruin_lvl1_crownlands_alpha
1399,1179,1,1,1,Ruin,,1,01,4069333285272614884,poiNode__ruin_lvl1_crownlands_alpha
1762,1179,1,1,1,Ruin,,1,01,4069333285272614884,poiNode__ruin_lvl1_crownlands_alpha
1807,1179,1,1,1,Ruin,,1,01,4069333285272614884,poiNode__ruin_lvl1_crownlands_alpha
1850,1179,1,1,1,Ruin,,1,01,4069333285272614884,poiNode__ruin_lvl1_crownlands_alpha
918,1180,2,2,4,Settlement (Town),,2,0b,13347178834781780590,poiNode__town_lvl2_wood_crownlands_alpha
1054,1180,1,1,1,Ruin,,1,01,4069333285272614884,poiNode__ruin_lvl1_crownlands_alpha
1143,1180,1,1,1,Ruin,,1,01,4069333285272614884,poiNode__ruin_lvl1_crownlands_alpha
1417,1180,3,4,12,Bridge,,4,9402,12175700799009506677,poiNode__bridge_4hex_lvl4_alpha
1750,1180,1,1,1,Ruin,,1,01,4069333285272614884,poiNode__ruin_lvl1_crownlands_alpha
1789,1180,1,1,1,Ruin,,1,01,4069333285272614884,poiNode__ruin_lvl1_crownlands_alpha
1798,1180,1,1,1,Ruin,,1,01,4069333285272614884,poiNode__ruin_lvl1_crownlands_alpha
1865,1180,1,1,1,Ruin,,1,01,4069333285272614884,poiNode__ruin_lvl1_crownlands_alpha
953,1181,1,1,1,Ruin,,1,01,4069333285272614884,poiNode__ruin_lvl1_crownlands_alpha
1783,1182,2,2,4,Settlement (Town),,2,0b,934088675522857109,poiNode__town_lvl2_iron_crownlands_alpha
1828,1182,1,1,1,Ruin,,1,01,4069333285272614884,poiNode__ruin_lvl1_crownlands_alpha
536,1183,1,1,1,Ruin,,1,01,4069333285272614884,poiNode__ruin_lvl1_crownlands_alpha
592,1183,3,3,9,Castle,,4,b700,15309825242278153107,poiNode__castle_lvl4_crownlands_alpha
841,1183,1,1,1,Ruin,,1,01,4069333285272614884,poiNode__ruin_lvl1_crownlands_alpha
857,1183,2,2,4,Dragon Sanctum,,4,0f,433908501532394673,poiNode__dragonsanctum_lv04_crownlands_alpha
1121,1183,1,1,1,Ruin,,1,01,4069333285272614884,poiNode__ruin_lvl1_crownlands_alpha
1345,1183,2,2,4,Dragon Sanctum,,1,0f,10375726052514243646,poiNode__dragonsanctum_lv01_crownlands_alpha
1742,1183,1,1,1,Ruin,,1,01,4069333285272614884,poiNode__ruin_lvl1_crownlands_alpha
1819,1183,1,1,1,Ruin,,1,01,4069333285272614884,poiNode__ruin_lvl1_crownlands_alpha
1876,1183,2,2,4,Settlement (Town),,2,07,13347178834781780590,poiNode__town_lvl2_wood_crownlands_alpha
624,1184,1,2,2,Tunnel,,4,03,16362520254717945012,poiNode__tunnel_lvl4_crownlands_alpha
942,1184,3,2,6,Dragon Sanctum,,1,1e,10375726052514243646,poiNode__dragonsanctum_lv01_crownlands_alpha
1359,1184,1,1,1,Ruin,,1,01,4069333285272614884,poiNode__ruin_lvl1_crownlands_alpha
1389,1184,1,1,1,Ruin,,1,01,4069333285272614884,poiNode__ruin_lvl1_crownlands_alpha
1608,1184,3,3,9,Castle,,4,9f00,15309825242278153107,poiNode__castle_lvl4_crownlands_alpha
1774,1184,1,1,1,Ruin,,1,01,4069333285272614884,poiNode__ruin_lvl1_crownlands_alpha
568,1185,1,1,1,Ruin,,1,01,4069333285272614884,poiNode__ruin_lvl1_crownlands_alpha
763,1185,1,2,2,Tunnel,,4,03,16362520254717945012,poiNode__tunnel_lvl4_crownlands_alpha
996,1185,1,1,1,Ruin,,1,01,4069333285272614884,poiNode__ruin_lvl1_crownlands_alpha
1477,1185,1,1,1,Ruin,,1,01,4069333285272614884,poiNode__ruin_lvl1_crownlands_alpha
1591,1185,1,1,1,Ruin,,1,01,4069333285272614884,poiNode__ruin_lvl1_crownlands_alpha
581,1186,1,1,1,Ruin,,1,01,4069333285272614884,poiNode__ruin_lvl1_crownlands_alpha
883,1186,1,1,1,Ruin,,1,01,4069333285272614884,poiNode__ruin_lvl1_crownlands_alpha
1093,1186,3,2,6,Dragon Sanctum,,2,1e,17822386685165763515,poiNode__dragonsanctum_lv02_crownlands_alpha
1114,1186,1,1,1,Ruin,,1,01,4069333285272614884,poiNode__ruin_lvl1_crownlands_alpha
1622,1186,1,1,1,Ruin,,1,01,4069333285272614884,poiNode__ruin_lvl1_crownlands_alpha
1885,1186,1,1,1,Ruin,,1,01,4069333285272614884,poiNode__ruin_lvl1_crownlands_alpha
543,1187,2,2,4,Settlement (Town),,4,07,9818672042717538120,poiNode__town_lvl4_stone_crownlands_alpha
934,1187,1,1,1,Ruin,,1,01,4069333285272614884,poiNode__ruin_lvl1_crownlands_alpha
1408,1187,2,2,4,Settlement (Town),,4,07,6389715466080245769,poiNode__town_lvl4_iron_crownlands_alpha
1429,1187,1,1,1,Ruin,,1,01,4069333285272614884,poiNode__ruin_lvl1_crownlands_alpha
1537,1187,1,1,1,Ruin,,1,01,4069333285272614884,poiNode__ruin_lvl1_crownlands_alpha
1755,1187,2,2,4,Settlement (Town),,2,07,13347178834781780590,poiNode__town_lvl2_wood_crownlands_alpha
1870,1187,1,1,1,Ruin,,1,01,4069333285272614884,poiNode__ruin_lvl1_crownlands_alpha
977,1188,2,2,4,Tunnel,,2,,1315898000168475582,poiNode__tunnel_lvl2_crownlands_alpha
1085,1188,1,1,1,Ruin,,1,01,4069333285272614884,poiNode__ruin_lvl1_crownlands_alpha
1782,1188,1,1,1,Ruin,,1,01,4069333285272614884,poiNode__ruin_lvl1_crownlands_alpha
1809,1188,1,1,1,Ruin,,1,01,4069333285272614884,poiNode__ruin_lvl1_crownlands_alpha
1841,1188,1,1,1,Ruin,,1,01,4069333285272614884,poiNode__ruin_lvl1_crownlands_alpha
684,1189,2,2,4,Settlement (Town),,4,07,17104931419891608306,poiNode__town_lvl4_wood_crownlands_alpha
758,1189,2,1,2,Tunnel,,4,03,16362520254717945012,poiNode__tunnel_lvl4_crownlands_alpha
1061,1189,2,2,4,Dragon Sanctum,,1,0f,10375726052514243646,poiNode__dragonsanctum_lv01_crownlands_alpha
1263,1189,1,1,1,Ruin,,1,01,4069333285272614884,poiNode__ruin_lvl1_crownlands_alpha
1316,1189,2,2,4,Settlement (Town),,4,07,6389715466080245769,poiNode__town_lvl4_iron_crownlands_alpha
1343,1189,3,3,9,Castle,,4,b700,15309825242278153107,poiNode__castle_lvl4_crownlands_alpha
1800,1189,1,1,1,Ruin,,1,01,4069333285272614884,poiNode__ruin_lvl1_crownlands_alpha
740,1190,1,1,1,Ruin,,1,01,4069333285272614884,poiNode__ruin_lvl1_crownlands_alpha
1167,1190,1,1,1,Ruin,,1,01,4069333285272614884,poiNode__ruin_lvl1_crownlands_alpha
1238,1190,1,1,1,Ruin,,1,01,4069333285272614884,poiNode__ruin_lvl1_crownlands_alpha
1763,1190,1,1,1,Ruin,,1,01,4069333285272614884,poiNode__ruin_lvl1_crownlands_alpha
1857,1190,1,1,1,Ruin,,1,01,4069333285272614884,poiNode__ruin_lvl1_crownlands_alpha
945,1191,2,2,4,Tunnel,,2,,1315898000168475582,poiNode__tunnel_lvl2_crownlands_alpha
1300,1191,1,1,1,Ruin,,1,01,4069333285272614884,poiNode__ruin_lvl1_crownlands_alpha
857,1192,1,1,1,Ruin,,1,01,4069333285272614884,poiNode__ruin_lvl1_crownlands_alpha
893,1192,1,2,2,Tunnel,,2,03,1315898000168475582,poiNode__tunnel_lvl2_crownlands_alpha
1370,1192,1,1,1,Ruin,,1,01,4069333285272614884,poiNode__ruin_lvl1_crownlands_alpha
845,1193,1,1,1,Ruin,,1,01,4069333285272614884,poiNode__ruin_lvl1_crownlands_alpha
992,1193,2,2,4,Tunnel,,3,,4189727306727788861,poiNode__tunnel_lvl3_crownlands_alpha
1752,1193,1,1,1,Ruin,,1,01,4069333285272614884,poiNode__ruin_lvl1_crownlands_alpha
1847,1193,1,1,1,Ruin,,1,01,4069333285272614884,poiNode__ruin_lvl1_crownlands_alpha
588,1194,2,2,4,Tunnel,,4,06,16362520254717945012,poiNode__tunnel_lvl4_crownlands_alpha
811,1194,1,1,1,Ruin,,1,01,4069333285272614884,poiNode__ruin_lvl1_crownlands_alpha
1207,1194,1,1,1,Ruin,,1,01,4069333285272614884,poiNode__ruin_lvl1_crownlands_alpha
1357,1194,3,2,6,Dragon Sanctum,,1,1e,10375726052514243646,poiNode__dragonsanctum_lv01_crownlands_alpha
1550,1194,1,1,1,Ruin,,1,01,4069333285272614884,poiNode__ruin_lvl1_crownlands_alpha
1560,1194,2,2,4,Settlement (Town),,4,0b,4005368532613976517,poiNode__town_lvl4_food_crownlands_alpha
583,1195,2,2,4,Tunnel,,4,,16362520254717945012,poiNode__tunnel_lvl4_crownlands_alpha
598,1195,2,2,4,Settlement (Town),,4,07,17104931419891608306,poiNode__town_lvl4_wood_crownlands_alpha
680,1195,3,3,9,Castle,,4,b700,15309825242278153107,poiNode__castle_lvl4_crownlands_alpha
976,1195,1,1,1,Ruin,,1,01,4069333285272614884,poiNode__ruin_lvl1_crownlands_alpha
897,1196,2,2,4,Tunnel,,2,06,1315898000168475582,poiNode__tunnel_lvl2_crownlands_alpha
1535,1196,1,1,1,Ruin,,1,01,4069333285272614884,poiNode__ruin_lvl1_crownlands_alpha
1760,1196,2,2,4,Harbor/Dock,,2,0e,16078488310347410484,poiNode__harbor_lvl2_alpha
1888,1196,2,2,4,Harbor/Dock,,4,07,13793456963043168003,poiNode__harbor_lvl4_alpha
790,1197,2,2,4,Tunnel,,2,,1315898000168475582,poiNode__tunnel_lvl2_crownlands_alpha
1867,1197,1,1,1,Ruin,,1,01,4069333285272614884,poiNode__ruin_lvl1_crownlands_alpha
1878,1197,1,1,1,Ruin,,1,01,4069333285272614884,poiNode__ruin_lvl1_crownlands_alpha
557,1198,1,1,1,Ruin,,1,01,4069333285272614884,poiNode__ruin_lvl1_crownlands_alpha
607,1198,1,2,2,Crossing,,4,03,10638324116765093946,poiNode__crossing_lvl4_alpha
670,1198,1,1,1,Ruin,,1,01,4069333285272614884,poiNode__ruin_lvl1_crownlands_alpha
1159,1198,2,2,4,Settlement (Town),,4,0b,9818672042717538120,poiNode__town_lvl4_stone_crownlands_alpha
1646,1198,1,1,1,Ruin,,1,01,4069333285272614884,poiNode__ruin_lvl1_crownlands_alpha
1178,1199,2,2,4,Crossing,,4,,10638324116765093946,poiNode__crossing_lvl4_alpha
1451,1199,1,1,1,Ruin,,1,01,4069333285272614884,poiNode__ruin_lvl1_crownlands_alpha
1502,1199,1,1,1,Ruin,,1,01,4069333285272614884,poiNode__ruin_lvl1_crownlands_alpha
880,1200,3,3,9,Castle,,2,9f00,2677169842261652633,poiNode__castle_lvl2_crownlands_alpha
915,1200,2,3,6,Bridge,,2,1a,6488258009797769972,poiNode__bridge_3hex_lvl2_alpha
949,1200,2,1,2,Tunnel,,2,03,1315898000168475582,poiNode__tunnel_lvl2_crownlands_alpha
997,1200,2,2,4,Tunnel,,3,,4189727306727788861,poiNode__tunnel_lvl3_crownlands_alpha
1188,1200,2,2,4,Crossing,,4,,10638324116765093946,poiNode__crossing_lvl4_alpha
388,1201,1,1,1,Ruin,,1,01,4069333285272614884,poiNode__ruin_lvl1_crownlands_alpha
901,1201,2,2,4,Settlement (Town),,2,07,7192166805953233241,poiNode__town_lvl2_food_crownlands_alpha
1196,1201,1,1,1,Ruin,,1,01,4069333285272614884,poiNode__ruin_lvl1_crownlands_alpha
1368,1201,2,2,4,Settlement (Town),,4,07,9818672042717538120,poiNode__town_lvl4_stone_crownlands_alpha
615,1202,2,2,4,Crossing,,4,,10638324116765093946,poiNode__crossing_lvl4_alpha
867,1202,1,1,1,Ruin,,1,01,4069333285272614884,poiNode__ruin_lvl1_crownlands_alpha
1570,1202,1,1,1,Ruin,,1,01,4069333285272614884,poiNode__ruin_lvl1_crownlands_alpha
1587,1202,1,1,1,Ruin,,1,01,4069333285272614884,poiNode__ruin_lvl1_crownlands_alpha
1634,1203,1,1,1,Ruin,,1,01,4069333285272614884,poiNode__ruin_lvl1_crownlands_alpha
813,1204,1,1,1,Ruin,,1,01,4069333285272614884,poiNode__ruin_lvl1_crownlands_alpha
930,1204,1,1,1,Ruin,,1,01,4069333285272614884,poiNode__ruin_lvl1_crownlands_alpha
1014,1204,1,1,1,Ruin,,1,01,14369028728984258867,poiNode__ruin_lvl1_riverlands_alpha
1075,1204,2,2,4,Crossing,,4,06,10638324116765093946,poiNode__crossing_lvl4_alpha
1380,1204,3,2,6,Dragon Sanctum,,3,1e,16082973056167260472,poiNode__dragonsanctum_lv03_crownlands_alpha
545,1205,1,1,1,Ruin,,1,01,4069333285272614884,poiNode__ruin_lvl1_crownlands_alpha
1113,1205,3,3,9,Castle,,4,b700,15309825242278153107,poiNode__castle_lvl4_crownlands_alpha
1221,1205,1,1,1,Ruin,,1,01,4069333285272614884,poiNode__ruin_lvl1_crownlands_alpha
1324,1205,1,1,1,Ruin,,1,01,4069333285272614884,poiNode__ruin_lvl1_crownlands_alpha
1348,1205,1,1,1,Ruin,,1,01,4069333285272614884,poiNode__ruin_lvl1_crownlands_alpha
1358,1205,1,1,1,Ruin,,1,01,4069333285272614884,poiNode__ruin_lvl1_crownlands_alpha
793,1206,2,2,4,Tunnel,,2,06,1315898000168475582,poiNode__tunnel_lvl2_crownlands_alpha
993,1206,1,1,1,Ruin,,1,01,14369028728984258867,poiNode__ruin_lvl1_riverlands_alpha
951,1207,1,1,1,Ruin,,1,01,4069333285272614884,poiNode__ruin_lvl1_crownlands_alpha
1040,1207,1,1,1,Ruin,,1,01,14369028728984258867,poiNode__ruin_lvl1_riverlands_alpha
1180,1207,2,2,4,Crossing,,4,06,10638324116765093946,poiNode__crossing_lvl4_alpha
1612,1207,1,1,1,Ruin,,1,01,4069333285272614884,poiNode__ruin_lvl1_crownlands_alpha
1895,1208,2,2,4,Harbor/Dock,,4,0b,13793456963043168003,poiNode__harbor_lvl4_alpha
420,1209,1,1,1,Ruin,,1,01,4069333285272614884,poiNode__ruin_lvl1_crownlands_alpha
1140,1209,1,1,1,Ruin,,1,01,4069333285272614884,poiNode__ruin_lvl1_crownlands_alpha
1551,1209,2,2,4,Dragon Sanctum,,2,0f,17822386685165763515,poiNode__dragonsanctum_lv02_crownlands_alpha
1641,1209,1,1,1,Ruin,,1,01,4069333285272614884,poiNode__ruin_lvl1_crownlands_alpha
874,1210,4,3,12,Seat of Power,Deep Den,,f707,2225864778672845872,poiNode__sop_DeepDen_alpha
942,1210,3,3,9,Castle,,2,9f00,2677169842261652633,poiNode__castle_lvl2_crownlands_alpha
1020,1210,1,1,1,Ruin,,1,01,14369028728984258867,poiNode__ruin_lvl1_riverlands_alpha
1198,1210,3,2,6,Dragon Sanctum,,1,1e,10375726052514243646,poiNode__dragonsanctum_lv01_crownlands_alpha
1212,1210,1,1,1,Ruin,,1,01,4069333285272614884,poiNode__ruin_lvl1_crownlands_alpha
1228,1210,3,3,9,Castle,,4,9f00,15309825242278153107,poiNode__castle_lvl4_crownlands_alpha
1528,1210,3,3,9,Castle,,4,9f00,15309825242278153107,poiNode__castle_lvl4_crownlands_alpha
563,1211,1,1,1,Ruin,,1,01,4069333285272614884,poiNode__ruin_lvl1_crownlands_alpha
806,1211,1,1,1,Ruin,,1,01,4069333285272614884,poiNode__ruin_lvl1_crownlands_alpha
1074,1211,2,2,4,Crossing,,4,06,10638324116765093946,poiNode__crossing_lvl4_alpha
1574,1211,1,1,1,Ruin,,1,01,4069333285272614884,poiNode__ruin_lvl1_crownlands_alpha
832,1212,1,1,1,Ruin,,1,01,4069333285272614884,poiNode__ruin_lvl1_crownlands_alpha
915,1212,1,1,1,Ruin,,1,01,4069333285272614884,poiNode__ruin_lvl1_crownlands_alpha
1900,1212,1,1,1,Ruin,,1,01,4069333285272614884,poiNode__ruin_lvl1_crownlands_alpha
635,1213,2,2,4,Settlement (Town),,4,07,17104931419891608306,poiNode__town_lvl4_wood_crownlands_alpha
1398,1213,1,1,1,Ruin,,1,01,4069333285272614884,poiNode__ruin_lvl1_crownlands_alpha
932,1214,1,1,1,Ruin,,1,01,4069333285272614884,poiNode__ruin_lvl1_crownlands_alpha
1760,1214,2,2,4,Crossing,,2,,17576595532914463501,poiNode__crossing_lvl2_alpha
1358,1215,1,1,1,Ruin,,1,01,4069333285272614884,poiNode__ruin_lvl1_crownlands_alpha
721,1216,2,2,4,Settlement (Town),,4,0b,9818672042717538120,poiNode__town_lvl4_stone_crownlands_alpha
776,1216,3,3,9,Castle,,2,9f00,2677169842261652633,poiNode__castle_lvl2_crownlands_alpha
905,1216,1,1,1,Ruin,,1,01,4069333285272614884,poiNode__ruin_lvl1_crownlands_alpha
1283,1216,1,1,1,Ruin,,1,01,14369028728984258867,poiNode__ruin_lvl1_riverlands_alpha
1383,1216,1,1,1,Ruin,,1,01,4069333285272614884,poiNode__ruin_lvl1_crownlands_alpha
431,1217,1,1,1,Ruin,,1,01,4069333285272614884,poiNode__ruin_lvl1_crownlands_alpha
735,1217,1,1,1,Ruin,,1,01,4069333285272614884,poiNode__ruin_lvl1_crownlands_alpha
1059,1217,1,1,1,Ruin,,1,01,14369028728984258867,poiNode__ruin_lvl1_riverlands_alpha
1556,1217,1,1,1,Ruin,,1,01,4069333285272614884,poiNode__ruin_lvl1_crownlands_alpha
1887,1217,1,1,1,Ruin,,1,01,4069333285272614884,poiNode__ruin_lvl1_crownlands_alpha
394,1218,1,1,1,Ruin,,1,01,4069333285272614884,poiNode__ruin_lvl1_crownlands_alpha
944,1218,1,1,1,Ruin,,1,01,4069333285272614884,poiNode__ruin_lvl1_crownlands_alpha
1146,1218,1,1,1,Ruin,,1,01,4069333285272614884,poiNode__ruin_lvl1_crownlands_alpha
1222,1218,2,2,4,Settlement (Town),,4,0b,6389715466080245769,poiNode__town_lvl4_iron_crownlands_alpha
1911,1218,1,1,1,Ruin,,1,01,4069333285272614884,poiNode__ruin_lvl1_crownlands_alpha
418,1219,1,1,1,Ruin,,1,01,4069333285272614884,poiNode__ruin_lvl1_crownlands_alpha
832,1219,3,3,9,Castle,,2,b700,2677169842261652633,poiNode__castle_lvl2_crownlands_alpha
970,1219,1,1,1,Ruin,,1,01,4069333285272614884,poiNode__ruin_lvl1_crownlands_alpha
992,1219,3,3,9,Castle,,3,b700,17460725333026308301,poiNode__castle_lvl3_riverlands_alpha
675,1220,1,1,1,Ruin,,1,01,4069333285272614884,poiNode__ruin_lvl1_crownlands_alpha
756,1220,1,1,1,Ruin,,1,01,4069333285272614884,poiNode__ruin_lvl1_crownlands_alpha
1001,1220,1,1,1,Ruin,,1,01,14369028728984258867,poiNode__ruin_lvl1_riverlands_alpha
875,1221,1,1,1,Ruin,,1,01,4069333285272614884,poiNode__ruin_lvl1_crownlands_alpha
1320,1221,1,1,1,Ruin,,1,01,14369028728984258867,poiNode__ruin_lvl1_riverlands_alpha
1341,1221,1,1,1,Ruin,,1,01,4069333285272614884,poiNode__ruin_lvl1_crownlands_alpha
1903,1221,1,1,1,Ruin,,1,01,4069333285272614884,poiNode__ruin_lvl1_crownlands_alpha
814,1223,1,1,1,Ruin,,1,01,4069333285272614884,poiNode__ruin_lvl1_crownlands_alpha
930,1223,2,2,4,Settlement (Town),,2,07,7192166805953233241,poiNode__town_lvl2_food_crownlands_alpha
1068,1223,1,1,1,Ruin,,1,01,14369028728984258867,poiNode__ruin_lvl1_riverlands_alpha
1134,1223,1,1,1,Ruin,,1,01,4069333285272614884,poiNode__ruin_lvl1_crownlands_alpha
453,1224,1,1,1,Ruin,,1,01,4069333285272614884,poiNode__ruin_lvl1_crownlands_alpha
793,1224,1,1,1,Ruin,,1,01,4069333285272614884,poiNode__ruin_lvl1_crownlands_alpha
965,1224,2,2,4,Tunnel,,2,06,1315898000168475582,poiNode__tunnel_lvl2_crownlands_alpha
1464,1224,1,1,1,Ruin,,1,01,4069333285272614884,poiNode__ruin_lvl1_crownlands_alpha
749,1225,1,1,1,Ruin,,1,01,4069333285272614884,poiNode__ruin_lvl1_crownlands_alpha
940,1226,5,1,5,Bridge,,2,1f,1498553686271999927,poiNode__bridge_5hex_lvl2_alpha
979,1226,1,1,1,Ruin,,1,01,14369028728984258867,poiNode__ruin_lvl1_riverlands_alpha
1216,1226,1,1,1,Ruin,,1,01,4069333285272614884,poiNode__ruin_lvl1_crownlands_alpha
1758,1226,2,2,4,Crossing,,2,06,17576595532914463501,poiNode__crossing_lvl2_alpha
1895,1226,2,2,4,Settlement (Town),,4,0b,9818672042717538120,poiNode__town_lvl4_stone_crownlands_alpha
544,1227,4,4,16,Great House Capital,Casterly Rock,,f7ef,9311916000663029297,poiNode__capital_CasterlyRock_alpha
1026,1227,1,1,1,Ruin,,1,01,14369028728984258867,poiNode__ruin_lvl1_riverlands_alpha
1202,1227,1,1,1,Ruin,,1,01,4069333285272614884,poiNode__ruin_lvl1_crownlands_alpha
1452,1227,1,1,1,Ruin,,1,01,4069333285272614884,poiNode__ruin_lvl1_crownlands_alpha
1509,1227,1,1,1,Ruin,,1,01,4069333285272614884,poiNode__ruin_lvl1_crownlands_alpha
1911,1227,1,1,1,Ruin,,1,01,4069333285272614884,poiNode__ruin_lvl1_crownlands_alpha
412,1228,3,3,9,Castle,,2,9f00,2677169842261652633,poiNode__castle_lvl2_crownlands_alpha
643,1228,1,1,1,Ruin,,1,01,4069333285272614884,poiNode__ruin_lvl1_crownlands_alpha
800,1228,1,1,1,Ruin,,1,01,4069333285272614884,poiNode__ruin_lvl1_crownlands_alpha
948,1228,1,1,1,Ruin,,1,01,4069333285272614884,poiNode__ruin_lvl1_crownlands_alpha
1570,1228,1,1,1,Ruin,,1,01,4069333285272614884,poiNode__ruin_lvl1_crownlands_alpha
423,1229,1,1,1,Ruin,,1,01,4069333285272614884,poiNode__ruin_lvl1_crownlands_alpha
698,1229,2,2,4,Settlement (Town),,4,07,17104931419891608306,poiNode__town_lvl4_wood_crownlands_alpha
956,1229,2,2,4,Tunnel,,2,,1315898000168475582,poiNode__tunnel_lvl2_crownlands_alpha
1104,1229,1,1,1,Ruin,,1,01,14369028728984258867,poiNode__ruin_lvl1_riverlands_alpha
1169,1229,1,1,1,Ruin,,1,01,14369028728984258867,poiNode__ruin_lvl1_riverlands_alpha
400,1230,1,1,1,Ruin,,1,01,4069333285272614884,poiNode__ruin_lvl1_crownlands_alpha
559,1230,1,1,1,Ruin,,1,01,4069333285272614884,poiNode__ruin_lvl1_crownlands_alpha
822,1230,1,1,1,Ruin,,1,01,4069333285272614884,poiNode__ruin_lvl1_crownlands_alpha
1647,1230,1,1,1,Ruin,,1,01,4069333285272614884,poiNode__ruin_lvl1_crownlands_alpha
1947,1230,1,1,1,Ruin,,1,01,4069333285272614884,poiNode__ruin_lvl1_crownlands_alpha
862,1231,2,2,4,Tunnel,,2,,1315898000168475582,poiNode__tunnel_lvl2_crownlands_alpha
1365,1231,1,1,1,Ruin,,1,01,4069333285272614884,poiNode__ruin_lvl1_crownlands_alpha
1614,1231,1,1,1,Ruin,,1,01,4069333285272614884,poiNode__ruin_lvl1_crownlands_alpha
1901,1231,1,1,1,Ruin,,1,01,4069333285272614884,poiNode__ruin_lvl1_crownlands_alpha
1960,1231,8,5,40,Great House Capital,Dragonstone,,40c0f83e3f,5097688504858845514,poiNode__capital_Dragonstone_alpha
1920,1232,1,1,1,Ruin,,1,01,4069333285272614884,poiNode__ruin_lvl1_crownlands_alpha
652,1233,2,2,4,Settlement (Town),,4,07,17104931419891608306,poiNode__town_lvl4_wood_crownlands_alpha
675,1233,1,1,1,Ruin,,1,01,4069333285272614884,poiNode__ruin_lvl1_crownlands_alpha
716,1233,3,3,9,Castle,,4,b700,15309825242278153107,poiNode__castle_lvl4_crownlands_alpha
854,1233,2,2,4,Settlement (Town),,2,07,934088675522857109,poiNode__town_lvl2_iron_crownlands_alpha
1043,1233,1,1,1,Ruin,,1,01,14369028728984258867,poiNode__ruin_lvl1_riverlands_alpha
1356,1233,1,1,1,Ruin,,1,01,4069333285272614884,poiNode__ruin_lvl1_crownlands_alpha
584,1234,1,1,1,Ruin,,1,01,4069333285272614884,poiNode__ruin_lvl1_crownlands_alpha
627,1234,1,1,1,Ruin,,1,01,4069333285272614884,poiNode__ruin_lvl1_crownlands_alpha
969,1234,1,1,1,Ruin,,1,01,4069333285272614884,poiNode__ruin_lvl1_crownlands_alpha
1631,1234,1,1,1,Ruin,,1,01,4069333285272614884,poiNode__ruin_lvl1_crownlands_alpha
1914,1234,2,2,4,Settlement (Town),,4,0b,17104931419891608306,poiNode__town_lvl4_wood_crownlands_alpha
1940,1234,1,1,1,Ruin,,1,01,4069333285272614884,poiNode__ruin_lvl1_crownlands_alpha
660,1235,1,1,1,Ruin,,1,01,4069333285272614884,poiNode__ruin_lvl1_crownlands_alpha
741,1235,1,1,1,Ruin,,1,01,4069333285272614884,poiNode__ruin_lvl1_crownlands_alpha
777,1235,1,1,1,Ruin,,1,01,4069333285272614884,poiNode__ruin_lvl1_crownlands_alpha
826,1235,2,2,4,Settlement (Town),,2,07,934088675522857109,poiNode__town_lvl2_iron_crownlands_alpha
931,1235,1,1,1,Ruin,,1,01,4069333285272614884,poiNode__ruin_lvl1_crownlands_alpha
1011,1235,1,1,1,Ruin,,1,01,14369028728984258867,poiNode__ruin_lvl1_riverlands_alpha
1394,1235,1,1,1,Ruin,,1,01,4069333285272614884,poiNode__ruin_lvl1_crownlands_alpha
1927,1235,1,1,1,Ruin,,1,01,4069333285272614884,poiNode__ruin_lvl1_crownlands_alpha
634,1236,3,3,9,Castle,,4,9f00,15309825242278153107,poiNode__castle_lvl4_crownlands_alpha
980,1236,1,1,1,Ruin,,1,01,14369028728984258867,poiNode__ruin_lvl1_riverlands_alpha
1608,1236,5,1,5,Bridge,,4,1f,8396285631970188416,poiNode__bridge_5hex_lvl4_alpha
599,1237,1,1,1,Ruin,,1,01,4069333285272614884,poiNode__ruin_lvl1_crownlands_alpha
1083,1237,3,5,15,Bridge,,3,9148,4908333263510868557,poiNode__bridge_5hex_lvl3_alpha
1528,1237,1,1,1,Ruin,,1,01,4069333285272614884,poiNode__ruin_lvl1_crownlands_alpha
1953,1237,1,1,1,Ruin,,1,01,4069333285272614884,poiNode__ruin_lvl1_crownlands_alpha
468,1238,1,1,1,Ruin,,1,01,4069333285272614884,poiNode__ruin_lvl1_crownlands_alpha
750,1238,1,1,1,Ruin,,1,01,4069333285272614884,poiNode__ruin_lvl1_crownlands_alpha
799,1238,1,1,1,Ruin,,1,01,4069333285272614884,poiNode__ruin_lvl1_crownlands_alpha
813,1238,1,1,1,Ruin,,1,01,4069333285272614884,poiNode__ruin_lvl1_crownlands_alpha
945,1238,1,1,1,Ruin,,1,01,4069333285272614884,poiNode__ruin_lvl1_crownlands_alpha
1150,1238,1,1,1,Ruin,,1,01,14369028728984258867,poiNode__ruin_lvl1_riverlands_alpha
1580,1238,1,1,1,Ruin,,1,01,4069333285272614884,poiNode__ruin_lvl1_crownlands_alpha
1646,1238,2,2,4,Settlement (Town),,4,0b,17104931419891608306,poiNode__town_lvl4_wood_crownlands_alpha
1656,1238,1,1,1,Ruin,,1,01,4069333285272614884,poiNode__ruin_lvl1_crownlands_alpha
1755,1238,1,2,2,Crossing,,2,03,17576595532914463501,poiNode__crossing_lvl2_alpha
533,1239,2,2,4,Harbor/Dock,,1,07,3339517120722164282,poiNode__harbor_lvl1_alpha
1120,1239,1,1,1,Ruin,,1,01,14369028728984258867,poiNode__ruin_lvl1_riverlands_alpha
448,1240,1,1,1,Ruin,,1,01,4069333285272614884,poiNode__ruin_lvl1_crownlands_alpha
899,1240,1,1,1,Ruin,,1,01,4069333285272614884,poiNode__ruin_lvl1_crownlands_alpha
1224,1240,1,1,1,Ruin,,1,01,14369028728984258867,poiNode__ruin_lvl1_riverlands_alpha
1247,1240,3,3,9,Castle,,4,9f00,3127550512059774276,poiNode__castle_lvl4_riverlands_alpha
1316,1240,1,1,1,Ruin,,1,01,14369028728984258867,poiNode__ruin_lvl1_riverlands_alpha
1535,1240,3,2,6,Dragon Sanctum,,2,1e,17822386685165763515,poiNode__dragonsanctum_lv02_crownlands_alpha
1619,1240,2,2,4,Settlement (Town),,4,0b,17104931419891608306,poiNode__town_lvl4_wood_crownlands_alpha
1906,1240,1,1,1,Ruin,,1,01,4069333285272614884,poiNode__ruin_lvl1_crownlands_alpha
437,1241,1,1,1,Ruin,,1,01,4069333285272614884,poiNode__ruin_lvl1_crownlands_alpha
755,1241,2,2,4,Settlement (Town),,2,07,7192166805953233241,poiNode__town_lvl2_food_crownlands_alpha
765,1241,1,1,1,Ruin,,1,01,4069333285272614884,poiNode__ruin_lvl1_crownlands_alpha
911,1241,1,1,1,Ruin,,1,01,4069333285272614884,poiNode__ruin_lvl1_crownlands_alpha
1441,1241,1,1,1,Ruin,,1,01,4069333285272614884,poiNode__ruin_lvl1_crownlands_alpha
1506,1241,1,1,1,Ruin,,1,01,4069333285272614884,poiNode__ruin_lvl1_crownlands_alpha
610,1242,1,1,1,Ruin,,1,01,4069333285272614884,poiNode__ruin_lvl1_crownlands_alpha
867,1242,2,1,2,Tunnel,,2,03,1315898000168475582,poiNode__tunnel_lvl2_crownlands_alpha
1922,1242,1,1,1,Ruin,,1,01,4069333285272614884,poiNode__ruin_lvl1_crownlands_alpha
1933,1242,3,3,9,Castle,,4,9f00,15309825242278153107,poiNode__castle_lvl4_crownlands_alpha
416,1243,4,3,12,Seat of Power,Kayce,,fe0e,401580067686898530,poiNode__sop_Kayce_alpha
474,1243,1,1,1,Ruin,,1,01,4069333285272614884,poiNode__ruin_lvl1_crownlands_alpha
1112,1243,1,1,1,Ruin,,1,01,14369028728984258867,poiNode__ruin_lvl1_riverlands_alpha
1963,1243,1,1,1,Ruin,,1,01,4069333285272614884,poiNode__ruin_lvl1_crownlands_alpha
510,1244,1,1,1,Ruin,,1,01,4069333285272614884,poiNode__ruin_lvl1_crownlands_alpha
521,1244,1,1,1,Ruin,,1,01,4069333285272614884,poiNode__ruin_lvl1_crownlands_alpha
1943,1244,1,1,1,Ruin,,1,01,4069333285272614884,poiNode__ruin_lvl1_crownlands_alpha
567,1245,1,1,1,Ruin,,1,01,4069333285272614884,poiNode__ruin_lvl1_crownlands_alpha
1380,1245,1,1,1,Ruin,,1,01,4069333285272614884,poiNode__ruin_lvl1_crownlands_alpha
484,1246,2,2,4,Settlement (Town),,2,0b,934088675522857109,poiNode__town_lvl2_iron_crownlands_alpha
809,1246,2,2,4,Tunnel,,2,06,1315898000168475582,poiNode__tunnel_lvl2_crownlands_alpha
888,1246,1,1,1,Ruin,,1,01,4069333285272614884,poiNode__ruin_lvl1_crownlands_alpha
1330,1246,1,1,1,Ruin,,1,01,14369028728984258867,poiNode__ruin_lvl1_riverlands_alpha
534,1247,2,2,4,Settlement (Town),,2,07,7192166805953233241,poiNode__town_lvl2_food_crownlands_alpha
1061,1247,2,2,4,Settlement (Town),,3,07,14826439194127930052,poiNode__town_lvl3_stone_riverlands_alpha
1068,1247,1,1,1,Ruin,,1,01,14369028728984258867,poiNode__ruin_lvl1_riverlands_alpha
1128,1247,1,1,1,Ruin,,1,01,14369028728984258867,poiNode__ruin_lvl1_riverlands_alpha
1955,1247,1,1,1,Ruin,,1,01,4069333285272614884,poiNode__ruin_lvl1_crownlands_alpha
719,1248,1,1,1,Ruin,,1,01,4069333285272614884,poiNode__ruin_lvl1_crownlands_alpha
764,1248,3,3,9,Castle,,2,9f00,2677169842261652633,poiNode__castle_lvl2_crownlands_alpha
629,1249,1,1,1,Ruin,,1,01,4069333285272614884,poiNode__ruin_lvl1_crownlands_alpha
733,1249,1,1,1,Ruin,,1,01,4069333285272614884,poiNode__ruin_lvl1_crownlands_alpha
782,1249,1,1,1,Ruin,,1,01,4069333285272614884,poiNode__ruin_lvl1_crownlands_alpha
1203,1249,2,2,4,Settlement (Town),,4,07,14449178292820799250,poiNode__town_lvl4_food_riverlands_alpha
1618,1249,1,1,1,Ruin,,1,01,4069333285272614884,poiNode__ruin_lvl1_crownlands_alpha
1752,1249,1,2,2,Crossing,,2,03,17576595532914463501,poiNode__crossing_lvl2_alpha
851,1250,1,1,1,Ruin,,1,01,4069333285272614884,poiNode__ruin_lvl1_crownlands_alpha
1425,1250,3,5,15,Bridge,,4,9412,8396285631970188416,poiNode__bridge_5hex_lvl4_alpha
1910,1250,1,1,1,Ruin,,1,01,4069333285272614884,poiNode__ruin_lvl1_crownlands_alpha
542,1251,1,1,1,Ruin,,1,01,4069333285272614884,poiNode__ruin_lvl1_crownlands_alpha
435,1252,1,1,1,Ruin,,1,01,4069333285272614884,poiNode__ruin_lvl1_crownlands_alpha
984,1252,1,1,1,Ruin,,1,01,14369028728984258867,poiNode__ruin_lvl1_riverlands_alpha
1013,1252,2,2,4,Settlement (Town),,3,0b,6903585217894579331,poiNode__town_lvl3_wood_riverlands_alpha
1385,1252,2,2,4,Settlement (Town),,4,0b,4005368532613976517,poiNode__town_lvl4_food_crownlands_alpha
1964,1252,1,1,1,Ruin,,1,01,4069333285272614884,poiNode__ruin_lvl1_crownlands_alpha
518,1253,4,1,4,Bridge,,2,0f,14462941546211862082,poiNode__bridge_4hex_lvl2_alpha
618,1253,1,1,1,Ruin,,1,01,4069333285272614884,poiNode__ruin_lvl1_crownlands_alpha
759,1253,1,1,1,Ruin,,1,01,4069333285272614884,poiNode__ruin_lvl1_crownlands_alpha
867,1253,1,1,1,Ruin,,1,01,4069333285272614884,poiNode__ruin_lvl1_crownlands_alpha
1058,1253,2,2,4,Dragon Sanctum,,2,0f,596146601522709868,poiNode__dragonsanctum_lv02_riverlands_alpha
1927,1253,1,1,1,Ruin,,1,01,4069333285272614884,poiNode__ruin_lvl1_crownlands_alpha
1933,1253,2,2,4,Settlement (Town),,4,07,6389715466080245769,poiNode__town_lvl4_iron_crownlands_alpha
597,1254,2,2,4,Settlement (Town),,4,0b,6389715466080245769,poiNode__town_lvl4_iron_crownlands_alpha
809,1254,2,1,2,Tunnel,,2,03,1315898000168475582,poiNode__tunnel_lvl2_crownlands_alpha
1572,1254,3,3,9,Castle,,4,9f00,15309825242278153107,poiNode__castle_lvl4_crownlands_alpha
1645,1254,1,1,1,Ruin,,1,01,4069333285272614884,poiNode__ruin_lvl1_crownlands_alpha
639,1255,1,1,1,Ruin,,1,01,4069333285272614884,poiNode__ruin_lvl1_crownlands_alpha
881,1255,1,1,1,Ruin,,1,01,4069333285272614884,poiNode__ruin_lvl1_crownlands_alpha
961,1255,1,1,1,Ruin,,1,01,14369028728984258867,poiNode__ruin_lvl1_riverlands_alpha
1248,1255,1,1,1,Ruin,,1,01,14369028728984258867,poiNode__ruin_lvl1_riverlands_alpha
1359,1255,1,1,1,Ruin,,1,01,14369028728984258867,poiNode__ruin_lvl1_riverlands_alpha
460,1256,2,2,4,Settlement (Town),,2,0b,934088675522857109,poiNode__town_lvl2_iron_crownlands_alpha
492,1256,1,1,1,Ruin,,1,01,4069333285272614884,poiNode__ruin_lvl1_crownlands_alpha
781,1256,2,2,4,Settlement (Town),,2,0b,934088675522857109,poiNode__town_lvl2_iron_crownlands_alpha
716,1257,1,1,1,Ruin,,1,01,4069333285272614884,poiNode__ruin_lvl1_crownlands_alpha
1920,1257,1,1,1,Ruin,,1,01,4069333285272614884,poiNode__ruin_lvl1_crownlands_alpha
826,1258,1,1,1,Ruin,,1,01,4069333285272614884,poiNode__ruin_lvl1_crownlands_alpha
1290,1258,1,1,1,Ruin,,1,01,14369028728984258867,poiNode__ruin_lvl1_riverlands_alpha
1496,1258,2,2,4,Crossing,,4,06,10638324116765093946,poiNode__crossing_lvl4_alpha
1892,1258,1,1,1,Ruin,,1,01,4069333285272614884,poiNode__ruin_lvl1_crownlands_alpha
1944,1258,1,1,1,Ruin,,1,01,4069333285272614884,poiNode__ruin_lvl1_crownlands_alpha
1970,1258,1,1,1,Ruin,,1,01,4069333285272614884,poiNode__ruin_lvl1_crownlands_alpha
816,1259,3,3,9,Castle,,2,b700,2677169842261652633,poiNode__castle_lvl2_crownlands_alpha
933,1259,1,1,1,Ruin,,1,01,14369028728984258867,poiNode__ruin_lvl1_riverlands_alpha
1043,1259,1,1,1,Ruin,,1,01,14369028728984258867,poiNode__ruin_lvl1_riverlands_alpha
1152,1259,2,2,4,Settlement (Town),,3,07,9600398802142562228,poiNode__town_lvl3_food_riverlands_alpha
1597,1259,2,2,4,Settlement (Town),,4,07,6389715466080245769,poiNode__town_lvl4_iron_crownlands_alpha
1627,1259,1,1,1,Ruin,,1,01,4069333285272614884,poiNode__ruin_lvl1_crownlands_alpha
1900,1259,1,1,1,Ruin,,1,01,4069333285272614884,poiNode__ruin_lvl1_crownlands_alpha
1910,1259,2,2,4,Settlement (Town),,4,07,17104931419891608306,poiNode__town_lvl4_wood_crownlands_alpha
1934,1259,1,1,1,Ruin,,1,01,4069333285272614884,poiNode__ruin_lvl1_crownlands_alpha
610,1260,1,1,1,Ruin,,1,01,4069333285272614884,poiNode__ruin_lvl1_crownlands_alpha
729,1260,2,2,4,Settlement (Town),,2,0b,13347178834781780590,poiNode__town_lvl2_wood_crownlands_alpha
775,1260,1,1,1,Ruin,,1,01,4069333285272614884,poiNode__ruin_lvl1_crownlands_alpha
903,1260,1,1,1,Ruin,,1,01,4069333285272614884,poiNode__ruin_lvl1_crownlands_alpha
1087,1260,1,1,1,Ruin,,1,01,14369028728984258867,poiNode__ruin_lvl1_riverlands_alpha
1956,1260,1,1,1,Ruin,,1,01,4069333285272614884,poiNode__ruin_lvl1_crownlands_alpha
479,1261,3,3,9,Castle,,2,b700,2677169842261652633,poiNode__castle_lvl2_crownlands_alpha
509,1261,1,1,1,Ruin,,1,01,4069333285272614884,poiNode__ruin_lvl1_crownlands_alpha
578,1261,1,1,1,Ruin,,1,01,4069333285272614884,poiNode__ruin_lvl1_crownlands_alpha
632,1261,2,2,4,Settlement (Town),,4,07,6389715466080245769,poiNode__town_lvl4_iron_crownlands_alpha
766,1261,1,1,1,Ruin,,1,01,4069333285272614884,poiNode__ruin_lvl1_crownlands_alpha
807,1261,1,1,1,Ruin,,1,01,4069333285272614884,poiNode__ruin_lvl1_crownlands_alpha
754,1262,1,1,1,Ruin,,1,01,4069333285272614884,poiNode__ruin_lvl1_crownlands_alpha
864,1263,1,1,1,Ruin,,1,01,4069333285272614884,poiNode__ruin_lvl1_crownlands_alpha
877,1263,1,1,1,Ruin,,1,01,4069333285272614884,poiNode__ruin_lvl1_crownlands_alpha
1164,1263,1,2,2,Crossing,,4,03,10638324116765093946,poiNode__crossing_lvl4_alpha
1173,1263,1,1,1,Ruin,,1,01,14369028728984258867,poiNode__ruin_lvl1_riverlands_alpha
1492,1263,2,2,4,Crossing,,4,06,10638324116765093946,poiNode__crossing_lvl4_alpha
1518,1263,3,3,9,Castle,,4,b700,15309825242278153107,poiNode__castle_lvl4_crownlands_alpha
1746,1263,2,2,4,Crossing,,2,06,17576595532914463501,poiNode__crossing_lvl2_alpha
1914,1263,1,1,1,Ruin,,1,01,4069333285272614884,poiNode__ruin_lvl1_crownlands_alpha
1976,1263,1,1,1,Ruin,,1,01,4069333285272614884,poiNode__ruin_lvl1_crownlands_alpha
503,1264,2,2,4,Settlement (Town),,2,0b,6299085069917208579,poiNode__town_lvl2_stone_crownlands_alpha
799,1264,1,1,1,Ruin,,1,01,4069333285272614884,poiNode__ruin_lvl1_crownlands_alpha
1159,1264,1,2,2,Crossing,,4,03,10638324116765093946,poiNode__crossing_lvl4_alpha
1359,1264,1,1,1,Ruin,,1,01,14369028728984258867,poiNode__ruin_lvl1_riverlands_alpha
1375,1264,1,1,1,Ruin,,1,01,14369028728984258867,poiNode__ruin_lvl1_riverlands_alpha
1927,1264,1,1,1,Ruin,,1,01,4069333285272614884,poiNode__ruin_lvl1_crownlands_alpha
439,1265,1,1,1,Ruin,,1,01,4069333285272614884,poiNode__ruin_lvl1_crownlands_alpha
1008,1265,1,1,1,Ruin,,1,01,14369028728984258867,poiNode__ruin_lvl1_riverlands_alpha
1071,1265,3,3,9,Castle,,3,b700,17460725333026308301,poiNode__castle_lvl3_riverlands_alpha
1206,1265,1,1,1,Ruin,,1,01,14369028728984258867,poiNode__ruin_lvl1_riverlands_alpha
789,1266,1,1,1,Ruin,,1,01,4069333285272614884,poiNode__ruin_lvl1_crownlands_alpha
847,1266,1,1,1,Ruin,,1,01,4069333285272614884,poiNode__ruin_lvl1_crownlands_alpha
969,1266,3,2,6,Dragon Sanctum,,1,1e,8137403851956624105,poiNode__dragonsanctum_lv01_riverlands_alpha
1111,1266,2,2,4,Settlement (Town),,3,0b,16862126753176915576,poiNode__town_lvl3_iron_riverlands_alpha
1383,1266,1,1,1,Ruin,,1,01,14369028728984258867,poiNode__ruin_lvl1_riverlands_alpha
1570,1266,1,1,1,Ruin,,1,01,4069333285272614884,poiNode__ruin_lvl1_crownlands_alpha
452,1267,1,1,1,Ruin,,1,01,4069333285272614884,poiNode__ruin_lvl1_crownlands_alpha
631,1267,1,1,1,Ruin,,1,01,4069333285272614884,poiNode__ruin_lvl1_crownlands_alpha
681,1267,1,1,1,Ruin,,1,01,4069333285272614884,poiNode__ruin_lvl1_crownlands_alpha
1118,1267,1,1,1,Ruin,,1,01,14369028728984258867,poiNode__ruin_lvl1_riverlands_alpha
1678,1267,1,1,1,Ruin,,1,01,4069333285272614884,poiNode__ruin_lvl1_crownlands_alpha
1711,1267,1,1,1,Ruin,,1,01,4069333285272614884,poiNode__ruin_lvl1_crownlands_alpha
534,1268,1,1,1,Ruin,,1,01,4069333285272614884,poiNode__ruin_lvl1_crownlands_alpha
565,1268,2,2,4,Settlement (Town),,2,0b,6299085069917208579,poiNode__town_lvl2_stone_crownlands_alpha
704,1268,1,1,1,Ruin,,1,01,4069333285272614884,poiNode__ruin_lvl1_crownlands_alpha
834,1268,1,1,1,Ruin,,1,01,4069333285272614884,poiNode__ruin_lvl1_crownlands_alpha
1143,1268,1,1,1,Ruin,,1,01,14369028728984258867,poiNode__ruin_lvl1_riverlands_alpha
1890,1268,1,1,1,Ruin,,1,01,4069333285272614884,poiNode__ruin_lvl1_crownlands_alpha
1908,1268,1,1,1,Ruin,,1,01,4069333285272614884,poiNode__ruin_lvl1_crownlands_alpha
1935,1268,1,1,1,Ruin,,1,01,4069333285272614884,poiNode__ruin_lvl1_crownlands_alpha
540,1269,2,2,4,Settlement (Town),,2,07,934088675522857109,poiNode__town_lvl2_iron_crownlands_alpha
689,1269,1,1,1,Ruin,,1,01,4069333285272614884,poiNode__ruin_lvl1_crownlands_alpha
731,1269,1,1,1,Ruin,,1,01,4069333285272614884,poiNode__ruin_lvl1_crownlands_alpha
821,1269,1,1,1,Ruin,,1,01,4069333285272614884,poiNode__ruin_lvl1_crownlands_alpha
887,1269,1,1,1,Ruin,,1,01,4069333285272614884,poiNode__ruin_lvl1_crownlands_alpha
912,1269,2,2,4,Settlement (Town),,2,07,934088675522857109,poiNode__town_lvl2_iron_crownlands_alpha
603,1270,1,1,1,Ruin,,1,01,4069333285272614884,poiNode__ruin_lvl1_crownlands_alpha
1471,1270,1,1,1,Ruin,,1,01,4069333285272614884,poiNode__ruin_lvl1_crownlands_alpha
720,1271,1,1,1,Ruin,,1,01,4069333285272614884,poiNode__ruin_lvl1_crownlands_alpha
801,1271,2,2,4,Settlement (Town),,2,07,6299085069917208579,poiNode__town_lvl2_stone_crownlands_alpha
1755,1271,4,4,16,Seat of Power,Rooks Rest,,e667,16600617651408909950,poiNode__sop_RooksRest_alpha
473,1272,1,1,1,Ruin,,1,01,4069333285272614884,poiNode__ruin_lvl1_crownlands_alpha
1431,1272,1,1,1,Ruin,,1,01,4069333285272614884,poiNode__ruin_lvl1_crownlands_alpha
1448,1272,1,1,1,Ruin,,1,01,4069333285272614884,poiNode__ruin_lvl1_crownlands_alpha
488,1273,1,1,1,Ruin,,1,01,4069333285272614884,poiNode__ruin_lvl1_crownlands_alpha
669,1273,1,1,1,Ruin,,1,01,4069333285272614884,poiNode__ruin_lvl1_crownlands_alpha
717,1273,1,1,1,Ruin,,1,01,4069333285272614884,poiNode__ruin_lvl1_crownlands_alpha
750,1273,2,2,4,Settlement (Town),,2,07,7192166805953233241,poiNode__town_lvl2_food_crownlands_alpha
814,1273,1,1,1,Ruin,,1,01,4069333285272614884,poiNode__ruin_lvl1_crownlands_alpha
1065,1273,1,1,1,Ruin,,1,01,14369028728984258867,poiNode__ruin_lvl1_riverlands_alpha
1084,1273,1,1,1,Ruin,,1,01,14369028728984258867,poiNode__ruin_lvl1_riverlands_alpha
1927,1273,1,1,1,Ruin,,1,01,4069333285272614884,poiNode__ruin_lvl1_crownlands_alpha
516,1274,1,1,1,Ruin,,1,01,4069333285272614884,poiNode__ruin_lvl1_crownlands_alpha
575,1274,1,1,1,Ruin,,1,01,4069333285272614884,poiNode__ruin_lvl1_crownlands_alpha
697,1274,3,3,9,Castle,,2,9f00,2677169842261652633,poiNode__castle_lvl2_crownlands_alpha
870,1274,3,3,9,Castle,,2,9f00,2677169842261652633,poiNode__castle_lvl2_crownlands_alpha
909,1274,1,1,1,Ruin,,1,01,4069333285272614884,poiNode__ruin_lvl1_crownlands_alpha
433,1275,1,1,1,Ruin,,1,01,4069333285272614884,poiNode__ruin_lvl1_crownlands_alpha
955,1275,1,1,1,Ruin,,1,01,14369028728984258867,poiNode__ruin_lvl1_riverlands_alpha
1936,1275,1,2,2,Crossing,,4,03,10638324116765093946,poiNode__crossing_lvl4_alpha
1943,1275,1,1,1,Ruin,,1,01,4069333285272614884,poiNode__ruin_lvl1_crownlands_alpha
500,1276,3,2,6,Dragon Sanctum,,4,1e,433908501532394673,poiNode__dragonsanctum_lv04_crownlands_alpha
851,1276,1,1,1,Ruin,,1,01,4069333285272614884,poiNode__ruin_lvl1_crownlands_alpha
901,1276,3,5,15,Bridge,,2,9412,1498553686271999927,poiNode__bridge_5hex_lvl2_alpha
1457,1276,1,1,1,Ruin,,1,01,4069333285272614884,poiNode__ruin_lvl1_crownlands_alpha
562,1277,1,1,1,Ruin,,1,01,4069333285272614884,poiNode__ruin_lvl1_crownlands_alpha
925,1277,1,1,1,Ruin,,1,01,4069333285272614884,poiNode__ruin_lvl1_crownlands_alpha
682,1278,1,1,1,Ruin,,1,01,4069333285272614884,poiNode__ruin_lvl1_crownlands_alpha
875,1278,1,1,1,Ruin,,1,01,4069333285272614884,poiNode__ruin_lvl1_crownlands_alpha
891,1278,1,1,1,Ruin,,1,01,4069333285272614884,poiNode__ruin_lvl1_crownlands_alpha
1739,1278,1,1,1,Ruin,,1,01,4069333285272614884,poiNode__ruin_lvl1_crownlands_alpha
584,1279,1,1,1,Ruin,,1,01,4069333285272614884,poiNode__ruin_lvl1_crownlands_alpha
830,1279,1,1,1,Ruin,,1,01,4069333285272614884,poiNode__ruin_lvl1_crownlands_alpha
1443,1279,1,2,2,Crossing,,4,03,10638324116765093946,poiNode__crossing_lvl4_alpha
454,1280,1,1,1,Ruin,,1,01,4069333285272614884,poiNode__ruin_lvl1_crownlands_alpha
768,1280,1,1,1,Ruin,,1,01,4069333285272614884,poiNode__ruin_lvl1_crownlands_alpha
793,1280,2,2,4,Tunnel,,2,06,1315898000168475582,poiNode__tunnel_lvl2_crownlands_alpha
1149,1280,1,1,1,Ruin,,1,01,14369028728984258867,poiNode__ruin_lvl1_riverlands_alpha
1637,1280,1,1,1,Ruin,,1,01,4069333285272614884,poiNode__ruin_lvl1_crownlands_alpha
1910,1280,1,1,1,Ruin,,1,01,4069333285272614884,poiNode__ruin_lvl1_crownlands_alpha
1934,1280,1,2,2,Crossing,,4,03,10638324116765093946,poiNode__crossing_lvl4_alpha
784,1281,2,2,4,Tunnel,,2,,1315898000168475582,poiNode__tunnel_lvl2_crownlands_alpha
838,1281,1,1,1,Ruin,,1,01,4069333285272614884,poiNode__ruin_lvl1_crownlands_alpha
1491,1281,1,1,1,Ruin,,1,01,4069333285272614884,poiNode__ruin_lvl1_crownlands_alpha
1528,1281,1,1,1,Ruin,,1,01,4069333285272614884,poiNode__ruin_lvl1_crownlands_alpha
1903,1281,2,2,4,Harbor/Dock,,4,,13793456963043168003,poiNode__harbor_lvl4_alpha
468,1282,1,1,1,Ruin,,1,01,4069333285272614884,poiNode__ruin_lvl1_crownlands_alpha
550,1282,2,2,4,Tunnel,,2,06,1315898000168475582,poiNode__tunnel_lvl2_crownlands_alpha
711,1282,2,2,4,Settlement (Town),,2,0b,6299085069917208579,poiNode__town_lvl2_stone_crownlands_alpha
751,1282,2,2,4,Tunnel,,2,06,1315898000168475582,poiNode__tunnel_lvl2_crownlands_alpha
1229,1282,1,1,1,Ruin,,1,01,14369028728984258867,poiNode__ruin_lvl1_riverlands_alpha
1390,1282,1,1,1,Ruin,,1,01,14369028728984258867,poiNode__ruin_lvl1_riverlands_alpha
1586,1282,1,1,1,Ruin,,1,01,4069333285272614884,poiNode__ruin_lvl1_crownlands_alpha
486,1283,1,1,1,Ruin,,1,01,4069333285272614884,poiNode__ruin_lvl1_crownlands_alpha
1439,1283,2,2,4,Crossing,,4,06,10638324116765093946,poiNode__crossing_lvl4_alpha
1558,1283,1,1,1,Ruin,,1,01,4069333285272614884,poiNode__ruin_lvl1_crownlands_alpha
602,1284,1,1,1,Ruin,,1,01,4069333285272614884,poiNode__ruin_lvl1_crownlands_alpha
635,1284,1,1,1,Ruin,,1,01,4069333285272614884,poiNode__ruin_lvl1_crownlands_alpha
650,1284,1,1,1,Ruin,,1,01,4069333285272614884,poiNode__ruin_lvl1_crownlands_alpha
665,1284,1,1,1,Ruin,,1,01,4069333285272614884,poiNode__ruin_lvl1_crownlands_alpha
811,1284,3,2,6,Dragon Sanctum,,1,1e,10375726052514243646,poiNode__dragonsanctum_lv01_crownlands_alpha
1012,1284,1,1,1,Ruin,,1,01,14369028728984258867,poiNode__ruin_lvl1_riverlands_alpha
1925,1284,1,1,1,Ruin,,1,01,4069333285272614884,poiNode__ruin_lvl1_crownlands_alpha
694,1285,1,1,1,Ruin,,1,01,4069333285272614884,poiNode__ruin_lvl1_crownlands_alpha
747,1285,2,2,4,Tunnel,,2,,1315898000168475582,poiNode__tunnel_lvl2_crownlands_alpha
775,1285,1,1,1,Ruin,,1,01,4069333285272614884,poiNode__ruin_lvl1_crownlands_alpha
1092,1285,1,1,1,Ruin,,1,01,14369028728984258867,poiNode__ruin_lvl1_riverlands_alpha
1258,1285,1,1,1,Ruin,,1,01,14369028728984258867,poiNode__ruin_lvl1_riverlands_alpha
1481,1285,1,1,1,Ruin,,1,01,4069333285272614884,poiNode__ruin_lvl1_crownlands_alpha
1626,1285,3,3,9,Castle,,2,b700,2677169842261652633,poiNode__castle_lvl2_crownlands_alpha
511,1286,1,1,1,Ruin,,1,01,4069333285272614884,poiNode__ruin_lvl1_crownlands_alpha
616,1286,3,4,12,Bridge,,4,9402,12175700799009506677,poiNode__bridge_4hex_lvl4_alpha
805,1286,1,1,1,Ruin,,1,01,4069333285272614884,poiNode__ruin_lvl1_crownlands_alpha
903,1286,1,1,1,Ruin,,1,01,4069333285272614884,poiNode__ruin_lvl1_crownlands_alpha
591,1287,1,1,1,Ruin,,1,01,4069333285272614884,poiNode__ruin_lvl1_crownlands_alpha
703,1287,1,1,1,Ruin,,1,01,4069333285272614884,poiNode__ruin_lvl1_crownlands_alpha
740,1287,1,1,1,Ruin,,1,01,4069333285272614884,poiNode__ruin_lvl1_crownlands_alpha
796,1287,1,1,1,Ruin,,1,01,4069333285272614884,poiNode__ruin_lvl1_crownlands_alpha
1196,1287,2,2,4,Dragon Sanctum,,3,0f,2315435866486640623,poiNode__dragonsanctum_lv03_riverlands_alpha
1241,1287,1,1,1,Ruin,,1,01,14369028728984258867,poiNode__ruin_lvl1_riverlands_alpha
1917,1287,1,1,1,Ruin,,1,01,4069333285272614884,poiNode__ruin_lvl1_crownlands_alpha
1932,1287,1,1,1,Ruin,,1,01,4069333285272614884,poiNode__ruin_lvl1_crownlands_alpha
523,1288,3,3,9,Castle,,2,9f00,2677169842261652633,poiNode__castle_lvl2_crownlands_alpha
720,1288,1,1,1,Ruin,,1,01,4069333285272614884,poiNode__ruin_lvl1_crownlands_alpha
1103,1288,1,1,1,Ruin,,1,01,14369028728984258867,poiNode__ruin_lvl1_riverlands_alpha
1507,1288,1,1,1,Ruin,,1,01,4069333285272614884,poiNode__ruin_lvl1_crownlands_alpha
1541,1288,1,1,1,Ruin,,1,01,4069333285272614884,poiNode__ruin_lvl1_crownlands_alpha
1708,1288,1,1,1,Ruin,,1,01,4069333285272614884,poiNode__ruin_lvl1_crownlands_alpha
1849,1288,1,1,1,Ruin,,1,01,4069333285272614884,poiNode__ruin_lvl1_crownlands_alpha
820,1289,1,1,1,Ruin,,1,01,4069333285272614884,poiNode__ruin_lvl1_crownlands_alpha
1115,1289,3,3,9,Castle,,3,b700,17460725333026308301,poiNode__castle_lvl3_riverlands_alpha
581,1290,2,2,4,Tunnel,,2,06,1315898000168475582,poiNode__tunnel_lvl2_crownlands_alpha
831,1290,4,3,12,Seat of Power,Hornvale,,f707,12863324841186330445,poiNode__sop_Hornvale_alpha
844,1290,1,1,1,Ruin,,1,01,4069333285272614884,poiNode__ruin_lvl1_crownlands_alpha
1408,1290,1,1,1,Ruin,,1,01,14369028728984258867,poiNode__ruin_lvl1_riverlands_alpha
1433,1290,1,1,1,Ruin,,1,01,14369028728984258867,poiNode__ruin_lvl1_riverlands_alpha
1635,1290,1,1,1,Ruin,,1,01,4069333285272614884,poiNode__ruin_lvl1_crownlands_alpha
549,1291,2,1,2,Tunnel,,2,03,1315898000168475582,poiNode__tunnel_lvl2_crownlands_alpha
670,1291,1,1,1,Ruin,,1,01,4069333285272614884,poiNode__ruin_lvl1_crownlands_alpha
993,1291,1,1,1,Ruin,,1,01,14369028728984258867,poiNode__ruin_lvl1_riverlands_alpha
1019,1291,1,1,1,Ruin,,1,01,14369028728984258867,poiNode__ruin_lvl1_riverlands_alpha
1035,1291,1,1,1,Ruin,,1,01,14369028728984258867,poiNode__ruin_lvl1_riverlands_alpha
1824,1291,1,1,1,Ruin,,1,01,4069333285272614884,poiNode__ruin_lvl1_crownlands_alpha
813,1292,1,1,1,Ruin,,1,01,4069333285272614884,poiNode__ruin_lvl1_crownlands_alpha
943,1292,2,2,4,Crossing,,2,06,17576595532914463501,poiNode__crossing_lvl2_alpha
601,1293,2,2,4,Settlement (Town),,2,07,6299085069917208579,poiNode__town_lvl2_stone_crownlands_alpha
1080,1293,1,1,1,Ruin,,1,01,14369028728984258867,poiNode__ruin_lvl1_riverlands_alpha
1523,1293,1,1,1,Ruin,,1,01,4069333285272614884,poiNode__ruin_lvl1_crownlands_alpha
1680,1293,1,1,1,Ruin,,1,01,4069333285272614884,poiNode__ruin_lvl1_crownlands_alpha
613,1294,1,1,1,Ruin,,1,01,4069333285272614884,poiNode__ruin_lvl1_crownlands_alpha
1802,1294,1,1,1,Ruin,,1,01,4069333285272614884,poiNode__ruin_lvl1_crownlands_alpha
554,1295,1,1,1,Ruin,,1,01,4069333285272614884,poiNode__ruin_lvl1_crownlands_alpha
656,1295,1,1,1,Ruin,,1,01,4069333285272614884,poiNode__ruin_lvl1_crownlands_alpha
762,1295,2,2,4,Settlement (Town),,2,07,6299085069917208579,poiNode__town_lvl2_stone_crownlands_alpha
780,1295,1,1,1,Ruin,,1,01,4069333285272614884,poiNode__ruin_lvl1_crownlands_alpha
805,1295,1,1,1,Ruin,,1,01,4069333285272614884,poiNode__ruin_lvl1_crownlands_alpha
938,1295,2,2,4,Crossing,,2,06,17576595532914463501,poiNode__crossing_lvl2_alpha
1577,1295,1,1,1,Ruin,,1,01,4069333285272614884,poiNode__ruin_lvl1_crownlands_alpha
1591,1295,2,4,8,Bridge,,4,a5,12175700799009506677,poiNode__bridge_4hex_lvl4_alpha
591,1296,1,1,1,Ruin,,1,01,4069333285272614884,poiNode__ruin_lvl1_crownlands_alpha
747,1296,1,1,1,Ruin,,1,01,4069333285272614884,poiNode__ruin_lvl1_crownlands_alpha
956,1296,1,1,1,Ruin,,1,01,14369028728984258867,poiNode__ruin_lvl1_riverlands_alpha
1558,1296,1,1,1,Ruin,,1,01,4069333285272614884,poiNode__ruin_lvl1_crownlands_alpha
1608,1296,1,1,1,Ruin,,1,01,4069333285272614884,poiNode__ruin_lvl1_crownlands_alpha
1762,1296,1,1,1,Ruin,,1,01,4069333285272614884,poiNode__ruin_lvl1_crownlands_alpha
1783,1296,2,2,4,Settlement (Town),,2,0b,934088675522857109,poiNode__town_lvl2_iron_crownlands_alpha
492,1297,1,1,1,Ruin,,1,01,4069333285272614884,poiNode__ruin_lvl1_crownlands_alpha
838,1297,1,1,1,Ruin,,1,01,4069333285272614884,poiNode__ruin_lvl1_crownlands_alpha
1209,1297,1,1,1,Ruin,,1,01,14369028728984258867,poiNode__ruin_lvl1_riverlands_alpha
578,1298,1,2,2,Tunnel,,2,03,1315898000168475582,poiNode__tunnel_lvl2_crownlands_alpha
931,1298,1,1,1,Ruin,,1,01,4069333285272614884,poiNode__ruin_lvl1_crownlands_alpha
1772,1298,1,1,1,Ruin,,1,01,4069333285272614884,poiNode__ruin_lvl1_crownlands_alpha
699,1299,1,1,1,Ruin,,1,01,4069333285272614884,poiNode__ruin_lvl1_crownlands_alpha
1541,1299,2,2,4,Settlement (Town),,4,07,17104931419891608306,poiNode__town_lvl4_wood_crownlands_alpha
1744,1299,1,1,1,Ruin,,1,01,4069333285272614884,poiNode__ruin_lvl1_crownlands_alpha
680,1300,4,3,12,Seat of Power,Sarsfield,,f707,9843076172773842214,poiNode__sop_Sarsfield_alpha
758,1300,1,1,1,Ruin,,1,01,4069333285272614884,poiNode__ruin_lvl1_crownlands_alpha
1145,1300,2,2,4,Settlement (Town),,3,0b,9600398802142562228,poiNode__town_lvl3_food_riverlands_alpha
1891,1300,2,2,4,Harbor/Dock,,4,,13793456963043168003,poiNode__harbor_lvl4_alpha
508,1301,2,2,4,Settlement (Town),,2,07,13347178834781780590,poiNode__town_lvl2_wood_crownlands_alpha
569,1301,2,2,4,Settlement (Town),,2,07,934088675522857109,poiNode__town_lvl2_iron_crownlands_alpha
637,1301,1,1,1,Ruin,,1,01,4069333285272614884,poiNode__ruin_lvl1_crownlands_alpha
689,1301,1,1,1,Ruin,,1,01,4069333285272614884,poiNode__ruin_lvl1_crownlands_alpha
718,1301,1,1,1,Ruin,,1,01,4069333285272614884,poiNode__ruin_lvl1_crownlands_alpha
650,1302,2,2,4,Settlement (Town),,2,0b,13347178834781780590,poiNode__town_lvl2_wood_crownlands_alpha
910,1302,1,1,1,Ruin,,1,01,14369028728984258867,poiNode__ruin_lvl1_riverlands_alpha
986,1302,2,2,4,Settlement (Town),,3,0b,9600398802142562228,poiNode__town_lvl3_food_riverlands_alpha
1534,1302,1,1,1,Ruin,,1,01,4069333285272614884,poiNode__ruin_lvl1_crownlands_alpha
816,1303,1,1,1,Ruin,,1,01,4069333285272614884,poiNode__ruin_lvl1_crownlands_alpha
888,1303,2,2,4,Settlement (Town),,2,07,6299085069917208579,poiNode__town_lvl2_stone_crownlands_alpha
1446,1303,2,2,4,Settlement (Town),,4,07,8598154936655108511,poiNode__town_lvl4_stone_riverlands_alpha
1860,1303,1,1,1,Ruin,,1,01,4069333285272614884,poiNode__ruin_lvl1_crownlands_alpha
868,1304,1,1,1,Ruin,,1,01,4069333285272614884,poiNode__ruin_lvl1_crownlands_alpha
900,1304,1,1,1,Ruin,,1,01,4069333285272614884,poiNode__ruin_lvl1_crownlands_alpha
925,1304,3,5,15,Bridge,,4,9412,8396285631970188416,poiNode__bridge_5hex_lvl4_alpha
941,1304,1,1,1,Ruin,,1,01,4069333285272614884,poiNode__ruin_lvl1_crownlands_alpha
1104,1304,2,2,4,Settlement (Town),,3,0b,16862126753176915576,poiNode__town_lvl3_iron_riverlands_alpha
1499,1304,3,5,15,Bridge,,4,9412,8396285631970188416,poiNode__bridge_5hex_lvl4_alpha
532,1305,1,1,1,Ruin,,1,01,4069333285272614884,poiNode__ruin_lvl1_crownlands_alpha
598,1305,1,1,1,Ruin,,1,01,4069333285272614884,poiNode__ruin_lvl1_crownlands_alpha
661,1305,1,1,1,Ruin,,1,01,4069333285272614884,poiNode__ruin_lvl1_crownlands_alpha
768,1305,1,1,1,Ruin,,1,01,4069333285272614884,poiNode__ruin_lvl1_crownlands_alpha
1477,1305,1,1,1,Ruin,,1,01,14369028728984258867,poiNode__ruin_lvl1_riverlands_alpha
1552,1305,2,2,4,Crossing,,4,,10638324116765093946,poiNode__crossing_lvl4_alpha
1608,1305,1,1,1,Ruin,,1,01,4069333285272614884,poiNode__ruin_lvl1_crownlands_alpha
1715,1305,2,4,8,Bridge,,2,a5,14462941546211862082,poiNode__bridge_4hex_lvl2_alpha
590,1306,3,2,6,Dragon Sanctum,,1,1e,10375726052514243646,poiNode__dragonsanctum_lv01_crownlands_alpha
756,1306,1,1,1,Ruin,,1,01,4069333285272614884,poiNode__ruin_lvl1_crownlands_alpha
784,1306,2,2,4,Tunnel,,2,06,1315898000168475582,poiNode__tunnel_lvl2_crownlands_alpha
1113,1306,1,1,1,Ruin,,1,01,14369028728984258867,poiNode__ruin_lvl1_riverlands_alpha
1174,1306,1,1,1,Ruin,,1,01,14369028728984258867,poiNode__ruin_lvl1_riverlands_alpha
1680,1306,1,1,1,Ruin,,1,01,4069333285272614884,poiNode__ruin_lvl1_crownlands_alpha
1812,1306,3,3,9,Castle,,2,9f00,2677169842261652633,poiNode__castle_lvl2_crownlands_alpha
505,1307,1,1,1,Ruin,,1,01,4069333285272614884,poiNode__ruin_lvl1_crownlands_alpha
627,1307,1,2,2,Tunnel,,2,03,1315898000168475582,poiNode__tunnel_lvl2_crownlands_alpha
835,1307,1,1,1,Ruin,,1,01,4069333285272614884,poiNode__ruin_lvl1_crownlands_alpha
975,1307,1,1,1,Ruin,,1,01,14369028728984258867,poiNode__ruin_lvl1_riverlands_alpha
1889,1307,1,1,1,Ruin,,1,01,4069333285272614884,poiNode__ruin_lvl1_crownlands_alpha
853,1308,2,2,4,Settlement (Town),,2,0b,13347178834781780590,poiNode__town_lvl2_wood_crownlands_alpha
893,1308,1,1,1,Ruin,,1,01,4069333285272614884,poiNode__ruin_lvl1_crownlands_alpha
996,1308,3,3,9,Castle,,3,9f00,17460725333026308301,poiNode__castle_lvl3_riverlands_alpha
808,1309,1,1,1,Ruin,,1,01,4069333285272614884,poiNode__ruin_lvl1_crownlands_alpha
646,1310,3,3,9,Castle,,2,9f00,2677169842261652633,poiNode__castle_lvl2_crownlands_alpha
671,1310,1,1,1,Ruin,,1,01,4069333285272614884,poiNode__ruin_lvl1_crownlands_alpha
1126,1310,3,2,6,Dragon Sanctum,,3,1e,2315435866486640623,poiNode__dragonsanctum_lv03_riverlands_alpha
1880,1310,2,2,4,Settlement (Town),,2,0b,6299085069917208579,poiNode__town_lvl2_stone_crownlands_alpha
557,1311,1,1,1,Ruin,,1,01,4069333285272614884,poiNode__ruin_lvl1_crownlands_alpha
566,1311,3,3,9,Castle,,2,b700,2677169842261652633,poiNode__castle_lvl2_crownlands_alpha
606,1311,1,1,1,Ruin,,1,01,4069333285272614884,poiNode__ruin_lvl1_crownlands_alpha
824,1311,1,1,1,Ruin,,1,01,4069333285272614884,poiNode__ruin_lvl1_crownlands_alpha
1088,1311,1,1,1,Ruin,,1,01,14369028728984258867,poiNode__ruin_lvl1_riverlands_alpha
1557,1311,1,2,2,Crossing,,4,03,10638324116765093946,poiNode__crossing_lvl4_alpha
1623,1311,1,1,1,Ruin,,1,01,4069333285272614884,poiNode__ruin_lvl1_crownlands_alpha
496,1312,2,2,4,Harbor/Dock,,2,0e,16078488310347410484,poiNode__harbor_lvl2_alpha
573,1312,1,1,1,Ruin,,1,01,4069333285272614884,poiNode__ruin_lvl1_crownlands_alpha
684,1312,1,1,1,Ruin,,1,01,4069333285272614884,poiNode__ruin_lvl1_crownlands_alpha
699,1312,1,1,1,Ruin,,1,01,4069333285272614884,poiNode__ruin_lvl1_crownlands_alpha
816,1312,3,3,9,Castle,,2,9f00,2677169842261652633,poiNode__castle_lvl2_crownlands_alpha
967,1312,3,2,6,Dragon Sanctum,,1,1e,8137403851956624105,poiNode__dragonsanctum_lv01_riverlands_alpha
1120,1312,1,1,1,Ruin,,1,01,14369028728984258867,poiNode__ruin_lvl1_riverlands_alpha
1747,1312,1,1,1,Ruin,,1,01,4069333285272614884,poiNode__ruin_lvl1_crownlands_alpha
862,1313,2,2,4,Dragon Sanctum,,4,0f,433908501532394673,poiNode__dragonsanctum_lv04_crownlands_alpha
878,1313,1,1,1,Ruin,,1,01,4069333285272614884,poiNode__ruin_lvl1_crownlands_alpha
920,1313,1,1,1,Ruin,,1,01,14369028728984258867,poiNode__ruin_lvl1_riverlands_alpha
1078,1313,2,2,4,Settlement (Town),,3,07,6903585217894579331,poiNode__town_lvl3_wood_riverlands_alpha
1551,1313,2,2,4,Crossing,,4,06,10638324116765093946,poiNode__crossing_lvl4_alpha
1759,1313,2,2,4,Settlement (Town),,2,07,7192166805953233241,poiNode__town_lvl2_food_crownlands_alpha
661,1314,1,1,1,Ruin,,1,01,4069333285272614884,poiNode__ruin_lvl1_crownlands_alpha
525,1315,1,1,1,Ruin,,1,01,4069333285272614884,poiNode__ruin_lvl1_crownlands_alpha
598,1315,1,1,1,Ruin,,1,01,4069333285272614884,poiNode__ruin_lvl1_crownlands_alpha
627,1316,2,1,2,Tunnel,,2,03,1315898000168475582,poiNode__tunnel_lvl2_crownlands_alpha
1405,1316,1,1,1,Ruin,,1,01,14369028728984258867,poiNode__ruin_lvl1_riverlands_alpha
1773,1316,1,1,1,Ruin,,1,01,4069333285272614884,poiNode__ruin_lvl1_crownlands_alpha
726,1317,2,2,4,Crossing,,2,,17576595532914463501,poiNode__crossing_lvl2_alpha
1032,1317,1,1,1,Ruin,,1,01,14369028728984258867,poiNode__ruin_lvl1_riverlands_alpha
1145,1317,1,1,1,Ruin,,1,01,14369028728984258867,poiNode__ruin_lvl1_riverlands_alpha
1715,1317,2,2,4,Settlement (Town),,2,07,7192166805953233241,poiNode__town_lvl2_food_crownlands_alpha
580,1318,1,1,1,Ruin,,1,01,4069333285272614884,poiNode__ruin_lvl1_crownlands_alpha
782,1318,1,2,2,Tunnel,,2,03,1315898000168475582,poiNode__tunnel_lvl2_crownlands_alpha
831,1318,1,1,1,Ruin,,1,01,4069333285272614884,poiNode__ruin_lvl1_crownlands_alpha
1005,1318,1,1,1,Ruin,,1,01,14369028728984258867,poiNode__ruin_lvl1_riverlands_alpha
1111,1318,1,1,1,Ruin,,1,01,14369028728984258867,poiNode__ruin_lvl1_riverlands_alpha
1635,1318,1,1,1,Ruin,,1,01,4069333285272614884,poiNode__ruin_lvl1_crownlands_alpha
1672,1318,1,1,1,Ruin,,1,01,4069333285272614884,poiNode__ruin_lvl1_crownlands_alpha
867,1319,1,1,1,Ruin,,1,01,4069333285272614884,poiNode__ruin_lvl1_crownlands_alpha
953,1319,1,1,1,Ruin,,1,01,14369028728984258867,poiNode__ruin_lvl1_riverlands_alpha
1022,1319,2,2,4,Settlement (Town),,3,07,6903585217894579331,poiNode__town_lvl3_wood_riverlands_alpha
1176,1319,1,1,1,Ruin,,1,01,14369028728984258867,poiNode__ruin_lvl1_riverlands_alpha
1583,1319,1,1,1,Ruin,,1,01,4069333285272614884,poiNode__ruin_lvl1_crownlands_alpha
1889,1319,1,1,1,Ruin,,1,01,4069333285272614884,poiNode__ruin_lvl1_crownlands_alpha
562,1320,1,1,1,Ruin,,1,01,4069333285272614884,poiNode__ruin_lvl1_crownlands_alpha
633,1320,2,2,4,Settlement (Town),,2,0b,934088675522857109,poiNode__town_lvl2_iron_crownlands_alpha
713,1320,1,1,1,Ruin,,1,01,4069333285272614884,poiNode__ruin_lvl1_crownlands_alpha
764,1320,1,1,1,Ruin,,1,01,4069333285272614884,poiNode__ruin_lvl1_crownlands_alpha
780,1320,1,1,1,Ruin,,1,01,4069333285272614884,poiNode__ruin_lvl1_crownlands_alpha
889,1320,1,1,1,Ruin,,1,01,4069333285272614884,poiNode__ruin_lvl1_crownlands_alpha
1815,1320,2,2,4,Settlement (Town),,2,0b,934088675522857109,poiNode__town_lvl2_iron_crownlands_alpha
664,1321,2,2,4,Dragon Sanctum,,1,0f,10375726052514243646,poiNode__dragonsanctum_lv01_crownlands_alpha
851,1321,1,1,1,Ruin,,1,01,4069333285272614884,poiNode__ruin_lvl1_crownlands_alpha
909,1321,1,1,1,Ruin,,1,01,14369028728984258867,poiNode__ruin_lvl1_riverlands_alpha
1539,1322,1,1,1,Ruin,,1,01,14369028728984258867,poiNode__ruin_lvl1_riverlands_alpha
836,1323,2,2,4,Settlement (Town),,2,07,13347178834781780590,poiNode__town_lvl2_wood_crownlands_alpha
979,1323,1,1,1,Ruin,,1,01,14369028728984258867,poiNode__ruin_lvl1_riverlands_alpha
1078,1323,1,1,1,Ruin,,1,01,14369028728984258867,poiNode__ruin_lvl1_riverlands_alpha
1756,1323,1,1,1,Ruin,,1,01,4069333285272614884,poiNode__ruin_lvl1_crownlands_alpha
707,1324,2,2,4,Settlement (Town),,2,0b,7192166805953233241,poiNode__town_lvl2_food_crownlands_alpha
738,1324,1,1,1,Ruin,,1,01,4069333285272614884,poiNode__ruin_lvl1_crownlands_alpha
947,1324,1,1,1,Ruin,,1,01,14369028728984258867,poiNode__ruin_lvl1_riverlands_alpha
1163,1324,1,1,1,Ruin,,1,01,14369028728984258867,poiNode__ruin_lvl1_riverlands_alpha
528,1325,2,2,4,Harbor/Dock,,2,0b,16078488310347410484,poiNode__harbor_lvl2_alpha
996,1325,1,1,1,Ruin,,1,01,14369028728984258867,poiNode__ruin_lvl1_riverlands_alpha
1702,1325,2,2,4,Dragon Sanctum,,4,0f,433908501532394673,poiNode__dragonsanctum_lv04_crownlands_alpha
682,1326,1,1,1,Ruin,,1,01,4069333285272614884,poiNode__ruin_lvl1_crownlands_alpha
733,1326,2,2,4,Crossing,,2,,17576595532914463501,poiNode__crossing_lvl2_alpha
932,1326,1,1,1,Ruin,,1,01,14369028728984258867,poiNode__ruin_lvl1_riverlands_alpha
973,1326,2,2,4,Crossing,,4,06,10638324116765093946,poiNode__crossing_lvl4_alpha
487,1327,2,2,4,Harbor/Dock,,2,07,16078488310347410484,poiNode__harbor_lvl2_alpha
636,1327,1,1,1,Ruin,,1,01,4069333285272614884,poiNode__ruin_lvl1_crownlands_alpha
691,1327,3,3,9,Castle,,2,b700,2677169842261652633,poiNode__castle_lvl2_crownlands_alpha
814,1327,1,2,2,Tunnel,,2,03,1315898000168475582,poiNode__tunnel_lvl2_crownlands_alpha
863,1327,3,3,9,Castle,,2,b700,2677169842261652633,poiNode__castle_lvl2_crownlands_alpha
1126,1327,2,2,4,Dragon Sanctum,,1,0f,8137403851956624105,poiNode__dragonsanctum_lv01_riverlands_alpha
1594,1327,1,1,1,Ruin,,1,01,4069333285272614884,poiNode__ruin_lvl1_crownlands_alpha
746,1328,3,3,9,Castle,,2,9f00,2677169842261652633,poiNode__castle_lvl2_crownlands_alpha
1393,1328,1,1,1,Ruin,,1,01,14369028728984258867,poiNode__ruin_lvl1_riverlands_alpha
1663,1328,1,1,1,Ruin,,1,01,4069333285272614884,poiNode__ruin_lvl1_crownlands_alpha
1714,1328,1,1,1,Ruin,,1,01,4069333285272614884,poiNode__ruin_lvl1_crownlands_alpha
1869,1328,1,1,1,Ruin,,1,01,4069333285272614884,poiNode__ruin_lvl1_crownlands_alpha
578,1329,2,2,4,Settlement (Town),,2,07,7192166805953233241,poiNode__town_lvl2_food_crownlands_alpha
627,1329,1,1,1,Ruin,,1,01,4069333285272614884,poiNode__ruin_lvl1_crownlands_alpha
658,1329,2,2,4,Settlement (Town),,2,07,934088675522857109,poiNode__town_lvl2_iron_crownlands_alpha
907,1329,2,2,4,Settlement (Town),,4,07,12086801801092654814,poiNode__town_lvl4_iron_riverlands_alpha
604,1330,1,1,1,Ruin,,1,01,4069333285272614884,poiNode__ruin_lvl1_crownlands_alpha
760,1330,2,2,4,Settlement (Town),,2,0b,7192166805953233241,poiNode__town_lvl2_food_crownlands_alpha
884,1330,1,1,1,Ruin,,1,01,4069333285272614884,poiNode__ruin_lvl1_crownlands_alpha
1150,1330,1,1,1,Ruin,,1,01,14369028728984258867,poiNode__ruin_lvl1_riverlands_alpha
1471,1330,1,1,1,Ruin,,1,01,14369028728984258867,poiNode__ruin_lvl1_riverlands_alpha
987,1331,1,1,1,Ruin,,1,01,14369028728984258867,poiNode__ruin_lvl1_riverlands_alpha
1540,1331,3,3,9,Castle,,4,b700,3127550512059774276,poiNode__castle_lvl4_riverlands_alpha
1630,1331,1,1,1,Ruin,,1,01,4069333285272614884,poiNode__ruin_lvl1_crownlands_alpha
710,1332,1,1,1,Ruin,,1,01,4069333285272614884,poiNode__ruin_lvl1_crownlands_alpha
781,1332,1,1,1,Ruin,,1,01,4069333285272614884,poiNode__ruin_lvl1_crownlands_alpha
873,1332,2,2,4,Settlement (Town),,2,0b,934088675522857109,poiNode__town_lvl2_iron_crownlands_alpha
970,1332,1,2,2,Crossing,,4,03,10638324116765093946,poiNode__crossing_lvl4_alpha
484,1333,1,1,1,Ruin,,1,01,4069333285272614884,poiNode__ruin_lvl1_crownlands_alpha
562,1333,1,1,1,Ruin,,1,01,4069333285272614884,poiNode__ruin_lvl1_crownlands_alpha
720,1333,1,1,1,Ruin,,1,01,4069333285272614884,poiNode__ruin_lvl1_crownlands_alpha
1106,1333,1,1,1,Ruin,,1,01,14369028728984258867,poiNode__ruin_lvl1_riverlands_alpha
1446,1333,1,1,1,Ruin,,1,01,14369028728984258867,poiNode__ruin_lvl1_riverlands_alpha
1497,1333,1,1,1,Ruin,,1,01,14369028728984258867,poiNode__ruin_lvl1_riverlands_alpha
668,1334,1,1,1,Ruin,,1,01,4069333285272614884,poiNode__ruin_lvl1_crownlands_alpha
753,1334,1,1,1,Ruin,,1,01,4069333285272614884,poiNode__ruin_lvl1_crownlands_alpha
809,1334,1,2,2,Tunnel,,2,03,1315898000168475582,poiNode__tunnel_lvl2_crownlands_alpha
1032,1334,1,1,1,Ruin,,1,01,14369028728984258867,poiNode__ruin_lvl1_riverlands_alpha
1077,1334,1,1,1,Ruin,,1,01,14369028728984258867,poiNode__ruin_lvl1_riverlands_alpha
1209,1334,1,1,1,Ruin,,1,01,14369028728984258867,poiNode__ruin_lvl1_riverlands_alpha
1416,1334,1,1,1,Ruin,,1,01,14369028728984258867,poiNode__ruin_lvl1_riverlands_alpha
1833,1334,1,1,1,Ruin,,1,01,4069333285272614884,poiNode__ruin_lvl1_crownlands_alpha
571,1335,1,1,1,Ruin,,1,01,4069333285272614884,poiNode__ruin_lvl1_crownlands_alpha
956,1335,1,1,1,Ruin,,1,01,14369028728984258867,poiNode__ruin_lvl1_riverlands_alpha
1049,1335,2,2,4,Settlement (Town),,3,07,6903585217894579331,poiNode__town_lvl3_wood_riverlands_alpha
1491,1335,2,2,4,Settlement (Town),,4,07,1328785020288701477,poiNode__town_lvl4_wood_riverlands_alpha
1567,1335,1,1,1,Ruin,,1,01,14369028728984258867,poiNode__ruin_lvl1_riverlands_alpha
646,1336,1,1,1,Ruin,,1,01,4069333285272614884,poiNode__ruin_lvl1_crownlands_alpha
743,1336,1,1,1,Ruin,,1,01,4069333285272614884,poiNode__ruin_lvl1_crownlands_alpha
853,1336,1,1,1,Ruin,,1,01,4069333285272614884,poiNode__ruin_lvl1_crownlands_alpha
916,1336,1,1,1,Ruin,,1,01,14369028728984258867,poiNode__ruin_lvl1_riverlands_alpha
1188,1336,1,1,1,Ruin,,1,01,14369028728984258867,poiNode__ruin_lvl1_riverlands_alpha
1403,1336,2,2,4,Settlement (Town),,4,0b,14449178292820799250,poiNode__town_lvl4_food_riverlands_alpha
1607,1336,2,3,6,Bridge,,4,1a,4198651864922757571,poiNode__bridge_3hex_lvl4_alpha
1867,1336,3,3,9,Castle,,2,9f00,2677169842261652633,poiNode__castle_lvl2_crownlands_alpha
586,1337,1,1,1,Ruin,,1,01,4069333285272614884,poiNode__ruin_lvl1_crownlands_alpha
677,1337,2,2,4,Settlement (Town),,2,07,13347178834781780590,poiNode__town_lvl2_wood_crownlands_alpha
765,1337,2,2,4,Dragon Sanctum,,1,0f,10375726052514243646,poiNode__dragonsanctum_lv01_crownlands_alpha
869,1337,1,1,1,Ruin,,1,01,4069333285272614884,poiNode__ruin_lvl1_crownlands_alpha
1644,1337,1,1,1,Ruin,,1,01,4069333285272614884,poiNode__ruin_lvl1_crownlands_alpha
1801,1337,2,2,4,Settlement (Town),,2,07,934088675522857109,poiNode__town_lvl2_iron_crownlands_alpha
688,1339,1,1,1,Ruin,,1,01,4069333285272614884,poiNode__ruin_lvl1_crownlands_alpha
882,1339,1,1,1,Ruin,,1,01,4069333285272614884,poiNode__ruin_lvl1_crownlands_alpha
892,1339,3,3,9,Castle,,4,b700,15309825242278153107,poiNode__castle_lvl4_crownlands_alpha
928,1339,1,1,1,Ruin,,1,01,14369028728984258867,poiNode__ruin_lvl1_riverlands_alpha
1166,1339,1,1,1,Ruin,,1,01,14369028728984258867,poiNode__ruin_lvl1_riverlands_alpha
718,1340,1,1,1,Ruin,,1,01,4069333285272614884,poiNode__ruin_lvl1_crownlands_alpha
858,1340,2,2,4,Tunnel,,2,06,1315898000168475582,poiNode__tunnel_lvl2_crownlands_alpha
1043,1340,1,1,1,Ruin,,1,01,14369028728984258867,poiNode__ruin_lvl1_riverlands_alpha
1066,1340,1,1,1,Ruin,,1,01,14369028728984258867,poiNode__ruin_lvl1_riverlands_alpha
1856,1340,1,1,1,Ruin,,1,01,4069333285272614884,poiNode__ruin_lvl1_crownlands_alpha
670,1341,3,5,15,Bridge,,2,a414,1498553686271999927,poiNode__bridge_5hex_lvl2_alpha
697,1341,1,1,1,Ruin,,1,01,4069333285272614884,poiNode__ruin_lvl1_crownlands_alpha
939,1342,2,2,4,Settlement (Town),,4,0b,12086801801092654814,poiNode__town_lvl4_iron_riverlands_alpha
948,1342,1,1,1,Ruin,,1,01,14369028728984258867,poiNode__ruin_lvl1_riverlands_alpha
708,1343,1,1,1,Ruin,,1,01,4069333285272614884,poiNode__ruin_lvl1_crownlands_alpha
737,1343,1,1,1,Ruin,,1,01,4069333285272614884,poiNode__ruin_lvl1_crownlands_alpha
1102,1343,1,1,1,Ruin,,1,01,14369028728984258867,poiNode__ruin_lvl1_riverlands_alpha
1837,1343,1,1,1,Ruin,,1,01,4069333285272614884,poiNode__ruin_lvl1_crownlands_alpha
519,1344,2,2,4,Harbor/Dock,,2,,16078488310347410484,poiNode__harbor_lvl2_alpha
615,1344,1,1,1,Ruin,,1,01,4069333285272614884,poiNode__ruin_lvl1_crownlands_alpha
654,1344,1,1,1,Ruin,,1,01,4069333285272614884,poiNode__ruin_lvl1_crownlands_alpha
752,1344,1,1,1,Ruin,,1,01,4069333285272614884,poiNode__ruin_lvl1_crownlands_alpha
798,1344,1,1,1,Ruin,,1,01,4069333285272614884,poiNode__ruin_lvl1_crownlands_alpha
839,1344,3,4,12,Seat of Power,Golden Tooth,,fb0d,16518697633176876520,poiNode__sop_GoldenTooth_alpha
994,1344,1,1,1,Ruin,,1,01,14369028728984258867,poiNode__ruin_lvl1_riverlands_alpha
1443,1344,1,1,1,Ruin,,1,01,14369028728984258867,poiNode__ruin_lvl1_riverlands_alpha
1760,1344,1,1,1,Ruin,,1,01,4069333285272614884,poiNode__ruin_lvl1_crownlands_alpha
1824,1344,1,1,1,Ruin,,1,01,4069333285272614884,poiNode__ruin_lvl1_crownlands_alpha
675,1345,2,2,4,Dragon Sanctum,,4,0f,433908501532394673,poiNode__dragonsanctum_lv04_crownlands_alpha
1884,1345,1,1,1,Ruin,,1,01,4069333285272614884,poiNode__ruin_lvl1_crownlands_alpha
607,1346,1,1,1,Ruin,,1,01,4069333285272614884,poiNode__ruin_lvl1_crownlands_alpha
806,1346,1,1,1,Ruin,,1,01,4069333285272614884,poiNode__ruin_lvl1_crownlands_alpha
921,1346,1,1,1,Ruin,,1,01,14369028728984258867,poiNode__ruin_lvl1_riverlands_alpha
1037,1346,3,3,9,Castle,,3,9f00,17460725333026308301,poiNode__castle_lvl3_riverlands_alpha
1728,1346,1,1,1,Ruin,,1,01,4069333285272614884,poiNode__ruin_lvl1_crownlands_alpha
1364,1347,1,1,1,Ruin,,1,01,14369028728984258867,poiNode__ruin_lvl1_riverlands_alpha
663,1348,1,1,1,Ruin,,1,01,4069333285272614884,poiNode__ruin_lvl1_crownlands_alpha
787,1348,1,1,1,Ruin,,1,01,4069333285272614884,poiNode__ruin_lvl1_crownlands_alpha
953,1348,3,3,9,Castle,,4,9f00,3127550512059774276,poiNode__castle_lvl4_riverlands_alpha
1082,1348,1,1,1,Ruin,,1,01,14369028728984258867,poiNode__ruin_lvl1_riverlands_alpha
1171,1348,5,1,5,Bridge,,4,1f,8396285631970188416,poiNode__bridge_5hex_lvl4_alpha
767,1349,1,1,1,Ruin,,1,01,4069333285272614884,poiNode__ruin_lvl1_crownlands_alpha
778,1349,2,2,4,Dragon Sanctum,,4,0f,433908501532394673,poiNode__dragonsanctum_lv04_crownlands_alpha
1485,1349,1,1,1,Ruin,,1,01,14369028728984258867,poiNode__ruin_lvl1_riverlands_alpha
826,1350,1,1,1,Ruin,,1,01,4069333285272614884,poiNode__ruin_lvl1_crownlands_alpha
854,1350,2,1,2,Tunnel,,2,03,1315898000168475582,poiNode__tunnel_lvl2_crownlands_alpha
1095,1350,1,1,1,Ruin,,1,01,14369028728984258867,poiNode__ruin_lvl1_riverlands_alpha
1546,1350,1,1,1,Ruin,,1,01,14369028728984258867,poiNode__ruin_lvl1_riverlands_alpha
1739,1350,3,3,9,Castle,,2,9f00,2677169842261652633,poiNode__castle_lvl2_crownlands_alpha
1748,1350,1,1,1,Ruin,,1,01,4069333285272614884,poiNode__ruin_lvl1_crownlands_alpha
880,1351,1,2,2,Tunnel,,4,03,16362520254717945012,poiNode__tunnel_lvl4_crownlands_alpha
943,1351,1,1,1,Ruin,,1,01,14369028728984258867,poiNode__ruin_lvl1_riverlands_alpha
1633,1351,1,1,1,Ruin,,1,01,14369028728984258867,poiNode__ruin_lvl1_riverlands_alpha
590,1352,1,1,1,Ruin,,1,01,4069333285272614884,poiNode__ruin_lvl1_crownlands_alpha
641,1352,1,1,1,Ruin,,1,01,4069333285272614884,poiNode__ruin_lvl1_crownlands_alpha
908,1352,2,2,4,Settlement (Town),,4,0b,8598154936655108511,poiNode__town_lvl4_stone_riverlands_alpha
1165,1352,1,1,1,Ruin,,1,01,14369028728984258867,poiNode__ruin_lvl1_riverlands_alpha
1590,1352,1,2,2,Crossing,,4,03,10638324116765093946,poiNode__crossing_lvl4_alpha
522,1353,1,1,1,Ruin,,1,01,4069333285272614884,poiNode__ruin_lvl1_crownlands_alpha
654,1353,2,2,4,Settlement (Town),,2,07,6299085069917208579,poiNode__town_lvl2_stone_crownlands_alpha
1855,1353,1,1,1,Ruin,,1,01,4069333285272614884,poiNode__ruin_lvl1_crownlands_alpha
723,1354,2,2,4,Settlement (Town),,2,0b,7192166805953233241,poiNode__town_lvl2_food_crownlands_alpha
837,1354,1,1,1,Ruin,,1,01,4069333285272614884,poiNode__ruin_lvl1_crownlands_alpha
971,1354,1,1,1,Ruin,,1,01,14369028728984258867,poiNode__ruin_lvl1_riverlands_alpha
1156,1354,1,1,1,Ruin,,1,01,14369028728984258867,poiNode__ruin_lvl1_riverlands_alpha
1865,1354,2,2,4,Settlement (Town),,2,0b,6299085069917208579,poiNode__town_lvl2_stone_crownlands_alpha
788,1355,3,3,9,Castle,,2,b700,2677169842261652633,poiNode__castle_lvl2_crownlands_alpha
865,1355,1,1,1,Ruin,,1,01,4069333285272614884,poiNode__ruin_lvl1_crownlands_alpha
932,1355,1,1,1,Ruin,,1,01,14369028728984258867,poiNode__ruin_lvl1_riverlands_alpha
1521,1355,1,1,1,Ruin,,1,01,14369028728984258867,poiNode__ruin_lvl1_riverlands_alpha
618,1356,2,2,4,Settlement (Town),,2,0b,7192166805953233241,poiNode__town_lvl2_food_crownlands_alpha
1533,1356,1,1,1,Ruin,,1,01,14369028728984258867,poiNode__ruin_lvl1_riverlands_alpha
1624,1356,3,2,6,Dragon Sanctum,,1,1e,8137403851956624105,poiNode__dragonsanctum_lv01_riverlands_alpha
600,1357,1,1,1,Ruin,,1,01,4069333285272614884,poiNode__ruin_lvl1_crownlands_alpha
683,1357,1,1,1,Ruin,,1,01,4069333285272614884,poiNode__ruin_lvl1_crownlands_alpha
696,1357,1,1,1,Ruin,,1,01,4069333285272614884,poiNode__ruin_lvl1_crownlands_alpha
717,1357,1,1,1,Ruin,,1,01,4069333285272614884,poiNode__ruin_lvl1_crownlands_alpha
739,1357,1,1,1,Ruin,,1,01,4069333285272614884,poiNode__ruin_lvl1_crownlands_alpha
807,1357,1,1,1,Ruin,,1,01,4069333285272614884,poiNode__ruin_lvl1_crownlands_alpha
915,1357,1,1,1,Ruin,,1,01,14369028728984258867,poiNode__ruin_lvl1_riverlands_alpha
992,1357,1,1,1,Ruin,,1,01,14369028728984258867,poiNode__ruin_lvl1_riverlands_alpha
1131,1357,1,1,1,Ruin,,1,01,14369028728984258867,poiNode__ruin_lvl1_riverlands_alpha
1776,1357,2,2,4,Settlement (Town),,2,07,6299085069917208579,poiNode__town_lvl2_stone_crownlands_alpha
751,1358,1,1,1,Ruin,,1,01,4069333285272614884,poiNode__ruin_lvl1_crownlands_alpha
1464,1358,1,1,1,Ruin,,1,01,14369028728984258867,poiNode__ruin_lvl1_riverlands_alpha
1872,1358,1,1,1,Ruin,,1,01,4069333285272614884,poiNode__ruin_lvl1_crownlands_alpha
779,1359,1,1,1,Ruin,,1,01,4069333285272614884,poiNode__ruin_lvl1_crownlands_alpha
870,1359,2,1,2,Tunnel,,4,03,16362520254717945012,poiNode__tunnel_lvl4_crownlands_alpha
1030,1359,1,1,1,Ruin,,1,01,14369028728984258867,poiNode__ruin_lvl1_riverlands_alpha
1261,1359,2,2,4,Settlement (Town),,4,07,8598154936655108511,poiNode__town_lvl4_stone_riverlands_alpha
1362,1359,1,1,1,Ruin,,1,01,14369028728984258867,poiNode__ruin_lvl1_riverlands_alpha
1373,1359,1,1,1,Ruin,,1,01,14369028728984258867,poiNode__ruin_lvl1_riverlands_alpha
1477,1359,1,1,1,Ruin,,1,01,14369028728984258867,poiNode__ruin_lvl1_riverlands_alpha
627,1360,1,1,1,Ruin,,1,01,4069333285272614884,poiNode__ruin_lvl1_crownlands_alpha
815,1360,1,1,1,Ruin,,1,01,4069333285272614884,poiNode__ruin_lvl1_crownlands_alpha
1088,1360,1,1,1,Ruin,,1,01,14369028728984258867,poiNode__ruin_lvl1_riverlands_alpha
1324,1360,4,6,24,Great House Capital,Harrenhal,,e2efce,9094122336810514848,poiNode__capital_Harrenhal_alpha
1416,1360,1,1,1,Ruin,,1,01,14369028728984258867,poiNode__ruin_lvl1_riverlands_alpha
1486,1360,1,1,1,Ruin,,1,01,14369028728984258867,poiNode__ruin_lvl1_riverlands_alpha
672,1361,2,2,4,Settlement (Town),,2,07,6299085069917208579,poiNode__town_lvl2_stone_crownlands_alpha
771,1361,1,1,1,Ruin,,1,01,4069333285272614884,poiNode__ruin_lvl1_crownlands_alpha
1749,1361,1,1,1,Ruin,,1,01,4069333285272614884,poiNode__ruin_lvl1_crownlands_alpha
638,1362,1,1,1,Ruin,,1,01,4069333285272614884,poiNode__ruin_lvl1_crownlands_alpha
792,1362,1,1,1,Ruin,,1,01,4069333285272614884,poiNode__ruin_lvl1_crownlands_alpha
1727,1362,2,2,4,Harbor/Dock,,2,0e,16078488310347410484,poiNode__harbor_lvl2_alpha
1854,1362,3,2,6,Dragon Sanctum,,1,1e,10375726052514243646,poiNode__dragonsanctum_lv01_crownlands_alpha
610,1363,3,3,9,Castle,,2,b700,2677169842261652633,poiNode__castle_lvl2_crownlands_alpha
1071,1363,1,1,1,Ruin,,1,01,14369028728984258867,poiNode__ruin_lvl1_riverlands_alpha
741,1364,2,2,4,Settlement (Town),,2,0b,13347178834781780590,poiNode__town_lvl2_wood_crownlands_alpha
764,1364,2,2,4,Settlement (Town),,2,0b,934088675522857109,poiNode__town_lvl2_iron_crownlands_alpha
1237,1364,1,1,1,Ruin,,1,01,14369028728984258867,poiNode__ruin_lvl1_riverlands_alpha
654,1365,1,1,1,Ruin,,1,01,4069333285272614884,poiNode__ruin_lvl1_crownlands_alpha
827,1365,1,1,1,Ruin,,1,01,4069333285272614884,poiNode__ruin_lvl1_crownlands_alpha
1358,1365,2,2,4,Settlement (Town),,4,07,8598154936655108511,poiNode__town_lvl4_stone_riverlands_alpha
1783,1365,1,1,1,Ruin,,1,01,4069333285272614884,poiNode__ruin_lvl1_crownlands_alpha
798,1366,2,2,4,Settlement (Town),,2,0b,13347178834781780590,poiNode__town_lvl2_wood_crownlands_alpha
978,1366,1,1,1,Ruin,,1,01,14369028728984258867,poiNode__ruin_lvl1_riverlands_alpha
991,1367,4,3,12,Seat of Power,Pinkmaiden,,fe0e,141715875747657092,poiNode__sop_Pinkmaiden_alpha
1042,1367,1,1,1,Ruin,,1,01,14369028728984258867,poiNode__ruin_lvl1_riverlands_alpha
1076,1367,2,2,4,Settlement (Town),,2,07,12140295094117105364,poiNode__town_lvl2_stone_riverlands_alpha
1163,1368,3,3,9,Castle,,2,9f00,15724056029190769230,poiNode__castle_lvl2_riverlands_alpha
1492,1368,1,1,1,Ruin,,1,01,14369028728984258867,poiNode__ruin_lvl1_riverlands_alpha
1591,1368,1,2,2,Crossing,,4,03,10638324116765093946,poiNode__crossing_lvl4_alpha
717,1369,1,1,1,Ruin,,1,01,4069333285272614884,poiNode__ruin_lvl1_crownlands_alpha
842,1369,1,1,1,Ruin,,1,01,4069333285272614884,poiNode__ruin_lvl1_crownlands_alpha
927,1369,1,1,1,Ruin,,1,01,14369028728984258867,poiNode__ruin_lvl1_riverlands_alpha
1082,1369,2,2,4,Dragon Sanctum,,1,0f,8137403851956624105,poiNode__dragonsanctum_lv01_riverlands_alpha
1129,1369,1,1,1,Ruin,,1,01,14369028728984258867,poiNode__ruin_lvl1_riverlands_alpha
1304,1369,1,1,1,Ruin,,1,01,14369028728984258867,poiNode__ruin_lvl1_riverlands_alpha
1886,1369,1,1,1,Ruin,,1,01,4069333285272614884,poiNode__ruin_lvl1_crownlands_alpha
606,1370,1,1,1,Ruin,,1,01,4069333285272614884,poiNode__ruin_lvl1_crownlands_alpha
697,1370,1,1,1,Ruin,,1,01,4069333285272614884,poiNode__ruin_lvl1_crownlands_alpha
946,1370,1,1,1,Ruin,,1,01,14369028728984258867,poiNode__ruin_lvl1_riverlands_alpha
1195,1370,2,2,4,Tunnel,,4,06,2018596786695658083,poiNode__tunnel_lvl4_riverlands_alpha
1213,1370,1,1,1,Ruin,,1,01,14369028728984258867,poiNode__ruin_lvl1_riverlands_alpha
521,1371,1,1,1,Ruin,,1,01,4069333285272614884,poiNode__ruin_lvl1_crownlands_alpha
537,1371,1,1,1,Ruin,,1,01,4069333285272614884,poiNode__ruin_lvl1_crownlands_alpha
670,1371,1,1,1,Ruin,,1,01,4069333285272614884,poiNode__ruin_lvl1_crownlands_alpha
711,1371,2,2,4,Settlement (Town),,2,07,6299085069917208579,poiNode__town_lvl2_stone_crownlands_alpha
751,1371,1,1,1,Ruin,,1,01,4069333285272614884,poiNode__ruin_lvl1_crownlands_alpha
814,1371,1,1,1,Ruin,,1,01,4069333285272614884,poiNode__ruin_lvl1_crownlands_alpha
833,1371,1,1,1,Ruin,,1,01,4069333285272614884,poiNode__ruin_lvl1_crownlands_alpha
1798,1371,1,1,1,Ruin,,1,01,4069333285272614884,poiNode__ruin_lvl1_crownlands_alpha
637,1372,1,1,1,Ruin,,1,01,4069333285272614884,poiNode__ruin_lvl1_crownlands_alpha
1329,1372,1,1,1,Ruin,,1,01,14369028728984258867,poiNode__ruin_lvl1_riverlands_alpha
684,1373,1,1,1,Ruin,,1,01,4069333285272614884,poiNode__ruin_lvl1_crownlands_alpha
688,1373,1,1,1,Ruin,,1,01,4069333285272614884,poiNode__ruin_lvl1_crownlands_alpha
732,1373,1,1,1,Ruin,,1,01,4069333285272614884,poiNode__ruin_lvl1_crownlands_alpha
851,1373,1,1,1,Ruin,,1,01,4069333285272614884,poiNode__ruin_lvl1_crownlands_alpha
1110,1373,1,1,1,Ruin,,1,01,14369028728984258867,poiNode__ruin_lvl1_riverlands_alpha
1461,1373,2,2,4,Settlement (Town),,4,07,12086801801092654814,poiNode__town_lvl4_iron_riverlands_alpha
704,1374,3,3,9,Castle,,2,9f00,2677169842261652633,poiNode__castle_lvl2_crownlands_alpha
743,1374,3,5,15,Bridge,,2,9412,1498553686271999927,poiNode__bridge_5hex_lvl2_alpha
827,1374,2,2,4,Settlement (Town),,2,0b,934088675522857109,poiNode__town_lvl2_iron_crownlands_alpha
1358,1374,1,1,1,Ruin,,1,01,14369028728984258867,poiNode__ruin_lvl1_riverlands_alpha
1905,1374,1,1,1,Ruin,,1,01,4069333285272614884,poiNode__ruin_lvl1_crownlands_alpha
527,1375,3,3,9,Castle,,2,b700,2677169842261652633,poiNode__castle_lvl2_crownlands_alpha
646,1375,1,1,1,Ruin,,1,01,4069333285272614884,poiNode__ruin_lvl1_crownlands_alpha
768,1375,1,1,1,Ruin,,1,01,4069333285272614884,poiNode__ruin_lvl1_crownlands_alpha
793,1375,1,1,1,Ruin,,1,01,4069333285272614884,poiNode__ruin_lvl1_crownlands_alpha
1031,1375,1,1,1,Ruin,,1,01,14369028728984258867,poiNode__ruin_lvl1_riverlands_alpha
1227,1375,2,2,4,Dragon Sanctum,,1,0f,8137403851956624105,poiNode__dragonsanctum_lv01_riverlands_alpha
897,1376,1,1,1,Ruin,,1,01,4069333285272614884,poiNode__ruin_lvl1_crownlands_alpha
1054,1376,1,1,1,Ruin,,1,01,14369028728984258867,poiNode__ruin_lvl1_riverlands_alpha
842,1377,3,3,9,Castle,,2,b700,2677169842261652633,poiNode__castle_lvl2_crownlands_alpha
757,1378,1,1,1,Ruin,,1,01,4069333285272614884,poiNode__ruin_lvl1_crownlands_alpha
823,1378,1,1,1,Ruin,,1,01,4069333285272614884,poiNode__ruin_lvl1_crownlands_alpha
965,1378,1,1,1,Ruin,,1,01,14369028728984258867,poiNode__ruin_lvl1_riverlands_alpha
1368,1378,1,1,1,Ruin,,1,01,14369028728984258867,poiNode__ruin_lvl1_riverlands_alpha
1892,1378,1,1,1,Ruin,,1,01,4069333285272614884,poiNode__ruin_lvl1_crownlands_alpha
627,1379,1,1,1,Ruin,,1,01,4069333285272614884,poiNode__ruin_lvl1_crownlands_alpha
664,1379,1,1,1,Ruin,,1,01,4069333285272614884,poiNode__ruin_lvl1_crownlands_alpha
719,1379,1,1,1,Ruin,,1,01,4069333285272614884,poiNode__ruin_lvl1_crownlands_alpha
1183,1379,2,2,4,Settlement (Town),,2,07,5056014063526610105,poiNode__town_lvl2_wood_riverlands_alpha
1311,1379,2,2,4,Dragon Sanctum,,2,0f,596146601522709868,poiNode__dragonsanctum_lv02_riverlands_alpha
1337,1379,3,3,9,Castle,,4,b700,3127550512059774276,poiNode__castle_lvl4_riverlands_alpha
1806,1379,1,1,1,Ruin,,1,01,4069333285272614884,poiNode__ruin_lvl1_crownlands_alpha
676,1380,1,1,1,Ruin,,1,01,4069333285272614884,poiNode__ruin_lvl1_crownlands_alpha
833,1380,1,1,1,Ruin,,1,01,4069333285272614884,poiNode__ruin_lvl1_crownlands_alpha
652,1381,1,1,1,Ruin,,1,01,4069333285272614884,poiNode__ruin_lvl1_crownlands_alpha
918,1381,1,1,1,Ruin,,1,01,14369028728984258867,poiNode__ruin_lvl1_riverlands_alpha
1192,1381,2,2,4,Tunnel,,4,06,2018596786695658083,poiNode__tunnel_lvl4_riverlands_alpha
694,1382,1,1,1,Ruin,,1,01,4069333285272614884,poiNode__ruin_lvl1_crownlands_alpha
778,1382,1,1,1,Ruin,,1,01,4069333285272614884,poiNode__ruin_lvl1_crownlands_alpha
952,1382,1,1,1,Ruin,,1,01,14369028728984258867,poiNode__ruin_lvl1_riverlands_alpha
617,1383,1,1,1,Ruin,,1,01,4069333285272614884,poiNode__ruin_lvl1_crownlands_alpha
867,1383,1,1,1,Ruin,,1,01,4069333285272614884,poiNode__ruin_lvl1_crownlands_alpha
1400,1383,1,1,1,Ruin,,1,01,14369028728984258867,poiNode__ruin_lvl1_riverlands_alpha
1507,1383,2,2,4,Settlement (Town),,4,07,1328785020288701477,poiNode__town_lvl4_wood_riverlands_alpha
1689,1383,1,1,1,Ruin,,1,01,4069333285272614884,poiNode__ruin_lvl1_crownlands_alpha
658,1384,3,3,9,Castle,,2,9f00,2677169842261652633,poiNode__castle_lvl2_crownlands_alpha
682,1384,1,1,1,Ruin,,1,01,4069333285272614884,poiNode__ruin_lvl1_crownlands_alpha
1275,1384,2,2,4,Tunnel,,4,06,2018596786695658083,poiNode__tunnel_lvl4_riverlands_alpha
535,1385,1,1,1,Ruin,,1,01,4069333285272614884,poiNode__ruin_lvl1_crownlands_alpha
741,1385,2,2,4,Settlement (Town),,2,07,7192166805953233241,poiNode__town_lvl2_food_crownlands_alpha
1168,1385,1,1,1,Ruin,,1,01,14369028728984258867,poiNode__ruin_lvl1_riverlands_alpha
635,1386,1,1,1,Ruin,,1,01,4069333285272614884,poiNode__ruin_lvl1_crownlands_alpha
645,1386,1,1,1,Ruin,,1,01,4069333285272614884,poiNode__ruin_lvl1_crownlands_alpha
807,1386,1,1,1,Ruin,,1,01,4069333285272614884,poiNode__ruin_lvl1_crownlands_alpha
862,1386,2,2,4,Settlement (Town),,2,0b,6299085069917208579,poiNode__town_lvl2_stone_crownlands_alpha
1479,1386,3,3,9,Castle,,4,9f00,3127550512059774276,poiNode__castle_lvl4_riverlands_alpha
798,1387,1,1,1,Ruin,,1,01,4069333285272614884,poiNode__ruin_lvl1_crownlands_alpha
826,1387,1,1,1,Ruin,,1,01,4069333285272614884,poiNode__ruin_lvl1_crownlands_alpha
1021,1387,1,1,1,Ruin,,1,01,14369028728984258867,poiNode__ruin_lvl1_riverlands_alpha
520,1388,1,1,1,Ruin,,1,01,4069333285272614884,poiNode__ruin_lvl1_crownlands_alpha
705,1388,1,1,1,Ruin,,1,01,4069333285272614884,poiNode__ruin_lvl1_crownlands_alpha
727,1389,1,1,1,Ruin,,1,01,4069333285272614884,poiNode__ruin_lvl1_crownlands_alpha
852,1389,1,1,1,Ruin,,1,01,4069333285272614884,poiNode__ruin_lvl1_crownlands_alpha
1110,1389,4,3,12,Seat of Power,Acorn Hall,,fe0e,2519534202697160353,poiNode__sop_AcornHall_alpha
763,1390,1,1,1,Ruin,,1,01,4069333285272614884,poiNode__ruin_lvl1_crownlands_alpha
1722,1390,2,2,4,Harbor/Dock,,2,0b,16078488310347410484,poiNode__harbor_lvl2_alpha
1857,1390,1,1,1,Ruin,,1,01,4069333285272614884,poiNode__ruin_lvl1_crownlands_alpha
679,1391,2,2,4,Settlement (Town),,2,07,6299085069917208579,poiNode__town_lvl2_stone_crownlands_alpha
695,1391,1,1,1,Ruin,,1,01,4069333285272614884,poiNode__ruin_lvl1_crownlands_alpha
782,1391,1,1,1,Ruin,,1,01,4069333285272614884,poiNode__ruin_lvl1_crownlands_alpha
842,1391,1,1,1,Ruin,,1,01,4069333285272614884,poiNode__ruin_lvl1_crownlands_alpha
1029,1391,1,1,1,Ruin,,1,01,14369028728984258867,poiNode__ruin_lvl1_riverlands_alpha
1065,1391,2,2,4,Settlement (Town),,2,07,17574922458373617218,poiNode__town_lvl2_iron_riverlands_alpha
663,1392,1,1,1,Ruin,,1,01,4069333285272614884,poiNode__ruin_lvl1_crownlands_alpha
869,1392,1,2,2,Crossing,,4,03,10638324116765093946,poiNode__crossing_lvl4_alpha
875,1392,2,2,4,Crossing,,4,,10638324116765093946,poiNode__crossing_lvl4_alpha
948,1392,1,1,1,Ruin,,1,01,14369028728984258867,poiNode__ruin_lvl1_riverlands_alpha
669,1393,1,1,1,Ruin,,1,01,4069333285272614884,poiNode__ruin_lvl1_crownlands_alpha
887,1393,1,1,1,Ruin,,1,01,14369028728984258867,poiNode__ruin_lvl1_riverlands_alpha
1561,1393,2,2,4,Settlement (Town),,1,07,5323986953385167127,poiNode__town_lvl1_food_crownlands_alpha
1900,1393,1,1,1,Ruin,,1,01,4069333285272614884,poiNode__ruin_lvl1_crownlands_alpha
718,1394,1,1,1,Ruin,,1,01,4069333285272614884,poiNode__ruin_lvl1_crownlands_alpha
791,1394,1,1,1,Ruin,,1,01,4069333285272614884,poiNode__ruin_lvl1_crownlands_alpha
1541,1394,3,3,9,Castle,,1,9f00,6741636123857038108,poiNode__castle_lvl1_crownlands_alpha
1640,1394,1,1,1,Ruin,,1,01,4069333285272614884,poiNode__ruin_lvl1_crownlands_alpha
1727,1394,1,1,1,Ruin,,1,01,4069333285272614884,poiNode__ruin_lvl1_crownlands_alpha
630,1395,1,1,1,Ruin,,1,01,4069333285272614884,poiNode__ruin_lvl1_crownlands_alpha
645,1395,2,2,4,Settlement (Town),,2,07,6299085069917208579,poiNode__town_lvl2_stone_crownlands_alpha
750,1395,1,1,1,Ruin,,1,01,4069333285272614884,poiNode__ruin_lvl1_crownlands_alpha
1176,1395,1,1,1,Ruin,,1,01,14369028728984258867,poiNode__ruin_lvl1_riverlands_alpha
1211,1395,1,1,1,Ruin,,1,01,14369028728984258867,poiNode__ruin_lvl1_riverlands_alpha
534,1396,1,1,1,Ruin,,1,01,4069333285272614884,poiNode__ruin_lvl1_crownlands_alpha
653,1396,1,1,1,Ruin,,1,01,4069333285272614884,poiNode__ruin_lvl1_crownlands_alpha
972,1396,1,1,1,Ruin,,1,01,14369028728984258867,poiNode__ruin_lvl1_riverlands_alpha
609,1397,2,2,4,Settlement (Town),,2,07,13347178834781780590,poiNode__town_lvl2_wood_crownlands_alpha
617,1397,1,1,1,Ruin,,1,01,4069333285272614884,poiNode__ruin_lvl1_crownlands_alpha
770,1397,1,1,1,Ruin,,1,01,4069333285272614884,poiNode__ruin_lvl1_crownlands_alpha
1157,1397,1,1,1,Ruin,,1,01,14369028728984258867,poiNode__ruin_lvl1_riverlands_alpha
1443,1397,1,1,1,Ruin,,1,01,14369028728984258867,poiNode__ruin_lvl1_riverlands_alpha
1711,1397,1,1,1,Ruin,,1,01,4069333285272614884,poiNode__ruin_lvl1_crownlands_alpha
525,1398,1,1,1,Ruin,,1,01,4069333285272614884,poiNode__ruin_lvl1_crownlands_alpha
681,1398,1,1,1,Ruin,,1,01,4069333285272614884,poiNode__ruin_lvl1_crownlands_alpha
722,1398,3,2,6,Dragon Sanctum,,4,1e,433908501532394673,poiNode__dragonsanctum_lv04_crownlands_alpha
812,1398,1,2,2,Tunnel,,2,03,1315898000168475582,poiNode__tunnel_lvl2_crownlands_alpha
876,1398,1,1,1,Ruin,,1,01,14369028728984258867,poiNode__ruin_lvl1_riverlands_alpha
903,1398,3,3,9,Castle,,4,9f00,3127550512059774276,poiNode__castle_lvl4_riverlands_alpha
1136,1398,1,1,1,Ruin,,1,01,14369028728984258867,poiNode__ruin_lvl1_riverlands_alpha
1270,1398,1,2,2,Tunnel,,4,03,2018596786695658083,poiNode__tunnel_lvl4_riverlands_alpha
940,1399,2,2,4,Settlement (Town),,4,07,8598154936655108511,poiNode__town_lvl4_stone_riverlands_alpha
1077,1399,3,3,9,Castle,,2,b700,15724056029190769230,poiNode__castle_lvl2_riverlands_alpha
1696,1399,1,1,1,Ruin,,1,01,4069333285272614884,poiNode__ruin_lvl1_crownlands_alpha
709,1401,1,1,1,Ruin,,1,01,4069333285272614884,poiNode__ruin_lvl1_crownlands_alpha
1861,1401,1,1,1,Ruin,,1,01,4069333285272614884,poiNode__ruin_lvl1_crownlands_alpha
1872,1401,1,1,1,Ruin,,1,01,4069333285272614884,poiNode__ruin_lvl1_crownlands_alpha
1910,1401,1,1,1,Ruin,,1,01,4069333285272614884,poiNode__ruin_lvl1_crownlands_alpha
698,1402,1,1,1,Ruin,,1,01,4069333285272614884,poiNode__ruin_lvl1_crownlands_alpha
804,1402,1,1,1,Ruin,,1,01,4069333285272614884,poiNode__ruin_lvl1_crownlands_alpha
975,1402,3,3,9,Castle,,4,9f00,3127550512059774276,poiNode__castle_lvl4_riverlands_alpha
1275,1402,1,1,1,Ruin,,1,01,14369028728984258867,poiNode__ruin_lvl1_riverlands_alpha
1477,1402,1,1,1,Ruin,,1,01,14369028728984258867,poiNode__ruin_lvl1_riverlands_alpha
667,1403,2,3,6,Bridge,,2,16,6488258009797769972,poiNode__bridge_3hex_lvl2_alpha
740,1403,1,1,1,Ruin,,1,01,4069333285272614884,poiNode__ruin_lvl1_crownlands_alpha
1084,1403,1,1,1,Ruin,,1,01,14369028728984258867,poiNode__ruin_lvl1_riverlands_alpha
732,1404,1,1,1,Ruin,,1,01,4069333285272614884,poiNode__ruin_lvl1_crownlands_alpha
755,1404,1,1,1,Ruin,,1,01,4069333285272614884,poiNode__ruin_lvl1_crownlands_alpha
782,1404,2,2,4,Settlement (Town),,2,0b,6299085069917208579,poiNode__town_lvl2_stone_crownlands_alpha
612,1405,1,1,1,Ruin,,1,01,4069333285272614884,poiNode__ruin_lvl1_crownlands_alpha
628,1405,1,1,1,Ruin,,1,01,4069333285272614884,poiNode__ruin_lvl1_crownlands_alpha
647,1405,1,1,1,Ruin,,1,01,4069333285272614884,poiNode__ruin_lvl1_crownlands_alpha
790,1405,1,1,1,Ruin,,1,01,4069333285272614884,poiNode__ruin_lvl1_crownlands_alpha
820,1405,1,2,2,Tunnel,,2,03,1315898000168475582,poiNode__tunnel_lvl2_crownlands_alpha
954,1405,1,1,1,Ruin,,1,01,14369028728984258867,poiNode__ruin_lvl1_riverlands_alpha
1073,1405,1,1,1,Ruin,,1,01,14369028728984258867,poiNode__ruin_lvl1_riverlands_alpha
1488,1405,2,2,4,Crossing,,4,,10638324116765093946,poiNode__crossing_lvl4_alpha
639,1406,1,1,1,Ruin,,1,01,4069333285272614884,poiNode__ruin_lvl1_crownlands_alpha
659,1406,1,1,1,Ruin,,1,01,4069333285272614884,poiNode__ruin_lvl1_crownlands_alpha
776,1406,1,1,1,Ruin,,1,01,4069333285272614884,poiNode__ruin_lvl1_crownlands_alpha
814,1406,1,1,1,Ruin,,1,01,4069333285272614884,poiNode__ruin_lvl1_crownlands_alpha
1043,1406,2,2,4,Settlement (Town),,2,0b,17574922458373617218,poiNode__town_lvl2_iron_riverlands_alpha
1268,1406,1,1,1,Ruin,,1,01,14369028728984258867,poiNode__ruin_lvl1_riverlands_alpha
1386,1406,1,1,1,Ruin,,1,01,14369028728984258867,poiNode__ruin_lvl1_riverlands_alpha
1625,1406,2,2,4,Settlement (Town),,1,0b,10599107479229116960,poiNode__town_lvl1_wood_crownlands_alpha
1905,1407,3,3,9,Castle,,2,b700,2677169842261652633,poiNode__castle_lvl2_crownlands_alpha
696,1408,2,2,4,Tunnel,,2,06,1315898000168475582,poiNode__tunnel_lvl2_crownlands_alpha
859,1408,1,1,1,Ruin,,1,01,4069333285272614884,poiNode__ruin_lvl1_crownlands_alpha
936,1408,1,1,1,Ruin,,1,01,14369028728984258867,poiNode__ruin_lvl1_riverlands_alpha
1323,1408,1,1,1,Ruin,,1,01,14369028728984258867,poiNode__ruin_lvl1_riverlands_alpha
621,1409,1,1,1,Ruin,,1,01,4069333285272614884,poiNode__ruin_lvl1_crownlands_alpha
962,1409,1,1,1,Ruin,,1,01,14369028728984258867,poiNode__ruin_lvl1_riverlands_alpha
1127,1409,1,1,1,Ruin,,1,01,14369028728984258867,poiNode__ruin_lvl1_riverlands_alpha
882,1410,1,1,1,Ruin,,1,01,14369028728984258867,poiNode__ruin_lvl1_riverlands_alpha
902,1410,2,2,4,Settlement (Town),,4,0b,12086801801092654814,poiNode__town_lvl4_iron_riverlands_alpha
1023,1410,1,1,1,Ruin,,1,01,14369028728984258867,poiNode__ruin_lvl1_riverlands_alpha
1189,1410,1,1,1,Ruin,,1,01,14369028728984258867,poiNode__ruin_lvl1_riverlands_alpha
1410,1410,2,2,4,Settlement (Town),,4,0b,8598154936655108511,poiNode__town_lvl4_stone_riverlands_alpha
1918,1410,1,1,1,Ruin,,1,01,4069333285272614884,poiNode__ruin_lvl1_crownlands_alpha
786,1411,3,3,9,Castle,,2,b700,2677169842261652633,poiNode__castle_lvl2_crownlands_alpha
1929,1411,2,2,4,Settlement (Town),,2,07,13347178834781780590,poiNode__town_lvl2_wood_crownlands_alpha
615,1412,2,2,4,Crossing,,2,06,17576595532914463501,poiNode__crossing_lvl2_alpha
799,1412,1,1,1,Ruin,,1,01,4069333285272614884,poiNode__ruin_lvl1_crownlands_alpha
1374,1412,1,1,1,Ruin,,1,01,14369028728984258867,poiNode__ruin_lvl1_riverlands_alpha
642,1413,2,2,4,Settlement (Town),,2,07,6299085069917208579,poiNode__town_lvl2_stone_crownlands_alpha
691,1413,2,1,2,Tunnel,,2,03,1315898000168475582,poiNode__tunnel_lvl2_crownlands_alpha
745,1413,2,2,4,Settlement (Town),,2,07,13347178834781780590,poiNode__town_lvl2_wood_crownlands_alpha
847,1413,1,1,1,Ruin,,1,01,4069333285272614884,poiNode__ruin_lvl1_crownlands_alpha
906,1413,1,1,1,Ruin,,1,01,14369028728984258867,poiNode__ruin_lvl1_riverlands_alpha
1005,1413,1,2,2,Crossing,,4,03,10638324116765093946,poiNode__crossing_lvl4_alpha
835,1414,2,2,4,Settlement (Town),,2,0b,934088675522857109,poiNode__town_lvl2_iron_crownlands_alpha
1155,1414,1,1,1,Ruin,,1,01,14369028728984258867,poiNode__ruin_lvl1_riverlands_alpha
1388,1414,2,2,4,Settlement (Town),,4,0b,14449178292820799250,poiNode__town_lvl4_food_riverlands_alpha
1492,1414,2,2,4,Crossing,,4,,10638324116765093946,poiNode__crossing_lvl4_alpha
713,1415,4,3,12,Seat of Power,Ashemark,,fe0e,732018484648970917,poiNode__sop_Ashemark_alpha
738,1415,1,1,1,Ruin,,1,01,4069333285272614884,poiNode__ruin_lvl1_crownlands_alpha
763,1415,1,1,1,Ruin,,1,01,4069333285272614884,poiNode__ruin_lvl1_crownlands_alpha
1104,1415,5,1,5,Bridge,,2,1f,1498553686271999927,poiNode__bridge_5hex_lvl2_alpha
1200,1415,1,1,1,Ruin,,1,01,14369028728984258867,poiNode__ruin_lvl1_riverlands_alpha
1333,1416,3,2,6,Dragon Sanctum,,2,1e,596146601522709868,poiNode__dragonsanctum_lv02_riverlands_alpha
913,1417,1,1,1,Ruin,,1,01,14369028728984258867,poiNode__ruin_lvl1_riverlands_alpha
1001,1417,2,2,4,Crossing,,4,06,10638324116765093946,poiNode__crossing_lvl4_alpha
1069,1417,1,1,1,Ruin,,1,01,14369028728984258867,poiNode__ruin_lvl1_riverlands_alpha
1910,1417,1,1,1,Ruin,,1,01,4069333285272614884,poiNode__ruin_lvl1_crownlands_alpha
751,1418,1,1,1,Ruin,,1,01,4069333285272614884,poiNode__ruin_lvl1_crownlands_alpha
830,1418,1,1,1,Ruin,,1,01,4069333285272614884,poiNode__ruin_lvl1_crownlands_alpha
893,1418,1,1,1,Ruin,,1,01,14369028728984258867,poiNode__ruin_lvl1_riverlands_alpha
941,1418,1,1,1,Ruin,,1,01,14369028728984258867,poiNode__ruin_lvl1_riverlands_alpha
1662,1418,1,1,1,Ruin,,1,01,4069333285272614884,poiNode__ruin_lvl1_crownlands_alpha
724,1419,1,1,1,Ruin,,1,01,4069333285272614884,poiNode__ruin_lvl1_crownlands_alpha
992,1419,1,1,1,Ruin,,1,01,14369028728984258867,poiNode__ruin_lvl1_riverlands_alpha
1023,1419,1,1,1,Ruin,,1,01,14369028728984258867,poiNode__ruin_lvl1_riverlands_alpha
636,1420,1,1,1,Ruin,,1,01,4069333285272614884,poiNode__ruin_lvl1_crownlands_alpha
664,1420,1,1,1,Ruin,,1,01,4069333285272614884,poiNode__ruin_lvl1_crownlands_alpha
1185,1420,2,2,4,Settlement (Town),,2,0b,5056014063526610105,poiNode__town_lvl2_wood_riverlands_alpha
1247,1420,3,3,9,Castle,,2,9f00,15724056029190769230,poiNode__castle_lvl2_riverlands_alpha
795,1421,1,1,1,Ruin,,1,01,4069333285272614884,poiNode__ruin_lvl1_crownlands_alpha
612,1422,1,2,2,Crossing,,2,03,17576595532914463501,poiNode__crossing_lvl2_alpha
649,1422,1,1,1,Ruin,,1,01,4069333285272614884,poiNode__ruin_lvl1_crownlands_alpha
845,1422,1,1,1,Ruin,,1,01,4069333285272614884,poiNode__ruin_lvl1_crownlands_alpha
1147,1422,2,2,4,Settlement (Town),,2,0b,12140295094117105364,poiNode__town_lvl2_stone_riverlands_alpha
863,1423,2,2,4,Tunnel,,4,,2018596786695658083,poiNode__tunnel_lvl4_riverlands_alpha
1192,1423,1,1,1,Ruin,,1,01,14369028728984258867,poiNode__ruin_lvl1_riverlands_alpha
1075,1424,1,1,1,Ruin,,1,01,14369028728984258867,poiNode__ruin_lvl1_riverlands_alpha
1501,1424,1,1,1,Ruin,,1,01,14369028728984258867,poiNode__ruin_lvl1_riverlands_alpha
1710,1424,2,2,4,Settlement (Town),,1,0b,2800008357386502363,poiNode__town_lvl1_iron_crownlands_alpha
1876,1424,2,2,4,Harbor/Dock,,2,0e,16078488310347410484,poiNode__harbor_lvl2_alpha
672,1425,3,3,9,Castle,,2,b700,2677169842261652633,poiNode__castle_lvl2_crownlands_alpha
954,1425,1,1,1,Ruin,,1,01,14369028728984258867,poiNode__ruin_lvl1_riverlands_alpha
1115,1425,1,1,1,Ruin,,1,01,14369028728984258867,poiNode__ruin_lvl1_riverlands_alpha
756,1426,1,1,1,Ruin,,1,01,4069333285272614884,poiNode__ruin_lvl1_crownlands_alpha
971,1426,2,2,4,Settlement (Town),,4,0b,12086801801092654814,poiNode__town_lvl4_iron_riverlands_alpha
999,1426,1,1,1,Ruin,,1,01,14369028728984258867,poiNode__ruin_lvl1_riverlands_alpha
1367,1426,1,1,1,Ruin,,1,01,14369028728984258867,poiNode__ruin_lvl1_riverlands_alpha
1897,1426,2,2,4,Settlement (Town),,2,0b,6299085069917208579,poiNode__town_lvl2_stone_crownlands_alpha
724,1427,3,3,9,Castle,,2,b700,2677169842261652633,poiNode__castle_lvl2_crownlands_alpha
943,1427,3,5,15,Bridge,,4,a414,8396285631970188416,poiNode__bridge_5hex_lvl4_alpha
1590,1427,2,2,4,Settlement (Town),,1,07,17988470253685371955,poiNode__town_lvl1_stone_crownlands_alpha
1743,1427,1,1,1,Ruin,,1,01,4069333285272614884,poiNode__ruin_lvl1_crownlands_alpha
789,1428,1,1,1,Ruin,,1,01,4069333285272614884,poiNode__ruin_lvl1_crownlands_alpha
803,1428,1,2,2,Tunnel,,2,03,1315898000168475582,poiNode__tunnel_lvl2_crownlands_alpha
1423,1428,1,2,2,Tunnel,,4,03,2018596786695658083,poiNode__tunnel_lvl4_riverlands_alpha
635,1429,1,1,1,Ruin,,1,01,4069333285272614884,poiNode__ruin_lvl1_crownlands_alpha
768,1429,1,1,1,Ruin,,1,01,4069333285272614884,poiNode__ruin_lvl1_crownlands_alpha
840,1429,1,2,2,Tunnel,,2,03,1315898000168475582,poiNode__tunnel_lvl2_crownlands_alpha
1159,1429,1,1,1,Ruin,,1,01,14369028728984258867,poiNode__ruin_lvl1_riverlands_alpha
1292,1429,1,1,1,Ruin,,1,01,14369028728984258867,poiNode__ruin_lvl1_riverlands_alpha
812,1430,2,1,2,Tunnel,,2,03,1315898000168475582,poiNode__tunnel_lvl2_crownlands_alpha
868,1430,2,2,4,Tunnel,,4,,2018596786695658083,poiNode__tunnel_lvl4_riverlands_alpha
1105,1430,1,1,1,Ruin,,1,01,14369028728984258867,poiNode__ruin_lvl1_riverlands_alpha
1182,1430,1,1,1,Ruin,,1,01,14369028728984258867,poiNode__ruin_lvl1_riverlands_alpha
1233,1430,1,1,1,Ruin,,1,01,14369028728984258867,poiNode__ruin_lvl1_riverlands_alpha
665,1431,2,2,4,Settlement (Town),,2,07,934088675522857109,poiNode__town_lvl2_iron_crownlands_alpha
877,1431,1,1,1,Ruin,,1,01,14369028728984258867,poiNode__ruin_lvl1_riverlands_alpha
1393,1431,3,3,9,Castle,,4,b700,3127550512059774276,poiNode__castle_lvl4_riverlands_alpha
625,1432,1,1,1,Ruin,,1,01,4069333285272614884,poiNode__ruin_lvl1_crownlands_alpha
730,1432,1,1,1,Ruin,,1,01,4069333285272614884,poiNode__ruin_lvl1_crownlands_alpha
904,1432,1,1,1,Ruin,,1,01,14369028728984258867,poiNode__ruin_lvl1_riverlands_alpha
1676,1432,1,1,1,Ruin,,1,01,4069333285272614884,poiNode__ruin_lvl1_crownlands_alpha
645,1433,1,1,1,Ruin,,1,01,4069333285272614884,poiNode__ruin_lvl1_crownlands_alpha
696,1433,1,1,1,Ruin,,1,01,4069333285272614884,poiNode__ruin_lvl1_crownlands_alpha
740,1433,1,1,1,Ruin,,1,01,4069333285272614884,poiNode__ruin_lvl1_crownlands_alpha
749,1433,1,1,1,Ruin,,1,01,4069333285272614884,poiNode__ruin_lvl1_crownlands_alpha
784,1433,1,2,2,Crossing,,2,03,17576595532914463501,poiNode__crossing_lvl2_alpha
610,1434,1,1,1,Ruin,,1,01,4069333285272614884,poiNode__ruin_lvl1_crownlands_alpha
659,1434,1,1,1,Ruin,,1,01,4069333285272614884,poiNode__ruin_lvl1_crownlands_alpha
1115,1434,1,1,1,Ruin,,1,01,14369028728984258867,poiNode__ruin_lvl1_riverlands_alpha
761,1435,2,2,4,Settlement (Town),,2,07,13347178834781780590,poiNode__town_lvl2_wood_crownlands_alpha
1131,1435,1,1,1,Ruin,,1,01,14369028728984258867,poiNode__ruin_lvl1_riverlands_alpha
1202,1435,1,1,1,Ruin,,1,01,14369028728984258867,poiNode__ruin_lvl1_riverlands_alpha
1425,1436,2,2,4,Tunnel,,4,,2018596786695658083,poiNode__tunnel_lvl4_riverlands_alpha
835,1437,2,1,2,Tunnel,,2,03,1315898000168475582,poiNode__tunnel_lvl2_crownlands_alpha
922,1437,1,1,1,Ruin,,1,01,14369028728984258867,poiNode__ruin_lvl1_riverlands_alpha
1281,1437,1,1,1,Ruin,,1,01,14369028728984258867,poiNode__ruin_lvl1_riverlands_alpha
1307,1437,1,1,1,Ruin,,1,01,14369028728984258867,poiNode__ruin_lvl1_riverlands_alpha
682,1438,1,1,1,Ruin,,1,01,4069333285272614884,poiNode__ruin_lvl1_crownlands_alpha
939,1438,3,3,9,Castle,,4,9f00,3127550512059774276,poiNode__castle_lvl4_riverlands_alpha
1292,1438,2,2,4,Settlement (Town),,2,0b,17574922458373617218,poiNode__town_lvl2_iron_riverlands_alpha
692,1439,1,1,1,Ruin,,1,01,4069333285272614884,poiNode__ruin_lvl1_crownlands_alpha
827,1439,3,3,9,Castle,,2,b700,2677169842261652633,poiNode__castle_lvl2_crownlands_alpha
956,1439,1,1,1,Ruin,,1,01,14369028728984258867,poiNode__ruin_lvl1_riverlands_alpha
1463,1439,1,1,1,Ruin,,1,01,14369028728984258867,poiNode__ruin_lvl1_riverlands_alpha
1474,1439,1,1,1,Ruin,,1,01,14369028728984258867,poiNode__ruin_lvl1_riverlands_alpha
778,1440,1,2,2,Crossing,,2,03,17576595532914463501,poiNode__crossing_lvl2_alpha
1071,1440,1,1,1,Ruin,,1,01,14369028728984258867,poiNode__ruin_lvl1_riverlands_alpha
707,1441,1,1,1,Ruin,,1,01,4069333285272614884,poiNode__ruin_lvl1_crownlands_alpha
1616,1441,1,1,1,Ruin,,1,01,4069333285272614884,poiNode__ruin_lvl1_crownlands_alpha
741,1442,1,2,2,Tunnel,,2,03,1315898000168475582,poiNode__tunnel_lvl2_crownlands_alpha
760,1442,1,1,1,Ruin,,1,01,4069333285272614884,poiNode__ruin_lvl1_crownlands_alpha
818,1442,2,2,4,Settlement (Town),,2,0b,934088675522857109,poiNode__town_lvl2_iron_crownlands_alpha
602,1443,4,4,16,Seat of Power,The Crag,,vn,6609931391863951798,poiNode__sop_TheCrag_alpha
649,1443,2,2,4,Dragon Sanctum,,4,0f,433908501532394673,poiNode__dragonsanctum_lv04_crownlands_alpha
672,1443,1,1,1,Ruin,,1,01,4069333285272614884,poiNode__ruin_lvl1_crownlands_alpha
705,1443,1,1,1,Ruin,,1,01,4069333285272614884,poiNode__ruin_lvl1_crownlands_alpha
1035,1443,3,3,9,Castle,,2,b700,15724056029190769230,poiNode__castle_lvl2_riverlands_alpha
1722,1443,1,1,1,Ruin,,1,01,4069333285272614884,poiNode__ruin_lvl1_crownlands_alpha
639,1444,3,2,6,Dragon Sanctum,,1,1e,10375726052514243646,poiNode__dragonsanctum_lv01_crownlands_alpha
985,1444,2,2,4,Settlement (Town),,4,0b,14449178292820799250,poiNode__town_lvl4_food_riverlands_alpha
1644,1444,3,3,9,Castle,,1,9f00,6741636123857038108,poiNode__castle_lvl1_crownlands_alpha
720,1446,1,1,1,Ruin,,1,01,4069333285272614884,poiNode__ruin_lvl1_crownlands_alpha
768,1446,3,3,9,Castle,,2,9f00,2677169842261652633,poiNode__castle_lvl2_crownlands_alpha
1926,1446,1,1,1,Ruin,,1,01,4069333285272614884,poiNode__ruin_lvl1_crownlands_alpha
615,1447,1,1,1,Ruin,,1,01,4069333285272614884,poiNode__ruin_lvl1_crownlands_alpha
697,1447,1,1,1,Ruin,,1,01,4069333285272614884,poiNode__ruin_lvl1_crownlands_alpha
814,1447,1,1,1,Ruin,,1,01,4069333285272614884,poiNode__ruin_lvl1_crownlands_alpha
1237,1447,1,1,1,Ruin,,1,01,14369028728984258867,poiNode__ruin_lvl1_riverlands_alpha
886,1448,1,1,1,Ruin,,1,01,14369028728984258867,poiNode__ruin_lvl1_riverlands_alpha
1268,1448,3,3,9,Castle,,2,9f00,15724056029190769230,poiNode__castle_lvl2_riverlands_alpha
1420,1448,1,1,1,Ruin,,1,01,14369028728984258867,poiNode__ruin_lvl1_riverlands_alpha
625,1449,3,3,9,Castle,,2,b700,2677169842261652633,poiNode__castle_lvl2_crownlands_alpha
685,1449,2,2,4,Settlement (Town),,2,07,7192166805953233241,poiNode__town_lvl2_food_crownlands_alpha
956,1449,1,1,1,Ruin,,1,01,14369028728984258867,poiNode__ruin_lvl1_riverlands_alpha
966,1449,1,1,1,Ruin,,1,01,14369028728984258867,poiNode__ruin_lvl1_riverlands_alpha
998,1449,1,1,1,Ruin,,1,01,14369028728984258867,poiNode__ruin_lvl1_riverlands_alpha
1158,1449,1,1,1,Ruin,,1,01,14369028728984258867,poiNode__ruin_lvl1_riverlands_alpha
1342,1449,3,5,15,Bridge,,4,a414,8396285631970188416,poiNode__bridge_5hex_lvl4_alpha
1476,1449,1,1,1,Ruin,,1,01,14369028728984258867,poiNode__ruin_lvl1_riverlands_alpha
1861,1449,2,2,4,Harbor/Dock,,2,07,16078488310347410484,poiNode__harbor_lvl2_alpha
1947,1449,1,1,1,Ruin,,1,01,4069333285272614884,poiNode__ruin_lvl1_crownlands_alpha
633,1450,1,1,1,Ruin,,1,01,4069333285272614884,poiNode__ruin_lvl1_crownlands_alpha
659,1450,1,1,1,Ruin,,1,01,4069333285272614884,poiNode__ruin_lvl1_crownlands_alpha
680,1450,1,1,1,Ruin,,1,01,4069333285272614884,poiNode__ruin_lvl1_crownlands_alpha
774,1450,1,1,1,Ruin,,1,01,4069333285272614884,poiNode__ruin_lvl1_crownlands_alpha
867,1450,2,2,4,Settlement (Town),,4,0b,1328785020288701477,poiNode__town_lvl4_wood_riverlands_alpha
1257,1450,1,1,1,Ruin,,1,01,14369028728984258867,poiNode__ruin_lvl1_riverlands_alpha
1286,1450,1,1,1,Ruin,,1,01,14369028728984258867,poiNode__ruin_lvl1_riverlands_alpha
1441,1450,1,1,1,Ruin,,1,01,14369028728984258867,poiNode__ruin_lvl1_riverlands_alpha
1448,1450,2,2,4,Settlement (Town),,1,0b,7784399899789266167,poiNode__town_lvl1_wood_riverlands_alpha
645,1451,1,1,1,Ruin,,1,01,4069333285272614884,poiNode__ruin_lvl1_crownlands_alpha
829,1451,1,1,1,Ruin,,1,01,4069333285272614884,poiNode__ruin_lvl1_crownlands_alpha
875,1451,1,1,1,Ruin,,1,01,14369028728984258867,poiNode__ruin_lvl1_riverlands_alpha
937,1451,1,2,2,Crossing,,4,03,10638324116765093946,poiNode__crossing_lvl4_alpha
855,1452,1,1,1,Ruin,,1,01,14369028728984258867,poiNode__ruin_lvl1_riverlands_alpha
1119,1452,1,1,1,Ruin,,1,01,14369028728984258867,poiNode__ruin_lvl1_riverlands_alpha
1409,1452,1,1,1,Ruin,,1,01,14369028728984258867,poiNode__ruin_lvl1_riverlands_alpha
638,1453,2,2,4,Settlement (Town),,2,07,13347178834781780590,poiNode__town_lvl2_wood_crownlands_alpha
709,1453,1,1,1,Ruin,,1,01,4069333285272614884,poiNode__ruin_lvl1_crownlands_alpha
728,1453,1,1,1,Ruin,,1,01,4069333285272614884,poiNode__ruin_lvl1_crownlands_alpha
754,1453,1,1,1,Ruin,,1,01,4069333285272614884,poiNode__ruin_lvl1_crownlands_alpha
789,1453,1,1,1,Ruin,,1,01,4069333285272614884,poiNode__ruin_lvl1_crownlands_alpha
1111,1453,2,2,4,Settlement (Town),,2,07,17574922458373617218,poiNode__town_lvl2_iron_riverlands_alpha
1545,1453,1,1,1,Ruin,,1,01,4069333285272614884,poiNode__ruin_lvl1_crownlands_alpha
666,1454,1,1,1,Ruin,,1,01,4069333285272614884,poiNode__ruin_lvl1_crownlands_alpha
893,1454,3,3,9,Castle,,4,9f00,3127550512059774276,poiNode__castle_lvl4_riverlands_alpha
1335,1454,2,2,4,Settlement (Town),,2,0b,11303916270620475278,poiNode__town_lvl2_food_riverlands_alpha
742,1455,1,2,2,Tunnel,,2,03,1315898000168475582,poiNode__tunnel_lvl2_crownlands_alpha
933,1455,2,2,4,Crossing,,4,06,10638324116765093946,poiNode__crossing_lvl4_alpha
985,1455,3,3,9,Castle,,4,b700,3127550512059774276,poiNode__castle_lvl4_riverlands_alpha
1009,1455,1,1,1,Ruin,,1,01,14369028728984258867,poiNode__ruin_lvl1_riverlands_alpha
978,1456,1,1,1,Ruin,,1,01,14369028728984258867,poiNode__ruin_lvl1_riverlands_alpha
764,1457,2,2,4,Settlement (Town),,2,07,7192166805953233241,poiNode__town_lvl2_food_crownlands_alpha
1170,1457,1,1,1,Ruin,,1,01,14369028728984258867,poiNode__ruin_lvl1_riverlands_alpha
1297,1457,2,2,4,Dragon Sanctum,,1,0f,8137403851956624105,poiNode__dragonsanctum_lv01_riverlands_alpha
1349,1457,1,1,1,Ruin,,1,01,14369028728984258867,poiNode__ruin_lvl1_riverlands_alpha
652,1458,1,1,1,Ruin,,1,01,4069333285272614884,poiNode__ruin_lvl1_crownlands_alpha
1104,1458,1,1,1,Ruin,,1,01,14369028728984258867,poiNode__ruin_lvl1_riverlands_alpha
1275,1458,1,1,1,Ruin,,1,01,14369028728984258867,poiNode__ruin_lvl1_riverlands_alpha
1455,1458,1,1,1,Ruin,,1,01,14369028728984258867,poiNode__ruin_lvl1_riverlands_alpha
828,1460,3,5,15,Bridge,,2,8944,1498553686271999927,poiNode__bridge_5hex_lvl2_alpha
909,1460,1,1,1,Ruin,,1,01,14369028728984258867,poiNode__ruin_lvl1_riverlands_alpha
1095,1460,1,1,1,Ruin,,1,01,14369028728984258867,poiNode__ruin_lvl1_riverlands_alpha
1229,1460,1,1,1,Ruin,,1,01,14369028728984258867,poiNode__ruin_lvl1_riverlands_alpha
1543,1460,3,3,9,Castle,,1,9f00,6741636123857038108,poiNode__castle_lvl1_crownlands_alpha
694,1461,1,1,1,Ruin,,1,01,4069333285272614884,poiNode__ruin_lvl1_crownlands_alpha
737,1461,1,1,1,Ruin,,1,01,4069333285272614884,poiNode__ruin_lvl1_crownlands_alpha
626,1462,1,1,1,Ruin,,1,01,4069333285272614884,poiNode__ruin_lvl1_crownlands_alpha
671,1462,1,1,1,Ruin,,1,01,4069333285272614884,poiNode__ruin_lvl1_crownlands_alpha
718,1462,1,1,1,Ruin,,1,01,4069333285272614884,poiNode__ruin_lvl1_crownlands_alpha
723,1462,1,1,1,Ruin,,1,01,4069333285272614884,poiNode__ruin_lvl1_crownlands_alpha
1291,1462,2,2,4,Settlement (Town),,2,0b,5056014063526610105,poiNode__town_lvl2_wood_riverlands_alpha
1769,1463,1,2,2,Tunnel,,1,03,7704304218758448187,poiNode__tunnel_lvl1_crownlands_alpha
658,1464,2,2,4,Settlement (Town),,2,0b,6299085069917208579,poiNode__town_lvl2_stone_crownlands_alpha
1015,1464,1,1,1,Ruin,,1,01,14369028728984258867,poiNode__ruin_lvl1_riverlands_alpha
1178,1464,1,1,1,Ruin,,1,01,14369028728984258867,poiNode__ruin_lvl1_riverlands_alpha
1340,1464,3,3,9,Castle,,2,9f00,15724056029190769230,poiNode__castle_lvl2_riverlands_alpha
1400,1464,1,2,2,Crossing,,2,03,17576595532914463501,poiNode__crossing_lvl2_alpha
877,1465,1,1,1,Ruin,,1,01,14369028728984258867,poiNode__ruin_lvl1_riverlands_alpha
1089,1465,2,2,4,Settlement (Town),,2,07,17574922458373617218,poiNode__town_lvl2_iron_riverlands_alpha
1647,1465,2,2,4,Tunnel,,1,,7704304218758448187,poiNode__tunnel_lvl1_crownlands_alpha
682,1466,1,1,1,Ruin,,1,01,4069333285272614884,poiNode__ruin_lvl1_crownlands_alpha
699,1466,2,2,4,Settlement (Town),,2,0b,6299085069917208579,poiNode__town_lvl2_stone_crownlands_alpha
780,1466,1,1,1,Ruin,,1,01,4069333285272614884,poiNode__ruin_lvl1_crownlands_alpha
1238,1466,1,1,1,Ruin,,1,01,14369028728984258867,poiNode__ruin_lvl1_riverlands_alpha
1657,1466,2,2,4,Tunnel,,1,06,7704304218758448187,poiNode__tunnel_lvl1_crownlands_alpha
820,1467,1,1,1,Ruin,,1,01,14369028728984258867,poiNode__ruin_lvl1_riverlands_alpha
1007,1467,1,1,1,Ruin,,1,01,14369028728984258867,poiNode__ruin_lvl1_riverlands_alpha
1323,1467,1,1,1,Ruin,,1,01,14369028728984258867,poiNode__ruin_lvl1_riverlands_alpha
1573,1467,2,2,4,Tunnel,,1,,7704304218758448187,poiNode__tunnel_lvl1_crownlands_alpha
647,1468,1,1,1,Ruin,,1,01,4069333285272614884,poiNode__ruin_lvl1_crownlands_alpha
792,1468,1,2,2,Tunnel,,2,03,1315898000168475582,poiNode__tunnel_lvl2_crownlands_alpha
1662,1468,1,1,1,Ruin,,1,01,4069333285272614884,poiNode__ruin_lvl1_crownlands_alpha
1050,1469,1,1,1,Ruin,,1,01,14369028728984258867,poiNode__ruin_lvl1_riverlands_alpha
1138,1469,3,5,15,Bridge,,2,a414,1498553686271999927,poiNode__bridge_5hex_lvl2_alpha
1403,1469,1,2,2,Crossing,,2,03,17576595532914463501,poiNode__crossing_lvl2_alpha
1582,1469,1,2,2,Tunnel,,1,03,7704304218758448187,poiNode__tunnel_lvl1_crownlands_alpha
1696,1469,4,3,12,Seat of Power,Redfort,,fe0e,338707189225430393,poiNode__sop_Redfort_alpha
1715,1469,1,2,2,Tunnel,,1,03,7704304218758448187,poiNode__tunnel_lvl1_crownlands_alpha
633,1470,1,1,1,Ruin,,1,01,4069333285272614884,poiNode__ruin_lvl1_crownlands_alpha
693,1470,1,1,1,Ruin,,1,01,4069333285272614884,poiNode__ruin_lvl1_crownlands_alpha
912,1470,2,2,4,Settlement (Town),,4,0b,1328785020288701477,poiNode__town_lvl4_wood_riverlands_alpha
1084,1470,3,3,9,Castle,,2,9f00,15724056029190769230,poiNode__castle_lvl2_riverlands_alpha
672,1471,1,1,1,Ruin,,1,01,4069333285272614884,poiNode__ruin_lvl1_crownlands_alpha
707,1471,1,1,1,Ruin,,1,01,4069333285272614884,poiNode__ruin_lvl1_crownlands_alpha
964,1471,1,1,1,Ruin,,1,01,14369028728984258867,poiNode__ruin_lvl1_riverlands_alpha
995,1471,2,2,4,Settlement (Town),,4,07,1328785020288701477,poiNode__town_lvl4_wood_riverlands_alpha
1476,1471,2,2,4,Settlement (Town),,1,07,13182809626522154944,poiNode__town_lvl1_food_riverlands_alpha
656,1472,1,1,1,Ruin,,1,01,4069333285272614884,poiNode__ruin_lvl1_crownlands_alpha
725,1472,1,1,1,Ruin,,1,01,4069333285272614884,poiNode__ruin_lvl1_crownlands_alpha
733,1472,1,1,1,Ruin,,1,01,4069333285272614884,poiNode__ruin_lvl1_crownlands_alpha
778,1472,2,2,4,Tunnel,,2,06,1315898000168475582,poiNode__tunnel_lvl2_crownlands_alpha
1349,1472,1,1,1,Ruin,,1,01,14369028728984258867,poiNode__ruin_lvl1_riverlands_alpha
746,1473,1,1,1,Ruin,,1,01,4069333285272614884,poiNode__ruin_lvl1_crownlands_alpha
1189,1473,1,1,1,Ruin,,1,01,14369028728984258867,poiNode__ruin_lvl1_riverlands_alpha
739,1474,2,2,4,Settlement (Town),,2,0b,6299085069917208579,poiNode__town_lvl2_stone_crownlands_alpha
759,1474,1,1,1,Ruin,,1,01,4069333285272614884,poiNode__ruin_lvl1_crownlands_alpha
797,1474,2,1,2,Tunnel,,2,03,1315898000168475582,poiNode__tunnel_lvl2_crownlands_alpha
1277,1474,1,1,1,Ruin,,1,01,14369028728984258867,poiNode__ruin_lvl1_riverlands_alpha
919,1475,1,1,1,Ruin,,1,01,14369028728984258867,poiNode__ruin_lvl1_riverlands_alpha
753,1476,3,2,6,Dragon Sanctum,,1,1e,10375726052514243646,poiNode__dragonsanctum_lv01_crownlands_alpha
1150,1476,2,2,4,Settlement (Town),,2,0b,12140295094117105364,poiNode__town_lvl2_stone_riverlands_alpha
1325,1476,2,2,4,Settlement (Town),,2,0b,11303916270620475278,poiNode__town_lvl2_food_riverlands_alpha
664,1477,1,1,1,Ruin,,1,01,4069333285272614884,poiNode__ruin_lvl1_crownlands_alpha
1248,1477,1,1,1,Ruin,,1,01,14369028728984258867,poiNode__ruin_lvl1_riverlands_alpha
1306,1477,1,1,1,Ruin,,1,01,14369028728984258867,poiNode__ruin_lvl1_riverlands_alpha
1767,1477,2,2,4,Tunnel,,1,06,7704304218758448187,poiNode__tunnel_lvl1_crownlands_alpha
675,1478,2,2,4,Settlement (Town),,2,0b,6299085069917208579,poiNode__town_lvl2_stone_crownlands_alpha
1226,1478,3,3,9,Castle,,2,9f00,15724056029190769230,poiNode__castle_lvl2_riverlands_alpha
1385,1478,1,1,1,Ruin,,1,01,14369028728984258867,poiNode__ruin_lvl1_riverlands_alpha
634,1479,1,1,1,Ruin,,1,01,4069333285272614884,poiNode__ruin_lvl1_crownlands_alpha
771,1479,2,1,2,Tunnel,,2,03,1315898000168475582,poiNode__tunnel_lvl2_crownlands_alpha
910,1479,1,1,1,Ruin,,1,01,14369028728984258867,poiNode__ruin_lvl1_riverlands_alpha
1215,1479,1,1,1,Ruin,,1,01,14369028728984258867,poiNode__ruin_lvl1_riverlands_alpha
1341,1479,1,1,1,Ruin,,1,01,14369028728984258867,poiNode__ruin_lvl1_riverlands_alpha
1717,1479,1,2,2,Tunnel,,1,03,7704304218758448187,poiNode__tunnel_lvl1_crownlands_alpha
901,1480,2,2,4,Crossing,,4,06,10638324116765093946,poiNode__crossing_lvl4_alpha
1132,1480,1,1,1,Ruin,,1,01,14369028728984258867,poiNode__ruin_lvl1_riverlands_alpha
1669,1480,2,2,4,Tunnel,,1,06,7704304218758448187,poiNode__tunnel_lvl1_crownlands_alpha
703,1481,1,1,1,Ruin,,1,01,4069333285272614884,poiNode__ruin_lvl1_crownlands_alpha
718,1482,2,2,4,Settlement (Town),,2,0b,7192166805953233241,poiNode__town_lvl2_food_crownlands_alpha
726,1482,1,1,1,Ruin,,1,01,4069333285272614884,poiNode__ruin_lvl1_crownlands_alpha
1150,1482,1,1,1,Ruin,,1,01,14369028728984258867,poiNode__ruin_lvl1_riverlands_alpha
1264,1482,1,1,1,Ruin,,1,01,14369028728984258867,poiNode__ruin_lvl1_riverlands_alpha
1534,1482,1,1,1,Ruin,,1,01,4069333285272614884,poiNode__ruin_lvl1_crownlands_alpha
760,1483,1,1,1,Ruin,,1,01,4069333285272614884,poiNode__ruin_lvl1_crownlands_alpha
793,1483,1,1,1,Ruin,,1,01,4069333285272614884,poiNode__ruin_lvl1_crownlands_alpha
1285,1483,1,1,1,Ruin,,1,01,14369028728984258867,poiNode__ruin_lvl1_riverlands_alpha
1256,1484,1,1,1,Ruin,,1,01,14369028728984258867,poiNode__ruin_lvl1_riverlands_alpha
652,1485,1,1,1,Ruin,,1,01,4069333285272614884,poiNode__ruin_lvl1_crownlands_alpha
673,1485,1,1,1,Ruin,,1,01,4069333285272614884,poiNode__ruin_lvl1_crownlands_alpha
931,1485,1,1,1,Ruin,,1,01,14369028728984258867,poiNode__ruin_lvl1_riverlands_alpha
737,1486,1,1,1,Ruin,,1,01,4069333285272614884,poiNode__ruin_lvl1_crownlands_alpha
901,1486,1,2,2,Crossing,,4,03,10638324116765093946,poiNode__crossing_lvl4_alpha
1005,1486,1,1,1,Ruin,,1,01,14369028728984258867,poiNode__ruin_lvl1_riverlands_alpha
1035,1486,6,5,30,Great House Capital,Riverrun,,,15171310661232145895,poiNode__capital_Riverrun_alpha
685,1489,1,1,1,Ruin,,1,01,4069333285272614884,poiNode__ruin_lvl1_crownlands_alpha
715,1489,1,1,1,Ruin,,1,01,4069333285272614884,poiNode__ruin_lvl1_crownlands_alpha
771,1489,2,2,4,Settlement (Town),,2,07,7192166805953233241,poiNode__town_lvl2_food_crownlands_alpha
965,1489,1,1,1,Ruin,,1,01,14369028728984258867,poiNode__ruin_lvl1_riverlands_alpha
1052,1489,1,1,1,Ruin,,1,01,14369028728984258867,poiNode__ruin_lvl1_riverlands_alpha
1116,1489,2,2,4,Dragon Sanctum,,4,0f,17948439992778488422,poiNode__dragonsanctum_lv04_riverlands_alpha
1205,1489,1,1,1,Ruin,,1,01,14369028728984258867,poiNode__ruin_lvl1_riverlands_alpha
1292,1489,2,2,4,Settlement (Town),,2,07,5056014063526610105,poiNode__town_lvl2_wood_riverlands_alpha
1316,1489,1,1,1,Ruin,,1,01,14369028728984258867,poiNode__ruin_lvl1_riverlands_alpha
707,1490,3,3,9,Castle,,2,9f00,2677169842261652633,poiNode__castle_lvl2_crownlands_alpha
779,1490,1,1,1,Ruin,,1,01,4069333285272614884,poiNode__ruin_lvl1_crownlands_alpha
1097,1490,1,1,1,Ruin,,1,01,14369028728984258867,poiNode__ruin_lvl1_riverlands_alpha
1214,1490,1,1,1,Ruin,,1,01,14369028728984258867,poiNode__ruin_lvl1_riverlands_alpha
1272,1490,1,1,1,Ruin,,1,01,14369028728984258867,poiNode__ruin_lvl1_riverlands_alpha
801,1491,1,1,1,Ruin,,1,01,4069333285272614884,poiNode__ruin_lvl1_crownlands_alpha
668,1492,1,1,1,Ruin,,1,01,4069333285272614884,poiNode__ruin_lvl1_crownlands_alpha
1083,1492,1,1,1,Ruin,,1,01,14369028728984258867,poiNode__ruin_lvl1_riverlands_alpha
1398,1492,2,2,4,Settlement (Town),,1,0b,7784399899789266167,poiNode__town_lvl1_wood_riverlands_alpha
1597,1492,1,2,2,Tunnel,,1,03,7704304218758448187,poiNode__tunnel_lvl1_crownlands_alpha
747,1493,2,2,4,Tunnel,,2,,1315898000168475582,poiNode__tunnel_lvl2_crownlands_alpha
1780,1493,1,1,1,Ruin,,1,01,4069333285272614884,poiNode__ruin_lvl1_crownlands_alpha
731,1494,1,1,1,Ruin,,1,01,4069333285272614884,poiNode__ruin_lvl1_crownlands_alpha
757,1494,2,1,2,Tunnel,,2,03,1315898000168475582,poiNode__tunnel_lvl2_crownlands_alpha
985,1494,1,1,1,Ruin,,1,01,14369028728984258867,poiNode__ruin_lvl1_riverlands_alpha
1222,1494,1,1,1,Ruin,,1,01,14369028728984258867,poiNode__ruin_lvl1_riverlands_alpha
1303,1494,1,1,1,Ruin,,1,01,14369028728984258867,poiNode__ruin_lvl1_riverlands_alpha
1515,1494,1,1,1,Ruin,,1,01,4069333285272614884,poiNode__ruin_lvl1_crownlands_alpha
1669,1494,2,1,2,Tunnel,,1,03,7704304218758448187,poiNode__tunnel_lvl1_crownlands_alpha
697,1495,1,1,1,Ruin,,1,01,4069333285272614884,poiNode__ruin_lvl1_crownlands_alpha
763,1495,1,1,1,Ruin,,1,01,4069333285272614884,poiNode__ruin_lvl1_crownlands_alpha
1567,1496,1,2,2,Tunnel,,1,03,7704304218758448187,poiNode__tunnel_lvl1_crownlands_alpha
676,1497,1,1,1,Ruin,,1,01,4069333285272614884,poiNode__ruin_lvl1_crownlands_alpha
1109,1497,1,1,1,Ruin,,1,01,14369028728984258867,poiNode__ruin_lvl1_riverlands_alpha
1134,1497,1,1,1,Ruin,,1,01,14369028728984258867,poiNode__ruin_lvl1_riverlands_alpha
1188,1497,1,1,1,Ruin,,1,01,14369028728984258867,poiNode__ruin_lvl1_riverlands_alpha
1600,1497,1,2,2,Tunnel,,1,03,7704304218758448187,poiNode__tunnel_lvl1_crownlands_alpha
1676,1497,3,3,9,Castle,,1,b700,6741636123857038108,poiNode__castle_lvl1_crownlands_alpha
686,1498,1,1,1,Ruin,,1,01,4069333285272614884,poiNode__ruin_lvl1_crownlands_alpha
800,1498,2,2,4,Tunnel,,2,06,1315898000168475582,poiNode__tunnel_lvl2_crownlands_alpha
1041,1498,1,1,1,Ruin,,1,01,14369028728984258867,poiNode__ruin_lvl1_riverlands_alpha
1092,1498,2,2,4,Settlement (Town),,2,0b,11303916270620475278,poiNode__town_lvl2_food_riverlands_alpha
740,1499,1,1,1,Ruin,,1,01,4069333285272614884,poiNode__ruin_lvl1_crownlands_alpha
1147,1499,1,1,1,Ruin,,1,01,14369028728984258867,poiNode__ruin_lvl1_riverlands_alpha
1314,1499,2,2,4,Crossing,,2,,17576595532914463501,poiNode__crossing_lvl2_alpha
704,1500,1,1,1,Ruin,,1,01,4069333285272614884,poiNode__ruin_lvl1_crownlands_alpha
876,1500,3,3,9,Castle,,2,9f00,15724056029190769230,poiNode__castle_lvl2_riverlands_alpha
1069,1500,1,1,1,Ruin,,1,01,14369028728984258867,poiNode__ruin_lvl1_riverlands_alpha
778,1501,1,1,1,Ruin,,1,01,4069333285272614884,poiNode__ruin_lvl1_crownlands_alpha
895,1501,1,1,1,Ruin,,1,01,14369028728984258867,poiNode__ruin_lvl1_riverlands_alpha
1842,1501,1,1,1,Ruin,,1,01,4069333285272614884,poiNode__ruin_lvl1_crownlands_alpha
657,1502,1,1,1,Ruin,,1,01,4069333285272614884,poiNode__ruin_lvl1_crownlands_alpha
696,1502,2,2,4,Settlement (Town),,2,0b,6299085069917208579,poiNode__town_lvl2_stone_crownlands_alpha
770,1502,1,1,1,Ruin,,1,01,4069333285272614884,poiNode__ruin_lvl1_crownlands_alpha
807,1502,2,2,4,Settlement (Town),,2,0b,7192166805953233241,poiNode__town_lvl2_food_crownlands_alpha
828,1502,1,1,1,Ruin,,1,01,14369028728984258867,poiNode__ruin_lvl1_riverlands_alpha
834,1502,2,2,4,Settlement (Town),,2,0b,11303916270620475278,poiNode__town_lvl2_food_riverlands_alpha
1023,1503,2,2,4,Settlement (Town),,2,07,17574922458373617218,poiNode__town_lvl2_iron_riverlands_alpha
1253,1503,1,1,1,Ruin,,1,01,14369028728984258867,poiNode__ruin_lvl1_riverlands_alpha
1718,1503,1,1,1,Ruin,,1,01,4069333285272614884,poiNode__ruin_lvl1_crownlands_alpha
666,1504,1,1,1,Ruin,,1,01,4069333285272614884,poiNode__ruin_lvl1_crownlands_alpha
715,1504,1,1,1,Ruin,,1,01,4069333285272614884,poiNode__ruin_lvl1_crownlands_alpha
757,1504,1,1,1,Ruin,,1,01,4069333285272614884,poiNode__ruin_lvl1_crownlands_alpha
941,1504,1,1,1,Ruin,,1,01,14369028728984258867,poiNode__ruin_lvl1_riverlands_alpha
1119,1504,1,1,1,Ruin,,1,01,14369028728984258867,poiNode__ruin_lvl1_riverlands_alpha
1235,1504,1,1,1,Ruin,,1,01,14369028728984258867,poiNode__ruin_lvl1_riverlands_alpha
1429,1504,1,1,1,Ruin,,1,01,14369028728984258867,poiNode__ruin_lvl1_riverlands_alpha
1452,1504,3,3,9,Castle,,1,9f00,11718150976661951947,poiNode__castle_lvl1_riverlands_alpha
1643,1504,2,2,4,Settlement (Town),,1,0b,2800008357386502363,poiNode__town_lvl1_iron_crownlands_alpha
1693,1504,1,1,1,Ruin,,1,01,4069333285272614884,poiNode__ruin_lvl1_crownlands_alpha
812,1505,1,1,1,Ruin,,1,01,4069333285272614884,poiNode__ruin_lvl1_crownlands_alpha
950,1505,2,2,4,Crossing,,2,,17576595532914463501,poiNode__crossing_lvl2_alpha
1224,1505,1,1,1,Ruin,,1,01,14369028728984258867,poiNode__ruin_lvl1_riverlands_alpha
1316,1505,1,2,2,Crossing,,2,03,17576595532914463501,poiNode__crossing_lvl2_alpha
1169,1506,1,1,1,Ruin,,1,01,14369028728984258867,poiNode__ruin_lvl1_riverlands_alpha
1181,1506,3,3,9,Castle,,2,9f00,15724056029190769230,poiNode__castle_lvl2_riverlands_alpha
741,1507,1,2,2,Crossing,,2,03,17576595532914463501,poiNode__crossing_lvl2_alpha
919,1507,1,1,1,Ruin,,1,01,14369028728984258867,poiNode__ruin_lvl1_riverlands_alpha
1612,1507,2,2,4,Tunnel,,1,,7704304218758448187,poiNode__tunnel_lvl1_crownlands_alpha
782,1508,3,3,9,Castle,,2,9f00,2677169842261652633,poiNode__castle_lvl2_crownlands_alpha
789,1508,1,1,1,Ruin,,1,01,4069333285272614884,poiNode__ruin_lvl1_crownlands_alpha
799,1508,1,2,2,Tunnel,,2,03,1315898000168475582,poiNode__tunnel_lvl2_crownlands_alpha
1241,1508,3,2,6,Dragon Sanctum,,4,1e,17948439992778488422,poiNode__dragonsanctum_lv04_riverlands_alpha
818,1509,1,1,1,Ruin,,1,01,14369028728984258867,poiNode__ruin_lvl1_riverlands_alpha
961,1509,3,3,9,Castle,,2,b700,15724056029190769230,poiNode__castle_lvl2_riverlands_alpha
1090,1509,1,2,2,Crossing,,2,03,17576595532914463501,poiNode__crossing_lvl2_alpha
1257,1509,2,2,4,Crossing,,2,,17576595532914463501,poiNode__crossing_lvl2_alpha
679,1510,1,1,1,Ruin,,1,01,4069333285272614884,poiNode__ruin_lvl1_crownlands_alpha
735,1510,1,2,2,Crossing,,2,03,17576595532914463501,poiNode__crossing_lvl2_alpha
980,1510,1,1,1,Ruin,,1,01,14369028728984258867,poiNode__ruin_lvl1_riverlands_alpha
1313,1510,1,1,1,Ruin,,1,01,14369028728984258867,poiNode__ruin_lvl1_riverlands_alpha
1457,1510,1,1,1,Ruin,,1,01,14369028728984258867,poiNode__ruin_lvl1_riverlands_alpha
705,1511,1,1,1,Ruin,,1,01,4069333285272614884,poiNode__ruin_lvl1_crownlands_alpha
762,1511,2,2,4,Settlement (Town),,2,07,6299085069917208579,poiNode__town_lvl2_stone_crownlands_alpha
1436,1511,1,1,1,Ruin,,1,01,14369028728984258867,poiNode__ruin_lvl1_riverlands_alpha
1568,1511,1,2,2,Tunnel,,1,03,7704304218758448187,poiNode__tunnel_lvl1_crownlands_alpha
1741,1511,1,1,1,Ruin,,1,01,4069333285272614884,poiNode__ruin_lvl1_crownlands_alpha
1233,1512,2,2,4,Settlement (Town),,2,0b,11303916270620475278,poiNode__town_lvl2_food_riverlands_alpha
1282,1512,3,3,9,Castle,,2,9f00,15724056029190769230,poiNode__castle_lvl2_riverlands_alpha
1297,1512,2,2,4,Settlement (Town),,2,0b,12140295094117105364,poiNode__town_lvl2_stone_riverlands_alpha
1620,1512,2,2,4,Tunnel,,1,06,7704304218758448187,poiNode__tunnel_lvl1_crownlands_alpha
723,1513,1,1,1,Ruin,,1,01,4069333285272614884,poiNode__ruin_lvl1_crownlands_alpha
698,1514,1,1,1,Ruin,,1,01,4069333285272614884,poiNode__ruin_lvl1_crownlands_alpha
670,1515,3,4,12,Bridge,,2,9402,14462941546211862082,poiNode__bridge_4hex_lvl2_alpha
954,1515,1,2,2,Crossing,,2,03,17576595532914463501,poiNode__crossing_lvl2_alpha
1086,1515,2,2,4,Crossing,,2,06,17576595532914463501,poiNode__crossing_lvl2_alpha
1260,1515,1,2,2,Crossing,,2,03,17576595532914463501,poiNode__crossing_lvl2_alpha
687,1516,3,4,12,Bridge,,2,9108,14462941546211862082,poiNode__bridge_4hex_lvl2_alpha
736,1516,1,1,1,Ruin,,1,01,4069333285272614884,poiNode__ruin_lvl1_crownlands_alpha
766,1516,1,1,1,Ruin,,1,01,4069333285272614884,poiNode__ruin_lvl1_crownlands_alpha
796,1516,1,1,1,Ruin,,1,01,4069333285272614884,poiNode__ruin_lvl1_crownlands_alpha
658,1517,1,1,1,Ruin,,1,01,4069333285272614884,poiNode__ruin_lvl1_crownlands_alpha
1484,1517,1,1,1,Ruin,,1,01,14369028728984258867,poiNode__ruin_lvl1_riverlands_alpha
778,1518,1,1,1,Ruin,,1,01,4069333285272614884,poiNode__ruin_lvl1_crownlands_alpha
1079,1518,1,1,1,Ruin,,1,01,14369028728984258867,poiNode__ruin_lvl1_riverlands_alpha
1382,1518,3,3,9,Castle,,1,9f00,11718150976661951947,poiNode__castle_lvl1_riverlands_alpha
1838,1518,2,2,4,Harbor/Dock,,1,07,3339517120722164282,poiNode__harbor_lvl1_alpha
705,1519,1,1,1,Ruin,,1,01,4069333285272614884,poiNode__ruin_lvl1_crownlands_alpha
835,1519,2,2,4,Tunnel,,2,,1315898000168475582,poiNode__tunnel_lvl2_crownlands_alpha
1001,1519,1,1,1,Ruin,,1,01,14369028728984258867,poiNode__ruin_lvl1_riverlands_alpha
1179,1519,2,3,6,Bridge,,2,16,6488258009797769972,poiNode__bridge_3hex_lvl2_alpha
726,1520,2,2,4,Settlement (Town),,2,0b,13347178834781780590,poiNode__town_lvl2_wood_crownlands_alpha
886,1520,4,3,12,Seat of Power,Raventree Hall,,f707,12767954336734932857,poiNode__sop_RaventreeHall_alpha
953,1520,2,2,4,Tunnel,,2,06,17101051989901829481,poiNode__tunnel_lvl2_riverlands_alpha
1196,1520,4,3,12,Seat of Power,Stone Hedge,,f707,1947191331813639513,poiNode__sop_StoneHedge_alpha
1226,1520,1,1,1,Ruin,,1,01,14369028728984258867,poiNode__ruin_lvl1_riverlands_alpha
695,1521,1,1,1,Ruin,,1,01,4069333285272614884,poiNode__ruin_lvl1_crownlands_alpha
717,1521,1,1,1,Ruin,,1,01,4069333285272614884,poiNode__ruin_lvl1_crownlands_alpha
756,1521,1,1,1,Ruin,,1,01,4069333285272614884,poiNode__ruin_lvl1_crownlands_alpha
1165,1521,1,1,1,Ruin,,1,01,14369028728984258867,poiNode__ruin_lvl1_riverlands_alpha
663,1522,2,2,4,Settlement (Town),,2,0b,6299085069917208579,poiNode__town_lvl2_stone_crownlands_alpha
785,1522,1,1,1,Ruin,,1,01,4069333285272614884,poiNode__ruin_lvl1_crownlands_alpha
805,1522,1,1,1,Ruin,,1,01,4069333285272614884,poiNode__ruin_lvl1_crownlands_alpha
1478,1522,2,2,4,Settlement (Town),,1,0b,15693785398671080972,poiNode__town_lvl1_iron_riverlands_alpha
842,1523,2,1,2,Tunnel,,2,03,17101051989901829481,poiNode__tunnel_lvl2_riverlands_alpha
940,1523,1,1,1,Ruin,,1,01,14369028728984258867,poiNode__ruin_lvl1_riverlands_alpha
651,1525,1,1,1,Ruin,,1,01,4069333285272614884,poiNode__ruin_lvl1_crownlands_alpha
685,1525,1,1,1,Ruin,,1,01,4069333285272614884,poiNode__ruin_lvl1_crownlands_alpha
737,1525,2,2,4,Tunnel,,2,,1315898000168475582,poiNode__tunnel_lvl2_crownlands_alpha
1575,1525,2,2,4,Tunnel,,1,,7704304218758448187,poiNode__tunnel_lvl1_crownlands_alpha
730,1526,1,1,1,Ruin,,1,01,4069333285272614884,poiNode__ruin_lvl1_crownlands_alpha
750,1527,1,1,1,Ruin,,1,01,4069333285272614884,poiNode__ruin_lvl1_crownlands_alpha
794,1527,1,1,1,Ruin,,1,01,4069333285272614884,poiNode__ruin_lvl1_crownlands_alpha
1020,1527,1,1,1,Ruin,,1,01,14369028728984258867,poiNode__ruin_lvl1_riverlands_alpha
1151,1527,1,1,1,Ruin,,1,01,14369028728984258867,poiNode__ruin_lvl1_riverlands_alpha
744,1528,2,1,2,Tunnel,,2,03,1315898000168475582,poiNode__tunnel_lvl2_crownlands_alpha
952,1528,1,2,2,Tunnel,,2,03,17101051989901829481,poiNode__tunnel_lvl2_riverlands_alpha
690,1529,2,2,4,Settlement (Town),,2,07,6299085069917208579,poiNode__town_lvl2_stone_crownlands_alpha
783,1529,1,1,1,Ruin,,1,01,4069333285272614884,poiNode__ruin_lvl1_crownlands_alpha
1266,1529,1,1,1,Ruin,,1,01,14369028728984258867,poiNode__ruin_lvl1_riverlands_alpha
1737,1529,1,1,1,Ruin,,1,01,4069333285272614884,poiNode__ruin_lvl1_crownlands_alpha
1083,1530,1,1,1,Ruin,,1,01,14369028728984258867,poiNode__ruin_lvl1_riverlands_alpha
1131,1530,1,1,1,Ruin,,1,01,14369028728984258867,poiNode__ruin_lvl1_riverlands_alpha
1324,1530,2,2,4,Crossing,,2,,17576595532914463501,poiNode__crossing_lvl2_alpha
911,1531,1,1,1,Ruin,,1,01,14369028728984258867,poiNode__ruin_lvl1_riverlands_alpha
765,1532,1,1,1,Ruin,,1,01,4069333285272614884,poiNode__ruin_lvl1_crownlands_alpha
1170,1532,1,1,1,Ruin,,1,01,14369028728984258867,poiNode__ruin_lvl1_riverlands_alpha
1316,1532,1,2,2,Crossing,,2,03,17576595532914463501,poiNode__crossing_lvl2_alpha
665,1533,1,1,1,Ruin,,1,01,4069333285272614884,poiNode__ruin_lvl1_crownlands_alpha
1049,1533,1,1,1,Ruin,,1,01,14369028728984258867,poiNode__ruin_lvl1_riverlands_alpha
1576,1533,1,2,2,Tunnel,,1,03,7704304218758448187,poiNode__tunnel_lvl1_crownlands_alpha
642,1534,1,1,1,Ruin,,1,01,4069333285272614884,poiNode__ruin_lvl1_crownlands_alpha
1334,1534,1,1,1,Ruin,,1,01,14369028728984258867,poiNode__ruin_lvl1_riverlands_alpha
681,1535,1,1,1,Ruin,,1,01,4069333285272614884,poiNode__ruin_lvl1_crownlands_alpha
806,1535,1,1,1,Ruin,,1,01,4069333285272614884,poiNode__ruin_lvl1_crownlands_alpha
1294,1535,2,2,4,Crossing,,2,,17576595532914463501,poiNode__crossing_lvl2_alpha
1398,1535,1,1,1,Ruin,,1,01,14369028728984258867,poiNode__ruin_lvl1_riverlands_alpha
1819,1535,2,2,4,Settlement (Town),,1,07,10599107479229116960,poiNode__town_lvl1_wood_crownlands_alpha
651,1536,1,1,1,Ruin,,1,01,4069333285272614884,poiNode__ruin_lvl1_crownlands_alpha
673,1536,3,2,6,Dragon Sanctum,,4,1e,433908501532394673,poiNode__dragonsanctum_lv04_crownlands_alpha
712,1536,2,2,4,Settlement (Town),,2,0b,6299085069917208579,poiNode__town_lvl2_stone_crownlands_alpha
1061,1536,1,1,1,Ruin,,1,01,14369028728984258867,poiNode__ruin_lvl1_riverlands_alpha
1864,1536,1,1,1,Ruin,,1,01,4069333285272614884,poiNode__ruin_lvl1_crownlands_alpha
1981,1536,2,2,4,Settlement (Town),,1,0b,5323986953385167127,poiNode__town_lvl1_food_crownlands_alpha
696,1537,1,1,1,Ruin,,1,01,4069333285272614884,poiNode__ruin_lvl1_crownlands_alpha
721,1537,1,1,1,Ruin,,1,01,4069333285272614884,poiNode__ruin_lvl1_crownlands_alpha
769,1537,2,2,4,Settlement (Town),,2,07,7192166805953233241,poiNode__town_lvl2_food_crownlands_alpha
1126,1537,3,5,15,Bridge,,2,a414,1498553686271999927,poiNode__bridge_5hex_lvl2_alpha
1300,1537,1,2,2,Crossing,,2,03,17576595532914463501,poiNode__crossing_lvl2_alpha
1854,1537,2,2,4,Harbor/Dock,,1,0e,3339517120722164282,poiNode__harbor_lvl1_alpha
1927,1537,3,3,9,Castle,,1,b700,6741636123857038108,poiNode__castle_lvl1_crownlands_alpha
743,1538,1,1,1,Ruin,,1,01,4069333285272614884,poiNode__ruin_lvl1_crownlands_alpha
787,1539,1,1,1,Ruin,,1,01,4069333285272614884,poiNode__ruin_lvl1_crownlands_alpha
1114,1539,1,1,1,Ruin,,1,01,14369028728984258867,poiNode__ruin_lvl1_riverlands_alpha
1726,1539,3,3,9,Castle,,1,b700,6741636123857038108,poiNode__castle_lvl1_crownlands_alpha
779,1540,1,1,1,Ruin,,1,01,4069333285272614884,poiNode__ruin_lvl1_crownlands_alpha
796,1540,2,2,4,Settlement (Town),,2,0b,7192166805953233241,poiNode__town_lvl2_food_crownlands_alpha
931,1540,1,1,1,Ruin,,1,01,14369028728984258867,poiNode__ruin_lvl1_riverlands_alpha
963,1540,1,2,2,Tunnel,,2,03,17101051989901829481,poiNode__tunnel_lvl2_riverlands_alpha
1286,1540,1,1,1,Ruin,,1,01,14369028728984258867,poiNode__ruin_lvl1_riverlands_alpha
1986,1541,1,1,1,Ruin,,1,01,4069333285272614884,poiNode__ruin_lvl1_crownlands_alpha
637,1542,1,1,1,Ruin,,1,01,4069333285272614884,poiNode__ruin_lvl1_crownlands_alpha
679,1542,3,3,9,Castle,,2,9f00,2677169842261652633,poiNode__castle_lvl2_crownlands_alpha
700,1542,3,2,6,Dragon Sanctum,,1,1e,10375726052514243646,poiNode__dragonsanctum_lv01_crownlands_alpha
738,1542,2,2,4,Settlement (Town),,2,0b,934088675522857109,poiNode__town_lvl2_iron_crownlands_alpha
756,1542,1,1,1,Ruin,,1,01,4069333285272614884,poiNode__ruin_lvl1_crownlands_alpha
889,1542,1,1,1,Ruin,,1,01,14369028728984258867,poiNode__ruin_lvl1_riverlands_alpha
1264,1542,1,1,1,Ruin,,1,01,14369028728984258867,poiNode__ruin_lvl1_riverlands_alpha
660,1543,1,1,1,Ruin,,1,01,4069333285272614884,poiNode__ruin_lvl1_crownlands_alpha
1634,1543,1,1,1,Ruin,,1,01,4069333285272614884,poiNode__ruin_lvl1_crownlands_alpha
800,1544,1,1,1,Ruin,,1,01,4069333285272614884,poiNode__ruin_lvl1_crownlands_alpha
1080,1544,1,1,1,Ruin,,1,01,14369028728984258867,poiNode__ruin_lvl1_riverlands_alpha
644,1545,1,1,1,Ruin,,1,01,4069333285272614884,poiNode__ruin_lvl1_crownlands_alpha
748,1545,1,1,1,Ruin,,1,01,4069333285272614884,poiNode__ruin_lvl1_crownlands_alpha
672,1546,2,2,4,Settlement (Town),,2,0b,934088675522857109,poiNode__town_lvl2_iron_crownlands_alpha
773,1546,1,1,1,Ruin,,1,01,4069333285272614884,poiNode__ruin_lvl1_crownlands_alpha
1168,1546,1,1,1,Ruin,,1,01,14369028728984258867,poiNode__ruin_lvl1_riverlands_alpha
688,1547,1,1,1,Ruin,,1,01,4069333285272614884,poiNode__ruin_lvl1_crownlands_alpha
941,1547,2,2,4,Settlement (Town),,2,07,11303916270620475278,poiNode__town_lvl2_food_riverlands_alpha
968,1547,1,2,2,Tunnel,,2,03,17101051989901829481,poiNode__tunnel_lvl2_riverlands_alpha
989,1547,1,1,1,Ruin,,1,01,14369028728984258867,poiNode__ruin_lvl1_riverlands_alpha
1147,1547,2,2,4,Settlement (Town),,2,07,17574922458373617218,poiNode__town_lvl2_iron_riverlands_alpha
1195,1547,1,1,1,Ruin,,1,01,14369028728984258867,poiNode__ruin_lvl1_riverlands_alpha
1207,1547,1,1,1,Ruin,,1,01,14369028728984258867,poiNode__ruin_lvl1_riverlands_alpha
717,1548,1,1,1,Ruin,,1,01,4069333285272614884,poiNode__ruin_lvl1_crownlands_alpha
738,1548,1,1,1,Ruin,,1,01,4069333285272614884,poiNode__ruin_lvl1_crownlands_alpha
1177,1548,1,1,1,Ruin,,1,01,14369028728984258867,poiNode__ruin_lvl1_riverlands_alpha
783,1549,3,3,9,Castle,,2,b700,2677169842261652633,poiNode__castle_lvl2_crownlands_alpha
676,1550,1,1,1,Ruin,,1,01,4069333285272614884,poiNode__ruin_lvl1_crownlands_alpha
1248,1550,1,1,1,Ruin,,1,01,14369028728984258867,poiNode__ruin_lvl1_riverlands_alpha
633,1551,1,1,1,Ruin,,1,01,4069333285272614884,poiNode__ruin_lvl1_crownlands_alpha
700,1551,1,1,1,Ruin,,1,01,4069333285272614884,poiNode__ruin_lvl1_crownlands_alpha
836,1551,1,1,1,Ruin,,1,01,14369028728984258867,poiNode__ruin_lvl1_riverlands_alpha
1570,1551,2,2,4,Settlement (Town),,1,07,10599107479229116960,poiNode__town_lvl1_wood_crownlands_alpha
754,1552,1,1,1,Ruin,,1,01,4069333285272614884,poiNode__ruin_lvl1_crownlands_alpha
999,1552,1,1,1,Ruin,,1,01,14369028728984258867,poiNode__ruin_lvl1_riverlands_alpha
1036,1552,1,1,1,Ruin,,1,01,14369028728984258867,poiNode__ruin_lvl1_riverlands_alpha
1231,1552,1,1,1,Ruin,,1,01,14369028728984258867,poiNode__ruin_lvl1_riverlands_alpha
663,1553,1,1,1,Ruin,,1,01,4069333285272614884,poiNode__ruin_lvl1_crownlands_alpha
797,1553,1,1,1,Ruin,,1,01,4069333285272614884,poiNode__ruin_lvl1_crownlands_alpha
1122,1554,1,1,1,Ruin,,1,01,14369028728984258867,poiNode__ruin_lvl1_riverlands_alpha
1269,1554,1,1,1,Ruin,,1,01,14369028728984258867,poiNode__ruin_lvl1_riverlands_alpha
1889,1554,1,1,1,Ruin,,1,01,4069333285272614884,poiNode__ruin_lvl1_crownlands_alpha
730,1555,1,1,1,Ruin,,1,01,4069333285272614884,poiNode__ruin_lvl1_crownlands_alpha
789,1555,1,1,1,Ruin,,1,01,4069333285272614884,poiNode__ruin_lvl1_crownlands_alpha
1062,1556,1,1,1,Ruin,,1,01,14369028728984258867,poiNode__ruin_lvl1_riverlands_alpha
1224,1556,1,1,1,Ruin,,1,01,14369028728984258867,poiNode__ruin_lvl1_riverlands_alpha
1320,1556,2,3,6,Bridge,,1,1a,12353644835132525818,poiNode__bridge_3hex_lvl1_alpha
650,1557,1,1,1,Ruin,,1,01,4069333285272614884,poiNode__ruin_lvl1_crownlands_alpha
794,1557,1,1,1,Ruin,,1,01,14369028728984258867,poiNode__ruin_lvl1_riverlands_alpha
1092,1557,2,4,8,Bridge,,2,a5,14462941546211862082,poiNode__bridge_4hex_lvl2_alpha
1183,1557,2,2,4,Settlement (Town),,2,07,12140295094117105364,poiNode__town_lvl2_stone_riverlands_alpha
1402,1557,1,1,1,Ruin,,1,01,14369028728984258867,poiNode__ruin_lvl1_riverlands_alpha
640,1558,3,4,12,Seat of Power,Banefort,,fb0d,9821085688014930085,poiNode__sop_Banefort_alpha
760,1558,1,1,1,Ruin,,1,01,4069333285272614884,poiNode__ruin_lvl1_crownlands_alpha
1561,1558,1,1,1,Ruin,,1,01,4069333285272614884,poiNode__ruin_lvl1_crownlands_alpha
1750,1558,2,2,4,Settlement (Town),,1,0b,2800008357386502363,poiNode__town_lvl1_iron_crownlands_alpha
775,1559,1,1,1,Ruin,,1,01,4069333285272614884,poiNode__ruin_lvl1_crownlands_alpha
916,1559,3,3,9,Castle,,2,b700,15724056029190769230,poiNode__castle_lvl2_riverlands_alpha
1710,1559,1,1,1,Ruin,,1,01,4069333285272614884,poiNode__ruin_lvl1_crownlands_alpha
1898,1559,1,1,1,Ruin,,1,01,4069333285272614884,poiNode__ruin_lvl1_crownlands_alpha
1497,1560,1,1,1,Ruin,,1,01,4069333285272614884,poiNode__ruin_lvl1_crownlands_alpha
1987,1560,3,3,9,Castle,,1,9f00,6741636123857038108,poiNode__castle_lvl1_crownlands_alpha
705,1561,1,1,1,Ruin,,1,01,4069333285272614884,poiNode__ruin_lvl1_crownlands_alpha
715,1561,1,1,1,Ruin,,1,01,4069333285272614884,poiNode__ruin_lvl1_crownlands_alpha
1204,1561,1,1,1,Ruin,,1,01,14369028728984258867,poiNode__ruin_lvl1_riverlands_alpha
1796,1561,1,1,1,Ruin,,1,01,4069333285272614884,poiNode__ruin_lvl1_crownlands_alpha
659,1562,1,1,1,Ruin,,1,01,4069333285272614884,poiNode__ruin_lvl1_crownlands_alpha
729,1562,3,3,9,Castle,,2,9f00,2677169842261652633,poiNode__castle_lvl2_crownlands_alpha
867,1562,1,1,1,Ruin,,1,01,14369028728984258867,poiNode__ruin_lvl1_riverlands_alpha
968,1562,1,1,1,Ruin,,1,01,14369028728984258867,poiNode__ruin_lvl1_riverlands_alpha
1038,1562,1,1,1,Ruin,,1,01,14369028728984258867,poiNode__ruin_lvl1_riverlands_alpha
1346,1562,1,1,1,Ruin,,1,01,14369028728984258867,poiNode__ruin_lvl1_riverlands_alpha
1819,1562,3,3,9,Castle,,1,9f00,6741636123857038108,poiNode__castle_lvl1_crownlands_alpha
739,1563,1,1,1,Ruin,,1,01,4069333285272614884,poiNode__ruin_lvl1_crownlands_alpha
673,1564,1,1,1,Ruin,,1,01,4069333285272614884,poiNode__ruin_lvl1_crownlands_alpha
767,1564,1,1,1,Ruin,,1,01,4069333285272614884,poiNode__ruin_lvl1_crownlands_alpha
784,1564,1,1,1,Ruin,,1,01,4069333285272614884,poiNode__ruin_lvl1_crownlands_alpha
697,1565,2,2,4,Settlement (Town),,2,07,13347178834781780590,poiNode__town_lvl2_wood_crownlands_alpha
819,1565,1,1,1,Ruin,,1,01,14369028728984258867,poiNode__ruin_lvl1_riverlands_alpha
901,1565,1,1,1,Ruin,,1,01,14369028728984258867,poiNode__ruin_lvl1_riverlands_alpha
1417,1565,3,3,9,Castle,,1,b700,11718150976661951947,poiNode__castle_lvl1_riverlands_alpha
1757,1565,1,1,1,Ruin,,1,01,4069333285272614884,poiNode__ruin_lvl1_crownlands_alpha
1964,1565,1,1,1,Ruin,,1,01,4069333285272614884,poiNode__ruin_lvl1_crownlands_alpha
1102,1566,2,2,4,Settlement (Town),,2,0b,11303916270620475278,poiNode__town_lvl2_food_riverlands_alpha
1464,1566,1,2,2,Tunnel,,1,03,7704304218758448187,poiNode__tunnel_lvl1_crownlands_alpha
914,1567,1,1,1,Ruin,,1,01,14369028728984258867,poiNode__ruin_lvl1_riverlands_alpha
1370,1567,2,2,4,Settlement (Town),,1,07,7784399899789266167,poiNode__town_lvl1_wood_riverlands_alpha
2022,1567,1,1,1,Ruin,,1,01,4069333285272614884,poiNode__ruin_lvl1_crownlands_alpha
646,1568,1,1,1,Ruin,,1,01,4069333285272614884,poiNode__ruin_lvl1_crownlands_alpha
1809,1568,1,1,1,Ruin,,1,01,4069333285272614884,poiNode__ruin_lvl1_crownlands_alpha
1085,1569,1,1,1,Ruin,,1,01,14369028728984258867,poiNode__ruin_lvl1_riverlands_alpha
1858,1569,1,1,1,Ruin,,1,01,4069333285272614884,poiNode__ruin_lvl1_crownlands_alpha
681,1570,1,1,1,Ruin,,1,01,4069333285272614884,poiNode__ruin_lvl1_crownlands_alpha
694,1570,1,1,1,Ruin,,1,01,4069333285272614884,poiNode__ruin_lvl1_crownlands_alpha
1661,1570,1,1,1,Ruin,,1,01,4069333285272614884,poiNode__ruin_lvl1_crownlands_alpha
726,1571,2,2,4,Settlement (Town),,2,07,934088675522857109,poiNode__town_lvl2_iron_crownlands_alpha
867,1571,1,1,1,Ruin,,1,01,14369028728984258867,poiNode__ruin_lvl1_riverlands_alpha
929,1571,1,1,1,Ruin,,1,01,14369028728984258867,poiNode__ruin_lvl1_riverlands_alpha
654,1572,1,1,1,Ruin,,1,01,4069333285272614884,poiNode__ruin_lvl1_crownlands_alpha
1123,1572,1,1,1,Ruin,,1,01,14369028728984258867,poiNode__ruin_lvl1_riverlands_alpha
1188,1572,1,1,1,Ruin,,1,01,14369028728984258867,poiNode__ruin_lvl1_riverlands_alpha
1471,1572,2,1,2,Tunnel,,1,03,7704304218758448187,poiNode__tunnel_lvl1_crownlands_alpha
1756,1572,3,3,9,Castle,,1,9f00,6741636123857038108,poiNode__castle_lvl1_crownlands_alpha
544,1574,1,1,1,Ruin,,1,01,14369028728984258867,poiNode__ruin_lvl1_riverlands_alpha
735,1574,1,1,1,Ruin,,1,01,4069333285272614884,poiNode__ruin_lvl1_crownlands_alpha
1336,1574,4,3,12,Seat of Power,Darry,,f707,1281509022409824987,poiNode__sop_Darry_alpha
1799,1574,1,1,1,Ruin,,1,01,4069333285272614884,poiNode__ruin_lvl1_crownlands_alpha
714,1576,1,1,1,Ruin,,1,01,4069333285272614884,poiNode__ruin_lvl1_crownlands_alpha
483,1577,1,1,1,Ruin,,1,01,14369028728984258867,poiNode__ruin_lvl1_riverlands_alpha
724,1577,1,1,1,Ruin,,1,01,4069333285272614884,poiNode__ruin_lvl1_crownlands_alpha
990,1579,1,1,1,Ruin,,1,01,14369028728984258867,poiNode__ruin_lvl1_riverlands_alpha
1314,1579,3,3,9,Castle,,1,b700,11718150976661951947,poiNode__castle_lvl1_riverlands_alpha
1992,1579,1,1,1,Ruin,,1,01,4069333285272614884,poiNode__ruin_lvl1_crownlands_alpha
348,1580,1,1,1,Ruin,,1,01,14369028728984258867,poiNode__ruin_lvl1_riverlands_alpha
389,1580,1,1,1,Ruin,,1,01,14369028728984258867,poiNode__ruin_lvl1_riverlands_alpha
1178,1580,1,1,1,Ruin,,1,01,14369028728984258867,poiNode__ruin_lvl1_riverlands_alpha
1785,1580,1,1,1,Ruin,,1,01,4069333285272614884,poiNode__ruin_lvl1_crownlands_alpha
688,1581,1,1,1,Ruin,,1,01,4069333285272614884,poiNode__ruin_lvl1_crownlands_alpha
699,1581,1,1,1,Ruin,,1,01,4069333285272614884,poiNode__ruin_lvl1_crownlands_alpha
1110,1581,3,3,9,Castle,,2,b700,15724056029190769230,poiNode__castle_lvl2_riverlands_alpha
1277,1581,2,2,4,Crossing,,2,,17576595532914463501,poiNode__crossing_lvl2_alpha
1419,1581,1,1,1,Ruin,,1,01,14369028728984258867,poiNode__ruin_lvl1_riverlands_alpha
1680,1581,1,1,1,Ruin,,1,01,4069333285272614884,poiNode__ruin_lvl1_crownlands_alpha
1745,1581,1,1,1,Ruin,,1,01,4069333285272614884,poiNode__ruin_lvl1_crownlands_alpha
709,1582,1,2,2,Crossing,,2,03,17576595532914463501,poiNode__crossing_lvl2_alpha
1125,1582,1,1,1,Ruin,,1,01,14369028728984258867,poiNode__ruin_lvl1_riverlands_alpha
1595,1582,1,1,1,Ruin,,1,01,4069333285272614884,poiNode__ruin_lvl1_crownlands_alpha
358,1583,1,1,1,Ruin,,1,01,14369028728984258867,poiNode__ruin_lvl1_riverlands_alpha
476,1583,1,1,1,Ruin,,1,01,14369028728984258867,poiNode__ruin_lvl1_riverlands_alpha
522,1583,1,1,1,Ruin,,1,01,14369028728984258867,poiNode__ruin_lvl1_riverlands_alpha
1157,1583,1,1,1,Ruin,,1,01,14369028728984258867,poiNode__ruin_lvl1_riverlands_alpha
1202,1583,1,1,1,Ruin,,1,01,14369028728984258867,poiNode__ruin_lvl1_riverlands_alpha
1570,1583,3,3,9,Castle,,1,b700,6741636123857038108,poiNode__castle_lvl1_crownlands_alpha
1628,1583,1,1,1,Ruin,,1,01,4069333285272614884,poiNode__ruin_lvl1_crownlands_alpha
496,1584,1,1,1,Ruin,,1,01,14369028728984258867,poiNode__ruin_lvl1_riverlands_alpha
563,1584,7,4,28,Great House Capital,Pyke,,0ccfc70e,18085376550989853373,poiNode__capital_Pyke_alpha
1000,1584,1,1,1,Ruin,,1,01,14369028728984258867,poiNode__ruin_lvl1_riverlands_alpha
1117,1584,1,1,1,Ruin,,1,01,14369028728984258867,poiNode__ruin_lvl1_riverlands_alpha
1220,1585,2,2,4,Crossing,,3,,11761877450986962679,poiNode__crossing_lvl3_alpha
1018,1586,3,3,9,Castle,,2,9f00,15724056029190769230,poiNode__castle_lvl2_riverlands_alpha
1388,1586,3,5,15,Bridge,,1,8944,16551278857259698617,poiNode__bridge_5hex_lvl1_alpha
1837,1586,1,1,1,Ruin,,1,01,4069333285272614884,poiNode__ruin_lvl1_crownlands_alpha
1893,1586,3,3,9,Castle,,1,9f00,6741636123857038108,poiNode__castle_lvl1_crownlands_alpha
1909,1586,1,1,1,Ruin,,1,01,4069333285272614884,poiNode__ruin_lvl1_crownlands_alpha
1031,1587,2,2,4,Dragon Sanctum,,4,0f,17948439992778488422,poiNode__dragonsanctum_lv04_riverlands_alpha
1282,1587,1,2,2,Crossing,,2,03,17576595532914463501,poiNode__crossing_lvl2_alpha
383,1588,2,2,4,Settlement (Town),,4,0b,1328785020288701477,poiNode__town_lvl4_wood_riverlands_alpha
981,1588,1,1,1,Ruin,,1,01,14369028728984258867,poiNode__ruin_lvl1_riverlands_alpha
1825,1588,2,2,4,Settlement (Town),,1,0b,2800008357386502363,poiNode__town_lvl1_iron_crownlands_alpha
934,1589,1,1,1,Ruin,,1,01,14369028728984258867,poiNode__ruin_lvl1_riverlands_alpha
508,1590,1,1,1,Ruin,,1,01,14369028728984258867,poiNode__ruin_lvl1_riverlands_alpha
1226,1590,2,2,4,Crossing,,3,,11761877450986962679,poiNode__crossing_lvl3_alpha
1726,1590,3,3,9,Castle,,1,9f00,6741636123857038108,poiNode__castle_lvl1_crownlands_alpha
1072,1591,1,1,1,Ruin,,1,01,14369028728984258867,poiNode__ruin_lvl1_riverlands_alpha
1145,1591,1,1,1,Ruin,,1,01,14369028728984258867,poiNode__ruin_lvl1_riverlands_alpha
1515,1591,3,3,9,Castle,,1,b700,6741636123857038108,poiNode__castle_lvl1_crownlands_alpha
340,1592,1,1,1,Ruin,,1,01,14369028728984258867,poiNode__ruin_lvl1_riverlands_alpha
377,1592,1,1,1,Ruin,,1,01,14369028728984258867,poiNode__ruin_lvl1_riverlands_alpha
1134,1592,1,1,1,Ruin,,1,01,14369028728984258867,poiNode__ruin_lvl1_riverlands_alpha
395,1593,1,1,1,Ruin,,1,01,14369028728984258867,poiNode__ruin_lvl1_riverlands_alpha
550,1593,1,1,1,Ruin,,1,01,14369028728984258867,poiNode__ruin_lvl1_riverlands_alpha
1266,1593,1,1,1,Ruin,,1,01,14369028728984258867,poiNode__ruin_lvl1_riverlands_alpha
2025,1593,1,1,1,Ruin,,1,01,4069333285272614884,poiNode__ruin_lvl1_crownlands_alpha
320,1594,1,1,1,Ruin,,1,01,14369028728984258867,poiNode__ruin_lvl1_riverlands_alpha
357,1594,1,1,1,Ruin,,1,01,14369028728984258867,poiNode__ruin_lvl1_riverlands_alpha
466,1594,1,1,1,Ruin,,1,01,14369028728984258867,poiNode__ruin_lvl1_riverlands_alpha
477,1594,1,1,1,Ruin,,1,01,14369028728984258867,poiNode__ruin_lvl1_riverlands_alpha
1552,1594,1,1,1,Ruin,,1,01,4069333285272614884,poiNode__ruin_lvl1_crownlands_alpha
528,1595,3,3,9,Castle,,4,b700,3127550512059774276,poiNode__castle_lvl4_riverlands_alpha
369,1596,2,2,4,Tunnel,,4,06,2018596786695658083,poiNode__tunnel_lvl4_riverlands_alpha
712,1596,2,2,4,Crossing,,2,,17576595532914463501,poiNode__crossing_lvl2_alpha
1128,1596,2,2,4,Settlement (Town),,2,0b,11303916270620475278,poiNode__town_lvl2_food_riverlands_alpha
1231,1596,1,1,1,Ruin,,1,01,14369028728984258867,poiNode__ruin_lvl1_riverlands_alpha
332,1597,1,1,1,Ruin,,1,01,14369028728984258867,poiNode__ruin_lvl1_riverlands_alpha
363,1597,2,2,4,Tunnel,,4,,2018596786695658083,poiNode__tunnel_lvl4_riverlands_alpha
383,1597,1,1,1,Ruin,,1,01,14369028728984258867,poiNode__ruin_lvl1_riverlands_alpha
516,1597,3,4,12,Bridge,,4,9402,12175700799009506677,poiNode__bridge_4hex_lvl4_alpha
1312,1597,1,1,1,Ruin,,1,01,14369028728984258867,poiNode__ruin_lvl1_riverlands_alpha
1786,1597,2,4,8,Bridge,,1,Z,4164891203475574860,poiNode__bridge_4hex_lvl1_alpha
537,1598,2,2,4,Settlement (Town),,4,0b,12086801801092654814,poiNode__town_lvl4_iron_riverlands_alpha
1776,1598,1,1,1,Ruin,,1,01,4069333285272614884,poiNode__ruin_lvl1_crownlands_alpha
1636,1599,1,1,1,Ruin,,1,01,4069333285272614884,poiNode__ruin_lvl1_crownlands_alpha
351,1600,1,1,1,Ruin,,1,01,14369028728984258867,poiNode__ruin_lvl1_riverlands_alpha
466,1600,2,2,4,Tunnel,,4,06,2018596786695658083,poiNode__tunnel_lvl4_riverlands_alpha
1334,1600,1,1,1,Ruin,,1,01,14369028728984258867,poiNode__ruin_lvl1_riverlands_alpha
1376,1600,3,3,9,Castle,,1,9f00,11718150976661951947,poiNode__castle_lvl1_riverlands_alpha
1494,1601,1,2,2,Tunnel,,1,03,7704304218758448187,poiNode__tunnel_lvl1_crownlands_alpha
1720,1601,1,1,1,Ruin,,1,01,4069333285272614884,poiNode__ruin_lvl1_crownlands_alpha
1059,1602,3,4,12,Bridge,,2,9108,14462941546211862082,poiNode__bridge_4hex_lvl2_alpha
1155,1602,1,1,1,Ruin,,1,01,14369028728984258867,poiNode__ruin_lvl1_riverlands_alpha
395,1603,1,1,1,Ruin,,1,01,14369028728984258867,poiNode__ruin_lvl1_riverlands_alpha
505,1603,1,1,1,Ruin,,1,01,14369028728984258867,poiNode__ruin_lvl1_riverlands_alpha
545,1603,1,1,1,Ruin,,1,01,14369028728984258867,poiNode__ruin_lvl1_riverlands_alpha
1424,1603,2,2,4,Tunnel,,1,,7704304218758448187,poiNode__tunnel_lvl1_crownlands_alpha
1767,1603,2,2,4,Settlement (Town),,1,07,17988470253685371955,poiNode__town_lvl1_stone_crownlands_alpha
339,1604,1,1,1,Ruin,,1,01,14369028728984258867,poiNode__ruin_lvl1_riverlands_alpha
1026,1604,1,1,1,Ruin,,1,01,14369028728984258867,poiNode__ruin_lvl1_riverlands_alpha
464,1605,2,2,4,Tunnel,,4,06,2018596786695658083,poiNode__tunnel_lvl4_riverlands_alpha
489,1605,1,1,1,Ruin,,1,01,14369028728984258867,poiNode__ruin_lvl1_riverlands_alpha
978,1605,1,1,1,Ruin,,1,01,14369028728984258867,poiNode__ruin_lvl1_riverlands_alpha
1166,1605,2,2,4,Settlement (Town),,2,07,5056014063526610105,poiNode__town_lvl2_wood_riverlands_alpha
1231,1605,1,1,1,Ruin,,1,01,14369028728984258867,poiNode__ruin_lvl1_riverlands_alpha
390,1606,3,3,9,Castle,,4,9f00,3127550512059774276,poiNode__castle_lvl4_riverlands_alpha
402,1606,2,2,4,Settlement (Town),,4,0b,12086801801092654814,poiNode__town_lvl4_iron_riverlands_alpha
477,1606,2,2,4,Settlement (Town),,4,0b,12086801801092654814,poiNode__town_lvl4_iron_riverlands_alpha
1046,1606,2,2,4,Settlement (Town),,2,0b,17574922458373617218,poiNode__town_lvl2_iron_riverlands_alpha
1149,1606,1,1,1,Ruin,,1,01,14369028728984258867,poiNode__ruin_lvl1_riverlands_alpha
1828,1606,1,1,1,Ruin,,1,01,4069333285272614884,poiNode__ruin_lvl1_crownlands_alpha
1893,1606,2,2,4,Settlement (Town),,1,0b,17988470253685371955,poiNode__town_lvl1_stone_crownlands_alpha
333,1607,3,3,9,Castle,,4,b700,3127550512059774276,poiNode__castle_lvl4_riverlands_alpha
451,1607,1,1,1,Ruin,,1,01,14369028728984258867,poiNode__ruin_lvl1_riverlands_alpha
535,1607,1,1,1,Ruin,,1,01,14369028728984258867,poiNode__ruin_lvl1_riverlands_alpha
970,1607,2,2,4,Settlement (Town),,2,07,12140295094117105364,poiNode__town_lvl2_stone_riverlands_alpha
1179,1607,1,1,1,Ruin,,1,01,14369028728984258867,poiNode__ruin_lvl1_riverlands_alpha
1261,1607,1,1,1,Ruin,,1,01,14369028728984258867,poiNode__ruin_lvl1_riverlands_alpha
422,1608,2,2,4,Crossing,,4,,10638324116765093946,poiNode__crossing_lvl4_alpha
471,1608,1,1,1,Ruin,,1,01,14369028728984258867,poiNode__ruin_lvl1_riverlands_alpha
498,1608,2,2,4,Settlement (Town),,4,0b,14449178292820799250,poiNode__town_lvl4_food_riverlands_alpha
514,1608,1,1,1,Ruin,,1,01,14369028728984258867,poiNode__ruin_lvl1_riverlands_alpha
1428,1608,2,2,4,Tunnel,,1,06,7704304218758448187,poiNode__tunnel_lvl1_crownlands_alpha
412,1609,2,2,4,Crossing,,4,,10638324116765093946,poiNode__crossing_lvl4_alpha
940,1609,1,1,1,Ruin,,1,01,14369028728984258867,poiNode__ruin_lvl1_riverlands_alpha
1491,1609,2,2,4,Tunnel,,1,06,7704304218758448187,poiNode__tunnel_lvl1_crownlands_alpha
1549,1609,2,2,4,Settlement (Town),,1,07,5323986953385167127,poiNode__town_lvl1_food_crownlands_alpha
328,1610,1,1,1,Ruin,,1,01,14369028728984258867,poiNode__ruin_lvl1_riverlands_alpha
351,1610,1,1,1,Ruin,,1,01,14369028728984258867,poiNode__ruin_lvl1_riverlands_alpha
1040,1610,1,1,1,Ruin,,1,01,14369028728984258867,poiNode__ruin_lvl1_riverlands_alpha
1075,1611,1,1,1,Ruin,,1,01,14369028728984258867,poiNode__ruin_lvl1_riverlands_alpha
1095,1611,2,2,4,Dragon Sanctum,,1,0f,8137403851956624105,poiNode__dragonsanctum_lv01_riverlands_alpha
432,1612,2,1,2,Crossing,,4,03,10638324116765093946,poiNode__crossing_lvl4_alpha
718,1612,2,2,4,Crossing,,2,06,17576595532914463501,poiNode__crossing_lvl2_alpha
1024,1612,2,2,4,Settlement (Town),,2,0b,5056014063526610105,poiNode__town_lvl2_wood_riverlands_alpha
1107,1612,1,1,1,Ruin,,1,01,14369028728984258867,poiNode__ruin_lvl1_riverlands_alpha
370,1613,2,2,4,Settlement (Town),,4,07,12086801801092654814,poiNode__town_lvl4_iron_riverlands_alpha
541,1613,1,1,1,Ruin,,1,01,14369028728984258867,poiNode__ruin_lvl1_riverlands_alpha
1055,1613,1,1,1,Ruin,,1,01,14369028728984258867,poiNode__ruin_lvl1_riverlands_alpha
1292,1613,1,1,1,Ruin,,1,01,14369028728984258867,poiNode__ruin_lvl1_riverlands_alpha
1772,1613,3,3,9,Castle,,1,b700,6741636123857038108,poiNode__castle_lvl1_crownlands_alpha
441,1615,1,2,2,Crossing,,4,03,10638324116765093946,poiNode__crossing_lvl4_alpha
1823,1615,3,5,15,Bridge,,1,a414,16551278857259698617,poiNode__bridge_5hex_lvl1_alpha
379,1616,1,1,1,Ruin,,1,01,14369028728984258867,poiNode__ruin_lvl1_riverlands_alpha
478,1616,1,1,1,Ruin,,1,01,14369028728984258867,poiNode__ruin_lvl1_riverlands_alpha
527,1616,1,1,1,Ruin,,1,01,14369028728984258867,poiNode__ruin_lvl1_riverlands_alpha
1376,1616,2,4,8,Bridge,,1,Z,4164891203475574860,poiNode__bridge_4hex_lvl1_alpha
1589,1616,1,1,1,Ruin,,1,01,4069333285272614884,poiNode__ruin_lvl1_crownlands_alpha
1930,1616,1,1,1,Ruin,,1,01,4069333285272614884,poiNode__ruin_lvl1_crownlands_alpha
510,1617,1,1,1,Ruin,,1,01,14369028728984258867,poiNode__ruin_lvl1_riverlands_alpha
1624,1617,1,1,1,Ruin,,1,01,4069333285272614884,poiNode__ruin_lvl1_crownlands_alpha
1788,1617,1,1,1,Ruin,,1,01,4069333285272614884,poiNode__ruin_lvl1_crownlands_alpha
1006,1618,1,1,1,Ruin,,1,01,14369028728984258867,poiNode__ruin_lvl1_riverlands_alpha
1086,1618,2,2,4,Settlement (Town),,2,0b,12140295094117105364,poiNode__town_lvl2_stone_riverlands_alpha
1737,1618,4,3,12,Seat of Power,Ironoaks,,f707,1750376540336761546,poiNode__sop_Ironoaks_alpha
1188,1619,1,1,1,Ruin,,1,01,14369028728984258867,poiNode__ruin_lvl1_riverlands_alpha
1433,1619,2,2,4,Settlement (Town),,1,07,5323986953385167127,poiNode__town_lvl1_food_crownlands_alpha
366,1620,1,1,1,Ruin,,1,01,14369028728984258867,poiNode__ruin_lvl1_riverlands_alpha
1125,1620,1,1,1,Ruin,,1,01,14369028728984258867,poiNode__ruin_lvl1_riverlands_alpha
502,1621,1,1,1,Ruin,,1,01,14369028728984258867,poiNode__ruin_lvl1_riverlands_alpha
1234,1621,1,1,1,Ruin,,1,01,14369028728984258867,poiNode__ruin_lvl1_riverlands_alpha
1954,1621,4,3,12,Seat of Power,Runestone,,fe0e,1627455898397374277,poiNode__sop_Runestone_alpha
1753,1622,1,1,1,Ruin,,1,01,4069333285272614884,poiNode__ruin_lvl1_crownlands_alpha
340,1623,1,1,1,Ruin,,1,01,14369028728984258867,poiNode__ruin_lvl1_riverlands_alpha
539,1623,1,1,1,Ruin,,1,01,14369028728984258867,poiNode__ruin_lvl1_riverlands_alpha
553,1623,1,1,1,Ruin,,1,01,14369028728984258867,poiNode__ruin_lvl1_riverlands_alpha
1015,1623,1,1,1,Ruin,,1,01,14369028728984258867,poiNode__ruin_lvl1_riverlands_alpha
333,1624,2,2,4,Harbor/Dock,,4,0e,13793456963043168003,poiNode__harbor_lvl4_alpha
719,1624,2,2,4,Crossing,,2,,17576595532914463501,poiNode__crossing_lvl2_alpha
1667,1624,1,1,1,Ruin,,1,01,4069333285272614884,poiNode__ruin_lvl1_crownlands_alpha
1118,1625,2,2,4,Settlement (Town),,2,07,12140295094117105364,poiNode__town_lvl2_stone_riverlands_alpha
1777,1625,1,1,1,Ruin,,1,01,4069333285272614884,poiNode__ruin_lvl1_crownlands_alpha
530,1626,2,2,4,Settlement (Town),,4,0b,1328785020288701477,poiNode__town_lvl4_wood_riverlands_alpha
1383,1626,1,1,1,Ruin,,1,01,14369028728984258867,poiNode__ruin_lvl1_riverlands_alpha
1153,1627,2,2,4,Crossing,,2,,17576595532914463501,poiNode__crossing_lvl2_alpha
1443,1627,1,1,1,Ruin,,1,01,4069333285272614884,poiNode__ruin_lvl1_crownlands_alpha
471,1628,2,2,4,Settlement (Town),,4,0b,8598154936655108511,poiNode__town_lvl4_stone_riverlands_alpha
482,1628,3,3,9,Castle,,4,9f00,3127550512059774276,poiNode__castle_lvl4_riverlands_alpha
443,1629,1,1,1,Ruin,,1,01,14369028728984258867,poiNode__ruin_lvl1_riverlands_alpha
455,1629,1,1,1,Ruin,,1,01,14369028728984258867,poiNode__ruin_lvl1_riverlands_alpha
501,1630,1,1,1,Ruin,,1,01,14369028728984258867,poiNode__ruin_lvl1_riverlands_alpha
546,1630,1,1,1,Ruin,,1,01,14369028728984258867,poiNode__ruin_lvl1_riverlands_alpha
1038,1630,3,4,12,Bridge,,2,9108,14462941546211862082,poiNode__bridge_4hex_lvl2_alpha
1177,1630,2,2,4,Settlement (Town),,2,0b,17574922458373617218,poiNode__town_lvl2_iron_riverlands_alpha
1059,1631,1,1,1,Ruin,,1,01,14369028728984258867,poiNode__ruin_lvl1_riverlands_alpha
1201,1631,1,1,1,Ruin,,1,01,14369028728984258867,poiNode__ruin_lvl1_riverlands_alpha
1156,1632,2,2,4,Crossing,,2,,17576595532914463501,poiNode__crossing_lvl2_alpha
1601,1632,3,3,9,Castle,,1,9f00,6741636123857038108,poiNode__castle_lvl1_crownlands_alpha
1691,1632,3,3,9,Castle,,1,9f00,6741636123857038108,poiNode__castle_lvl1_crownlands_alpha
523,1633,1,1,1,Ruin,,1,01,14369028728984258867,poiNode__ruin_lvl1_riverlands_alpha
559,1633,1,1,1,Ruin,,1,01,14369028728984258867,poiNode__ruin_lvl1_riverlands_alpha
572,1633,1,1,1,Ruin,,1,01,14369028728984258867,poiNode__ruin_lvl1_riverlands_alpha
1002,1633,1,1,1,Ruin,,1,01,14369028728984258867,poiNode__ruin_lvl1_riverlands_alpha
1097,1633,1,1,1,Ruin,,1,01,14369028728984258867,poiNode__ruin_lvl1_riverlands_alpha
1108,1633,1,1,1,Ruin,,1,01,14369028728984258867,poiNode__ruin_lvl1_riverlands_alpha
721,1634,2,2,4,Crossing,,2,06,17576595532914463501,poiNode__crossing_lvl2_alpha
1701,1634,1,1,1,Ruin,,1,01,4069333285272614884,poiNode__ruin_lvl1_crownlands_alpha
472,1635,1,1,1,Ruin,,1,01,14369028728984258867,poiNode__ruin_lvl1_riverlands_alpha
1394,1635,2,2,4,Tunnel,,1,,7704304218758448187,poiNode__tunnel_lvl1_crownlands_alpha
1559,1636,2,2,4,Tunnel,,1,06,7704304218758448187,poiNode__tunnel_lvl1_crownlands_alpha
565,1637,2,2,4,Settlement (Town),,4,07,12086801801092654814,poiNode__town_lvl4_iron_riverlands_alpha
1275,1637,1,1,1,Ruin,,1,01,14369028728984258867,poiNode__ruin_lvl1_riverlands_alpha
1685,1637,1,1,1,Ruin,,1,01,4069333285272614884,poiNode__ruin_lvl1_crownlands_alpha
1766,1638,1,1,1,Ruin,,1,01,4069333285272614884,poiNode__ruin_lvl1_crownlands_alpha
578,1640,1,1,1,Ruin,,1,01,14369028728984258867,poiNode__ruin_lvl1_riverlands_alpha
1346,1640,1,1,1,Ruin,,1,01,14369028728984258867,poiNode__ruin_lvl1_riverlands_alpha
479,1642,1,1,1,Ruin,,1,01,14369028728984258867,poiNode__ruin_lvl1_riverlands_alpha
1398,1642,2,2,4,Tunnel,,1,06,7704304218758448187,poiNode__tunnel_lvl1_crownlands_alpha
1749,1642,1,1,1,Ruin,,1,01,4069333285272614884,poiNode__ruin_lvl1_crownlands_alpha
532,1644,1,1,1,Ruin,,1,01,14369028728984258867,poiNode__ruin_lvl1_riverlands_alpha
1051,1644,1,1,1,Ruin,,1,01,14369028728984258867,poiNode__ruin_lvl1_riverlands_alpha
1655,1644,1,1,1,Ruin,,1,01,4069333285272614884,poiNode__ruin_lvl1_crownlands_alpha
1758,1644,1,1,1,Ruin,,1,01,4069333285272614884,poiNode__ruin_lvl1_crownlands_alpha
1088,1645,1,1,1,Ruin,,1,01,14369028728984258867,poiNode__ruin_lvl1_riverlands_alpha
1293,1645,1,1,1,Ruin,,1,01,14369028728984258867,poiNode__ruin_lvl1_riverlands_alpha
1425,1645,2,2,4,Tunnel,,1,,7704304218758448187,poiNode__tunnel_lvl1_crownlands_alpha
1905,1645,1,1,1,Ruin,,1,01,4069333285272614884,poiNode__ruin_lvl1_crownlands_alpha
562,1646,1,1,1,Ruin,,1,01,14369028728984258867,poiNode__ruin_lvl1_riverlands_alpha
1562,1646,2,2,4,Tunnel,,1,,7704304218758448187,poiNode__tunnel_lvl1_crownlands_alpha
1890,1646,1,1,1,Ruin,,1,01,4069333285272614884,poiNode__ruin_lvl1_crownlands_alpha
1772,1647,2,2,4,Settlement (Town),,1,07,10599107479229116960,poiNode__town_lvl1_wood_crownlands_alpha
543,1648,1,2,2,Tunnel,,4,03,2018596786695658083,poiNode__tunnel_lvl4_riverlands_alpha
717,1648,1,2,2,Crossing,,2,03,17576595532914463501,poiNode__crossing_lvl2_alpha
1678,1649,2,2,4,Settlement (Town),,1,07,10599107479229116960,poiNode__town_lvl1_wood_crownlands_alpha
1827,1649,3,5,15,Bridge,,1,9148,16551278857259698617,poiNode__bridge_5hex_lvl1_alpha
1835,1649,2,2,4,Settlement (Town),,1,07,17988470253685371955,poiNode__town_lvl1_stone_crownlands_alpha
1058,1650,1,1,1,Ruin,,1,01,14369028728984258867,poiNode__ruin_lvl1_riverlands_alpha
1181,1650,3,2,6,Dragon Sanctum,,1,1e,8137403851956624105,poiNode__dragonsanctum_lv01_riverlands_alpha
1706,1650,1,1,1,Ruin,,1,01,4069333285272614884,poiNode__ruin_lvl1_crownlands_alpha
1932,1650,4,3,12,Seat of Power,Old Anchor,,f707,8844035428015515785,poiNode__sop_OldAnchor_alpha
321,1651,2,2,4,Harbor/Dock,,4,07,13793456963043168003,poiNode__harbor_lvl4_alpha
578,1651,1,1,1,Ruin,,1,01,14369028728984258867,poiNode__ruin_lvl1_riverlands_alpha
1898,1651,2,2,4,Settlement (Town),,1,07,2800008357386502363,poiNode__town_lvl1_iron_crownlands_alpha
1106,1652,1,1,1,Ruin,,1,01,14369028728984258867,poiNode__ruin_lvl1_riverlands_alpha
1156,1652,1,1,1,Ruin,,1,01,14369028728984258867,poiNode__ruin_lvl1_riverlands_alpha
535,1653,1,1,1,Ruin,,1,01,14369028728984258867,poiNode__ruin_lvl1_riverlands_alpha
561,1653,3,3,9,Castle,,4,b700,3127550512059774276,poiNode__castle_lvl4_riverlands_alpha
1166,1653,3,3,9,Castle,,2,b700,15724056029190769230,poiNode__castle_lvl2_riverlands_alpha
550,1654,2,2,4,Tunnel,,4,06,2018596786695658083,poiNode__tunnel_lvl4_riverlands_alpha
719,1654,1,1,1,Ruin,,1,01,14369028728984258867,poiNode__ruin_lvl1_riverlands_alpha
1498,1654,2,2,4,Settlement (Town),,1,0b,2800008357386502363,poiNode__town_lvl1_iron_crownlands_alpha
1086,1655,1,1,1,Ruin,,1,01,14369028728984258867,poiNode__ruin_lvl1_riverlands_alpha
1881,1655,1,1,1,Ruin,,1,01,4069333285272614884,poiNode__ruin_lvl1_crownlands_alpha
1426,1656,2,2,4,Tunnel,,1,,7704304218758448187,poiNode__tunnel_lvl1_crownlands_alpha
1530,1656,1,1,1,Ruin,,1,01,4069333285272614884,poiNode__ruin_lvl1_crownlands_alpha
554,1657,1,1,1,Ruin,,1,01,14369028728984258867,poiNode__ruin_lvl1_riverlands_alpha
1896,1657,1,1,1,Ruin,,1,01,4069333285272614884,poiNode__ruin_lvl1_crownlands_alpha
1407,1658,2,2,4,Tunnel,,1,06,7704304218758448187,poiNode__tunnel_lvl1_crownlands_alpha
1444,1658,1,1,1,Ruin,,1,01,4069333285272614884,poiNode__ruin_lvl1_crownlands_alpha
1845,1658,3,3,9,Castle,,1,9f00,6741636123857038108,poiNode__castle_lvl1_crownlands_alpha
1573,1659,7,7,49,Great House Capital,The Eyrie,,3c9fffeff7e100,93899666072042280,poiNode__capital_TheEyrie_alpha
1047,1660,2,2,4,Settlement (Town),,2,0b,5056014063526610105,poiNode__town_lvl2_wood_riverlands_alpha
1262,1660,3,3,9,Castle,,2,9f00,15724056029190769230,poiNode__castle_lvl2_riverlands_alpha
1632,1660,1,1,1,Ruin,,1,01,4069333285272614884,poiNode__ruin_lvl1_crownlands_alpha
1072,1661,1,1,1,Ruin,,1,01,14369028728984258867,poiNode__ruin_lvl1_riverlands_alpha
1113,1661,1,1,1,Ruin,,1,01,14369028728984258867,poiNode__ruin_lvl1_riverlands_alpha
1288,1661,1,1,1,Ruin,,1,01,14369028728984258867,poiNode__ruin_lvl1_riverlands_alpha
1786,1661,1,1,1,Ruin,,1,01,4069333285272614884,poiNode__ruin_lvl1_crownlands_alpha
401,1662,1,1,1,Ruin,,1,01,14369028728984258867,poiNode__ruin_lvl1_riverlands_alpha
1276,1662,2,2,4,Settlement (Town),,2,0b,5056014063526610105,poiNode__town_lvl2_wood_riverlands_alpha
1651,1662,1,1,1,Ruin,,1,01,4069333285272614884,poiNode__ruin_lvl1_crownlands_alpha
392,1663,1,1,1,Ruin,,1,01,14369028728984258867,poiNode__ruin_lvl1_riverlands_alpha
583,1663,1,1,1,Ruin,,1,01,14369028728984258867,poiNode__ruin_lvl1_riverlands_alpha
1194,1663,2,2,4,Settlement (Town),,2,07,11303916270620475278,poiNode__town_lvl2_food_riverlands_alpha
1207,1663,1,1,1,Ruin,,1,01,14369028728984258867,poiNode__ruin_lvl1_riverlands_alpha
380,1664,3,4,12,Bridge,,3,9108,10979979365687151544,poiNode__bridge_4hex_lvl3_alpha
542,1664,1,1,1,Ruin,,1,01,14369028728984258867,poiNode__ruin_lvl1_riverlands_alpha
575,1664,2,2,4,Settlement (Town),,4,0b,1328785020288701477,poiNode__town_lvl4_wood_riverlands_alpha
1175,1664,1,1,1,Ruin,,1,01,14369028728984258867,poiNode__ruin_lvl1_riverlands_alpha
1539,1665,1,2,2,Tunnel,,1,03,7704304218758448187,poiNode__tunnel_lvl1_crownlands_alpha
1732,1665,3,3,9,Castle,,1,b700,6741636123857038108,poiNode__castle_lvl1_crownlands_alpha
1118,1666,2,2,4,Settlement (Town),,2,0b,12140295094117105364,poiNode__town_lvl2_stone_riverlands_alpha
457,1667,1,1,1,Ruin,,1,01,14369028728984258867,poiNode__ruin_lvl1_riverlands_alpha
1075,1667,2,2,4,Dragon Sanctum,,1,0f,8137403851956624105,poiNode__dragonsanctum_lv01_riverlands_alpha
1107,1667,1,1,1,Ruin,,1,01,14369028728984258867,poiNode__ruin_lvl1_riverlands_alpha
1403,1667,2,2,4,Tunnel,,1,,7704304218758448187,poiNode__tunnel_lvl1_crownlands_alpha
1457,1667,1,1,1,Ruin,,1,01,4069333285272614884,poiNode__ruin_lvl1_crownlands_alpha
282,1668,1,1,1,Ruin,,1,01,14369028728984258867,poiNode__ruin_lvl1_riverlands_alpha
703,1668,1,1,1,Ruin,,1,01,14369028728984258867,poiNode__ruin_lvl1_riverlands_alpha
1037,1668,1,1,1,Ruin,,1,01,14369028728984258867,poiNode__ruin_lvl1_riverlands_alpha
1054,1668,1,1,1,Ruin,,1,01,14369028728984258867,poiNode__ruin_lvl1_riverlands_alpha
1616,1668,1,2,2,Tunnel,,1,03,7704304218758448187,poiNode__tunnel_lvl1_crownlands_alpha
1768,1668,1,1,1,Ruin,,1,01,4069333285272614884,poiNode__ruin_lvl1_crownlands_alpha
566,1669,1,1,1,Ruin,,1,01,14369028728984258867,poiNode__ruin_lvl1_riverlands_alpha
1061,1669,3,3,9,Castle,,2,b700,15724056029190769230,poiNode__castle_lvl2_riverlands_alpha
1933,1669,1,1,1,Ruin,,1,01,4069333285272614884,poiNode__ruin_lvl1_crownlands_alpha
319,1671,2,2,4,Settlement (Town),,3,07,16862126753176915576,poiNode__town_lvl3_iron_riverlands_alpha
1021,1671,1,1,1,Ruin,,1,01,14369028728984258867,poiNode__ruin_lvl1_riverlands_alpha
1237,1671,1,1,1,Ruin,,1,01,14369028728984258867,poiNode__ruin_lvl1_riverlands_alpha
397,1672,1,1,1,Ruin,,1,01,14369028728984258867,poiNode__ruin_lvl1_riverlands_alpha
1453,1672,2,2,4,Tunnel,,1,06,7704304218758448187,poiNode__tunnel_lvl1_crownlands_alpha
557,1673,1,1,1,Ruin,,1,01,14369028728984258867,poiNode__ruin_lvl1_riverlands_alpha
342,1674,1,1,1,Ruin,,1,01,14369028728984258867,poiNode__ruin_lvl1_riverlands_alpha
1303,1674,1,1,1,Ruin,,1,01,14369028728984258867,poiNode__ruin_lvl1_riverlands_alpha
1502,1674,1,1,1,Ruin,,1,01,4069333285272614884,poiNode__ruin_lvl1_crownlands_alpha
1732,1674,2,2,4,Settlement (Town),,1,0b,5323986953385167127,poiNode__town_lvl1_food_crownlands_alpha
1043,1675,1,1,1,Ruin,,1,01,14369028728984258867,poiNode__ruin_lvl1_riverlands_alpha
1536,1675,2,2,4,Tunnel,,1,,7704304218758448187,poiNode__tunnel_lvl1_crownlands_alpha
1180,1676,1,1,1,Ruin,,1,01,14369028728984258867,poiNode__ruin_lvl1_riverlands_alpha
1079,1677,2,2,4,Settlement (Town),,2,07,11303916270620475278,poiNode__town_lvl2_food_riverlands_alpha
1614,1677,1,2,2,Tunnel,,1,03,7704304218758448187,poiNode__tunnel_lvl1_crownlands_alpha
588,1678,2,2,4,Harbor/Dock,,4,07,13793456963043168003,poiNode__harbor_lvl4_alpha
1060,1678,1,1,1,Ruin,,1,01,14369028728984258867,poiNode__ruin_lvl1_riverlands_alpha
1094,1679,1,1,1,Ruin,,1,01,14369028728984258867,poiNode__ruin_lvl1_riverlands_alpha
1766,1679,1,1,1,Ruin,,1,01,4069333285272614884,poiNode__ruin_lvl1_crownlands_alpha
424,1680,1,1,1,Ruin,,1,01,14369028728984258867,poiNode__ruin_lvl1_riverlands_alpha
1084,1680,1,1,1,Ruin,,1,01,14369028728984258867,poiNode__ruin_lvl1_riverlands_alpha
1545,1680,2,1,2,Tunnel,,1,03,7704304218758448187,poiNode__tunnel_lvl1_crownlands_alpha
300,1681,1,1,1,Ruin,,1,01,14369028728984258867,poiNode__ruin_lvl1_riverlands_alpha
597,1681,1,2,2,Crossing,,4,03,10638324116765093946,poiNode__crossing_lvl4_alpha
1159,1682,1,1,1,Ruin,,1,01,14369028728984258867,poiNode__ruin_lvl1_riverlands_alpha
1310,1682,1,1,1,Ruin,,1,01,14369028728984258867,poiNode__ruin_lvl1_riverlands_alpha
1366,1682,2,2,4,Settlement (Town),,1,0b,5323986953385167127,poiNode__town_lvl1_food_crownlands_alpha
1450,1682,1,2,2,Tunnel,,1,03,7704304218758448187,poiNode__tunnel_lvl1_crownlands_alpha
475,1683,2,2,4,Settlement (Town),,3,07,9600398802142562228,poiNode__town_lvl3_food_riverlands_alpha
709,1683,3,3,9,Castle,,2,b700,15724056029190769230,poiNode__castle_lvl2_riverlands_alpha
1050,1683,2,2,4,Settlement (Town),,2,07,5056014063526610105,poiNode__town_lvl2_wood_riverlands_alpha
1801,1683,3,3,9,Castle,,1,b700,6741636123857038108,poiNode__castle_lvl1_crownlands_alpha
270,1685,1,1,1,Ruin,,1,01,14369028728984258867,poiNode__ruin_lvl1_riverlands_alpha
290,1685,1,1,1,Ruin,,1,01,14369028728984258867,poiNode__ruin_lvl1_riverlands_alpha
307,1685,3,5,15,Bridge,,3,a414,4908333263510868557,poiNode__bridge_5hex_lvl3_alpha
445,1685,1,1,1,Ruin,,1,01,14369028728984258867,poiNode__ruin_lvl1_riverlands_alpha
1213,1685,1,1,1,Ruin,,1,01,14369028728984258867,poiNode__ruin_lvl1_riverlands_alpha
607,1686,1,2,2,Crossing,,4,03,10638324116765093946,poiNode__crossing_lvl4_alpha
378,1687,2,2,4,Tunnel,,3,,14210194544068538346,poiNode__tunnel_lvl3_riverlands_alpha
772,1687,1,1,1,Ruin,,1,01,14369028728984258867,poiNode__ruin_lvl1_riverlands_alpha
1111,1687,1,1,1,Ruin,,1,01,14369028728984258867,poiNode__ruin_lvl1_riverlands_alpha
1657,1687,1,2,2,Tunnel,,1,03,7704304218758448187,poiNode__tunnel_lvl1_crownlands_alpha
1705,1687,1,1,1,Ruin,,1,01,4069333285272614884,poiNode__ruin_lvl1_crownlands_alpha
1972,1687,1,1,1,Ruin,,1,01,4069333285272614884,poiNode__ruin_lvl1_crownlands_alpha
1627,1688,1,2,2,Tunnel,,1,03,7704304218758448187,poiNode__tunnel_lvl1_crownlands_alpha
345,1689,1,1,1,Ruin,,1,01,14369028728984258867,poiNode__ruin_lvl1_riverlands_alpha
733,1689,2,2,4,Tunnel,,2,,17101051989901829481,poiNode__tunnel_lvl2_riverlands_alpha
783,1689,1,1,1,Ruin,,1,01,14369028728984258867,poiNode__ruin_lvl1_riverlands_alpha
793,1689,1,1,1,Ruin,,1,01,14369028728984258867,poiNode__ruin_lvl1_riverlands_alpha
1417,1689,1,2,2,Tunnel,,1,03,7704304218758448187,poiNode__tunnel_lvl1_crownlands_alpha
1647,1689,2,2,4,Tunnel,,1,,7704304218758448187,poiNode__tunnel_lvl1_crownlands_alpha
1893,1689,3,3,9,Castle,,1,b700,6741636123857038108,poiNode__castle_lvl1_crownlands_alpha
1057,1690,1,1,1,Ruin,,1,01,14369028728984258867,poiNode__ruin_lvl1_riverlands_alpha
1375,1690,1,1,1,Ruin,,1,01,4069333285272614884,poiNode__ruin_lvl1_crownlands_alpha
1673,1690,3,3,9,Castle,,1,9f00,6741636123857038108,poiNode__castle_lvl1_crownlands_alpha
1246,1692,2,2,4,Settlement (Town),,2,0b,12140295094117105364,poiNode__town_lvl2_stone_riverlands_alpha
1635,1692,2,2,4,Tunnel,,1,06,7704304218758448187,poiNode__tunnel_lvl1_crownlands_alpha
1681,1692,2,2,4,Settlement (Town),,1,0b,5323986953385167127,poiNode__town_lvl1_food_crownlands_alpha
685,1693,2,2,4,Settlement (Town),,2,07,12140295094117105364,poiNode__town_lvl2_stone_riverlands_alpha
1610,1693,1,1,1,Ruin,,1,01,4069333285272614884,poiNode__ruin_lvl1_crownlands_alpha
613,1694,2,2,4,Crossing,,4,,10638324116765093946,poiNode__crossing_lvl4_alpha
726,1694,1,1,1,Ruin,,1,01,14369028728984258867,poiNode__ruin_lvl1_riverlands_alpha
1281,1694,1,1,1,Ruin,,1,01,14369028728984258867,poiNode__ruin_lvl1_riverlands_alpha
646,1695,2,2,4,Crossing,,4,,10638324116765093946,poiNode__crossing_lvl4_alpha
719,1695,2,2,4,Settlement (Town),,2,07,17574922458373617218,poiNode__town_lvl2_iron_riverlands_alpha
1033,1695,1,1,1,Ruin,,1,01,14369028728984258867,poiNode__ruin_lvl1_riverlands_alpha
1085,1695,1,1,1,Ruin,,1,01,14369028728984258867,poiNode__ruin_lvl1_riverlands_alpha
313,1696,3,3,9,Castle,,3,9f00,17460725333026308301,poiNode__castle_lvl3_riverlands_alpha
411,1696,1,1,1,Ruin,,1,01,14369028728984258867,poiNode__ruin_lvl1_riverlands_alpha
634,1696,2,2,4,Crossing,,4,06,10638324116765093946,poiNode__crossing_lvl4_alpha
736,1696,2,1,2,Tunnel,,2,03,17101051989901829481,poiNode__tunnel_lvl2_riverlands_alpha
1071,1696,3,2,6,Dragon Sanctum,,4,1e,17948439992778488422,poiNode__dragonsanctum_lv04_riverlands_alpha
1204,1696,2,2,4,Settlement (Town),,2,0b,11303916270620475278,poiNode__town_lvl2_food_riverlands_alpha
1654,1696,1,2,2,Tunnel,,1,03,7704304218758448187,poiNode__tunnel_lvl1_crownlands_alpha
351,1697,1,1,1,Ruin,,1,01,14369028728984258867,poiNode__ruin_lvl1_riverlands_alpha
383,1697,2,1,2,Tunnel,,3,03,14210194544068538346,poiNode__tunnel_lvl3_riverlands_alpha
778,1697,1,1,1,Ruin,,1,01,14369028728984258867,poiNode__ruin_lvl1_riverlands_alpha
800,1697,1,1,1,Ruin,,1,01,14369028728984258867,poiNode__ruin_lvl1_riverlands_alpha
293,1698,2,2,4,Settlement (Town),,3,0b,9600398802142562228,poiNode__town_lvl3_food_riverlands_alpha
623,1698,1,2,2,Crossing,,4,03,10638324116765093946,poiNode__crossing_lvl4_alpha
709,1698,1,1,1,Ruin,,1,01,14369028728984258867,poiNode__ruin_lvl1_riverlands_alpha
1171,1698,1,1,1,Ruin,,1,01,14369028728984258867,poiNode__ruin_lvl1_riverlands_alpha
1177,1698,2,2,4,Settlement (Town),,2,0b,5056014063526610105,poiNode__town_lvl2_wood_riverlands_alpha
1213,1698,1,1,1,Ruin,,1,01,14369028728984258867,poiNode__ruin_lvl1_riverlands_alpha
1183,1699,1,1,1,Ruin,,1,01,14369028728984258867,poiNode__ruin_lvl1_riverlands_alpha
1265,1699,1,1,1,Ruin,,1,01,14369028728984258867,poiNode__ruin_lvl1_riverlands_alpha
1605,1699,1,2,2,Tunnel,,1,03,7704304218758448187,poiNode__tunnel_lvl1_crownlands_alpha
427,1701,3,3,9,Castle,,3,b700,17460725333026308301,poiNode__castle_lvl3_riverlands_alpha
660,1701,1,2,2,Crossing,,4,03,10638324116765093946,poiNode__crossing_lvl4_alpha
1680,1701,1,1,1,Ruin,,1,01,4069333285272614884,poiNode__ruin_lvl1_crownlands_alpha
336,1702,4,3,12,Seat of Power,Hammerhorn,,f707,4842225950997663817,poiNode__sop_Hammerhorn_alpha
1043,1702,1,1,1,Ruin,,1,01,14369028728984258867,poiNode__ruin_lvl1_riverlands_alpha
1134,1702,2,2,4,Settlement (Town),,2,0b,11303916270620475278,poiNode__town_lvl2_food_riverlands_alpha
1413,1702,1,2,2,Tunnel,,1,03,7704304218758448187,poiNode__tunnel_lvl1_crownlands_alpha
726,1703,1,1,1,Ruin,,1,01,14369028728984258867,poiNode__ruin_lvl1_riverlands_alpha
1381,1703,3,5,15,Bridge,,1,a414,16551278857259698617,poiNode__bridge_5hex_lvl1_alpha
1599,1703,2,2,4,Tunnel,,1,,7704304218758448187,poiNode__tunnel_lvl1_crownlands_alpha
748,1704,1,1,1,Ruin,,1,01,14369028728984258867,poiNode__ruin_lvl1_riverlands_alpha
1075,1704,2,2,4,Settlement (Town),,2,0b,5056014063526610105,poiNode__town_lvl2_wood_riverlands_alpha
1084,1704,1,1,1,Ruin,,1,01,14369028728984258867,poiNode__ruin_lvl1_riverlands_alpha
1593,1704,3,3,9,Castle,,1,9f00,6741636123857038108,poiNode__castle_lvl1_crownlands_alpha
1748,1704,1,1,1,Ruin,,1,01,4069333285272614884,poiNode__ruin_lvl1_crownlands_alpha
787,1705,2,2,4,Settlement (Town),,2,07,5056014063526610105,poiNode__town_lvl2_wood_riverlands_alpha
1520,1705,3,3,9,Castle,,1,b700,6741636123857038108,poiNode__castle_lvl1_crownlands_alpha
1619,1705,2,2,4,Tunnel,,1,,7704304218758448187,poiNode__tunnel_lvl1_crownlands_alpha
1493,1706,2,2,4,Tunnel,,1,06,7704304218758448187,poiNode__tunnel_lvl1_crownlands_alpha
1799,1706,1,1,1,Ruin,,1,01,4069333285272614884,poiNode__ruin_lvl1_crownlands_alpha
276,1707,3,5,15,Bridge,,3,a414,4908333263510868557,poiNode__bridge_5hex_lvl3_alpha
303,1707,1,1,1,Ruin,,1,01,14369028728984258867,poiNode__ruin_lvl1_riverlands_alpha
347,1707,1,1,1,Ruin,,1,01,14369028728984258867,poiNode__ruin_lvl1_riverlands_alpha
454,1707,1,1,1,Ruin,,1,01,14369028728984258867,poiNode__ruin_lvl1_riverlands_alpha
1847,1708,1,1,1,Ruin,,1,01,4069333285272614884,poiNode__ruin_lvl1_crownlands_alpha
696,1709,1,1,1,Ruin,,1,01,14369028728984258867,poiNode__ruin_lvl1_riverlands_alpha
1789,1709,1,1,1,Ruin,,1,01,4069333285272614884,poiNode__ruin_lvl1_crownlands_alpha
1985,1709,1,1,1,Ruin,,1,01,4069333285272614884,poiNode__ruin_lvl1_crownlands_alpha
1182,1710,1,2,2,Crossing,,2,03,17576595532914463501,poiNode__crossing_lvl2_alpha
390,1711,1,1,1,Ruin,,1,01,14369028728984258867,poiNode__ruin_lvl1_riverlands_alpha
323,1712,1,1,1,Ruin,,1,01,14369028728984258867,poiNode__ruin_lvl1_riverlands_alpha
765,1712,1,1,1,Ruin,,1,01,14369028728984258867,poiNode__ruin_lvl1_riverlands_alpha
1129,1712,3,3,9,Castle,,2,9f00,15724056029190769230,poiNode__castle_lvl2_riverlands_alpha
689,1713,1,1,1,Ruin,,1,01,14369028728984258867,poiNode__ruin_lvl1_riverlands_alpha
783,1713,1,1,1,Ruin,,1,01,14369028728984258867,poiNode__ruin_lvl1_riverlands_alpha
1898,1713,2,2,4,Settlement (Town),,1,07,5323986953385167127,poiNode__town_lvl1_food_crownlands_alpha
266,1714,3,4,12,Bridge,,3,9402,10979979365687151544,poiNode__bridge_4hex_lvl3_alpha
754,1714,3,2,6,Dragon Sanctum,,4,1e,17948439992778488422,poiNode__dragonsanctum_lv04_riverlands_alpha
1623,1714,1,2,2,Tunnel,,1,03,7704304218758448187,poiNode__tunnel_lvl1_crownlands_alpha
315,1715,1,1,1,Ruin,,1,01,14369028728984258867,poiNode__ruin_lvl1_riverlands_alpha
1213,1715,1,1,1,Ruin,,1,01,14369028728984258867,poiNode__ruin_lvl1_riverlands_alpha
1343,1715,2,2,4,Tunnel,,1,,7704304218758448187,poiNode__tunnel_lvl1_crownlands_alpha
1651,1715,1,2,2,Tunnel,,1,03,7704304218758448187,poiNode__tunnel_lvl1_crownlands_alpha
700,1716,2,2,4,Settlement (Town),,2,0b,11303916270620475278,poiNode__town_lvl2_food_riverlands_alpha
730,1716,1,1,1,Ruin,,1,01,14369028728984258867,poiNode__ruin_lvl1_riverlands_alpha
1187,1716,2,2,4,Crossing,,2,,17576595532914463501,poiNode__crossing_lvl2_alpha
1263,1716,2,2,4,Settlement (Town),,2,0b,17574922458373617218,poiNode__town_lvl2_iron_riverlands_alpha
417,1718,2,2,4,Settlement (Town),,3,0b,16862126753176915576,poiNode__town_lvl3_iron_riverlands_alpha
800,1718,2,2,4,Tunnel,,2,06,17101051989901829481,poiNode__tunnel_lvl2_riverlands_alpha
397,1719,1,1,1,Ruin,,1,01,14369028728984258867,poiNode__ruin_lvl1_riverlands_alpha
814,1719,2,2,4,Crossing,,2,06,17576595532914463501,poiNode__crossing_lvl2_alpha
1490,1719,1,2,2,Tunnel,,1,03,7704304218758448187,poiNode__tunnel_lvl1_crownlands_alpha
695,1720,1,1,1,Ruin,,1,01,14369028728984258867,poiNode__ruin_lvl1_riverlands_alpha
778,1720,2,2,4,Tunnel,,2,06,17101051989901829481,poiNode__tunnel_lvl2_riverlands_alpha
1126,1720,1,1,1,Ruin,,1,01,14369028728984258867,poiNode__ruin_lvl1_riverlands_alpha
1723,1720,1,1,1,Ruin,,1,01,4069333285272614884,poiNode__ruin_lvl1_crownlands_alpha
795,1721,2,1,2,Tunnel,,2,03,17101051989901829481,poiNode__tunnel_lvl2_riverlands_alpha
837,1721,2,2,4,Crossing,,2,,17576595532914463501,poiNode__crossing_lvl2_alpha
1376,1721,1,1,1,Ruin,,1,01,4069333285272614884,poiNode__ruin_lvl1_crownlands_alpha
430,1722,1,1,1,Ruin,,1,01,14369028728984258867,poiNode__ruin_lvl1_riverlands_alpha
1088,1722,1,1,1,Ruin,,1,01,14369028728984258867,poiNode__ruin_lvl1_riverlands_alpha
273,1723,1,1,1,Ruin,,1,01,14369028728984258867,poiNode__ruin_lvl1_riverlands_alpha
1041,1723,1,1,1,Ruin,,1,01,14369028728984258867,poiNode__ruin_lvl1_riverlands_alpha
305,1724,2,2,4,Tunnel,,3,06,14210194544068538346,poiNode__tunnel_lvl3_riverlands_alpha
705,1724,1,1,1,Ruin,,1,01,14369028728984258867,poiNode__ruin_lvl1_riverlands_alpha
822,1724,2,2,4,Crossing,,2,,17576595532914463501,poiNode__crossing_lvl2_alpha
1479,1724,1,1,1,Ruin,,1,01,4069333285272614884,poiNode__ruin_lvl1_crownlands_alpha
845,1725,1,2,2,Crossing,,2,03,17576595532914463501,poiNode__crossing_lvl2_alpha
875,1725,1,1,1,Ruin,,1,01,14369028728984258867,poiNode__ruin_lvl1_riverlands_alpha
1457,1725,3,3,9,Castle,,1,b700,6741636123857038108,poiNode__castle_lvl1_crownlands_alpha
778,1726,2,2,4,Tunnel,,2,,17101051989901829481,poiNode__tunnel_lvl2_riverlands_alpha
1152,1726,3,2,6,Dragon Sanctum,,4,1e,17948439992778488422,poiNode__dragonsanctum_lv04_riverlands_alpha
1613,1726,1,1,1,Ruin,,1,01,4069333285272614884,poiNode__ruin_lvl1_crownlands_alpha
447,1727,1,1,1,Ruin,,1,01,14369028728984258867,poiNode__ruin_lvl1_riverlands_alpha
680,1727,1,1,1,Ruin,,1,01,14369028728984258867,poiNode__ruin_lvl1_riverlands_alpha
739,1727,4,3,12,Seat of Power,Ten Towers,,fe0e,4847869793492566923,poiNode__sop_TenTowers_alpha
747,1727,2,2,4,Dragon Sanctum,,1,0f,8137403851956624105,poiNode__dragonsanctum_lv01_riverlands_alpha
1650,1727,2,2,4,Tunnel,,1,06,7704304218758448187,poiNode__tunnel_lvl1_crownlands_alpha
1373,1728,2,2,4,Tunnel,,1,06,7704304218758448187,poiNode__tunnel_lvl1_crownlands_alpha
1532,1728,1,1,1,Ruin,,1,01,4069333285272614884,poiNode__ruin_lvl1_crownlands_alpha
398,1729,1,1,1,Ruin,,1,01,14369028728984258867,poiNode__ruin_lvl1_riverlands_alpha
786,1729,1,1,1,Ruin,,1,01,14369028728984258867,poiNode__ruin_lvl1_riverlands_alpha
1346,1729,1,2,2,Tunnel,,1,03,7704304218758448187,poiNode__tunnel_lvl1_crownlands_alpha
855,1731,2,2,4,Crossing,,2,06,17576595532914463501,poiNode__crossing_lvl2_alpha
905,1731,1,1,1,Ruin,,1,01,14369028728984258867,poiNode__ruin_lvl1_riverlands_alpha
1626,1731,1,1,1,Ruin,,1,01,4069333285272614884,poiNode__ruin_lvl1_crownlands_alpha
1984,1731,1,1,1,Ruin,,1,01,4069333285272614884,poiNode__ruin_lvl1_crownlands_alpha
1786,1732,2,2,4,Tunnel,,1,06,7704304218758448187,poiNode__tunnel_lvl1_crownlands_alpha
716,1733,1,1,1,Ruin,,1,01,14369028728984258867,poiNode__ruin_lvl1_riverlands_alpha
1033,1733,4,3,12,Seat of Power,Seagard,,fe0e,2164038393742060645,poiNode__sop_Seagard_alpha
303,1734,2,1,2,Tunnel,,3,03,14210194544068538346,poiNode__tunnel_lvl3_riverlands_alpha
417,1734,1,2,2,Crossing,,3,03,11761877450986962679,poiNode__crossing_lvl3_alpha
704,1734,1,1,1,Ruin,,1,01,14369028728984258867,poiNode__ruin_lvl1_riverlands_alpha
863,1734,2,2,4,Crossing,,2,,17576595532914463501,poiNode__crossing_lvl2_alpha
882,1734,3,3,9,Castle,,2,9f00,15724056029190769230,poiNode__castle_lvl2_riverlands_alpha
1133,1734,1,1,1,Ruin,,1,01,14369028728984258867,poiNode__ruin_lvl1_riverlands_alpha
1206,1734,1,1,1,Ruin,,1,01,14369028728984258867,poiNode__ruin_lvl1_riverlands_alpha
1708,1734,2,2,4,Settlement (Town),,1,0b,10599107479229116960,poiNode__town_lvl1_wood_crownlands_alpha
913,1735,1,1,1,Ruin,,1,01,14369028728984258867,poiNode__ruin_lvl1_riverlands_alpha
475,1736,3,3,9,Castle,,3,9f00,17460725333026308301,poiNode__castle_lvl3_riverlands_alpha
759,1737,1,1,1,Ruin,,1,01,14369028728984258867,poiNode__ruin_lvl1_riverlands_alpha
1567,1737,1,1,1,Ruin,,1,01,4069333285272614884,poiNode__ruin_lvl1_crownlands_alpha
504,1738,1,1,1,Ruin,,1,01,14369028728984258867,poiNode__ruin_lvl1_riverlands_alpha
734,1738,1,1,1,Ruin,,1,01,14369028728984258867,poiNode__ruin_lvl1_riverlands_alpha
1780,1738,2,1,2,Tunnel,,1,03,7704304218758448187,poiNode__tunnel_lvl1_crownlands_alpha
930,1739,1,1,1,Ruin,,1,01,14369028728984258867,poiNode__ruin_lvl1_riverlands_alpha
1827,1740,1,1,1,Ruin,,1,01,4069333285272614884,poiNode__ruin_lvl1_crownlands_alpha
286,1741,1,1,1,Ruin,,1,01,14369028728984258867,poiNode__ruin_lvl1_riverlands_alpha
864,1741,1,1,1,Ruin,,1,01,14369028728984258867,poiNode__ruin_lvl1_riverlands_alpha
1371,1741,2,2,4,Tunnel,,1,06,7704304218758448187,poiNode__tunnel_lvl1_crownlands_alpha
1525,1741,1,1,1,Ruin,,1,01,4069333285272614884,poiNode__ruin_lvl1_crownlands_alpha
1607,1741,2,2,4,Settlement (Town),,1,07,10599107479229116960,poiNode__town_lvl1_wood_crownlands_alpha
494,1742,1,1,1,Ruin,,1,01,14369028728984258867,poiNode__ruin_lvl1_riverlands_alpha
672,1742,1,1,1,Ruin,,1,01,14369028728984258867,poiNode__ruin_lvl1_riverlands_alpha
690,1742,2,2,4,Settlement (Town),,2,0b,11303916270620475278,poiNode__town_lvl2_food_riverlands_alpha
923,1742,1,1,1,Ruin,,1,01,14369028728984258867,poiNode__ruin_lvl1_riverlands_alpha
1903,1742,1,1,1,Ruin,,1,01,4069333285272614884,poiNode__ruin_lvl1_crownlands_alpha
1233,1743,1,1,1,Ruin,,1,01,14369028728984258867,poiNode__ruin_lvl1_riverlands_alpha
1577,1743,2,2,4,Settlement (Town),,1,07,2800008357386502363,poiNode__town_lvl1_iron_crownlands_alpha
728,1744,1,1,1,Ruin,,1,01,14369028728984258867,poiNode__ruin_lvl1_riverlands_alpha
1299,1745,2,2,4,Tunnel,,1,,7704304218758448187,poiNode__tunnel_lvl1_crownlands_alpha
1309,1746,2,2,4,Tunnel,,1,06,7704304218758448187,poiNode__tunnel_lvl1_crownlands_alpha
1611,1746,1,1,1,Ruin,,1,01,4069333285272614884,poiNode__ruin_lvl1_crownlands_alpha
1638,1746,1,1,1,Ruin,,1,01,4069333285272614884,poiNode__ruin_lvl1_crownlands_alpha
1969,1746,2,2,4,Settlement (Town),,1,0b,17988470253685371955,poiNode__town_lvl1_stone_crownlands_alpha
416,1747,2,2,4,Crossing,,3,06,11761877450986962679,poiNode__crossing_lvl3_alpha
484,1747,2,2,4,Settlement (Town),,3,07,16862126753176915576,poiNode__town_lvl3_iron_riverlands_alpha
778,1747,1,1,1,Ruin,,1,01,14369028728984258867,poiNode__ruin_lvl1_riverlands_alpha
954,1747,1,1,1,Ruin,,1,01,14369028728984258867,poiNode__ruin_lvl1_riverlands_alpha
889,1748,1,1,1,Ruin,,1,01,14369028728984258867,poiNode__ruin_lvl1_riverlands_alpha
750,1749,1,1,1,Ruin,,1,01,14369028728984258867,poiNode__ruin_lvl1_riverlands_alpha
313,1750,1,2,2,Tunnel,,3,03,14210194544068538346,poiNode__tunnel_lvl3_riverlands_alpha
735,1750,1,1,1,Ruin,,1,01,14369028728984258867,poiNode__ruin_lvl1_riverlands_alpha
1909,1750,1,1,1,Ruin,,1,01,4069333285272614884,poiNode__ruin_lvl1_crownlands_alpha
1650,1751,4,3,12,Seat of Power,Hearts Home,,fe0e,18304224190471357478,poiNode__sop_HeartsHome_alpha
683,1752,2,2,4,Harbor/Dock,,2,0e,16078488310347410484,poiNode__harbor_lvl2_alpha
1195,1752,1,1,1,Ruin,,1,01,14369028728984258867,poiNode__ruin_lvl1_riverlands_alpha
718,1753,1,1,1,Ruin,,1,01,14369028728984258867,poiNode__ruin_lvl1_riverlands_alpha
896,1753,1,1,1,Ruin,,1,01,14369028728984258867,poiNode__ruin_lvl1_riverlands_alpha
1583,1753,1,1,1,Ruin,,1,01,4069333285272614884,poiNode__ruin_lvl1_crownlands_alpha
858,1754,1,1,1,Ruin,,1,01,14369028728984258867,poiNode__ruin_lvl1_riverlands_alpha
2000,1754,1,1,1,Ruin,,1,01,4069333285272614884,poiNode__ruin_lvl1_crownlands_alpha
1653,1755,2,4,8,Bridge,,1,a5,4164891203475574860,poiNode__bridge_4hex_lvl1_alpha
961,1756,2,2,4,Settlement (Town),,2,0b,17574922458373617218,poiNode__town_lvl2_iron_riverlands_alpha
1254,1756,1,1,1,Ruin,,1,01,14369028728984258867,poiNode__ruin_lvl1_riverlands_alpha
1404,1756,1,1,1,Ruin,,1,01,4069333285272614884,poiNode__ruin_lvl1_crownlands_alpha
401,1757,1,1,1,Ruin,,1,01,14369028728984258867,poiNode__ruin_lvl1_riverlands_alpha
1168,1757,1,1,1,Ruin,,1,01,14369028728984258867,poiNode__ruin_lvl1_riverlands_alpha
1509,1757,3,5,15,Bridge,,1,9148,16551278857259698617,poiNode__bridge_5hex_lvl1_alpha
317,1758,2,1,2,Tunnel,,3,03,14210194544068538346,poiNode__tunnel_lvl3_riverlands_alpha
499,1758,1,1,1,Ruin,,1,01,14369028728984258867,poiNode__ruin_lvl1_riverlands_alpha
757,1758,3,3,9,Castle,,2,9f00,15724056029190769230,poiNode__castle_lvl2_riverlands_alpha
1472,1758,3,4,12,Seat of Power,Strongsong,,fe07,2391580097919729950,poiNode__sop_Strongsong_alpha
887,1759,1,1,1,Ruin,,1,01,14369028728984258867,poiNode__ruin_lvl1_riverlands_alpha
904,1759,2,2,4,Settlement (Town),,2,07,17574922458373617218,poiNode__town_lvl2_iron_riverlands_alpha
965,1759,1,1,1,Ruin,,1,01,14369028728984258867,poiNode__ruin_lvl1_riverlands_alpha
339,1760,1,1,1,Ruin,,1,01,14369028728984258867,poiNode__ruin_lvl1_riverlands_alpha
510,1760,1,1,1,Ruin,,1,01,14369028728984258867,poiNode__ruin_lvl1_riverlands_alpha
774,1760,1,1,1,Ruin,,1,01,14369028728984258867,poiNode__ruin_lvl1_riverlands_alpha
930,1760,1,1,1,Ruin,,1,01,14369028728984258867,poiNode__ruin_lvl1_riverlands_alpha
1009,1760,1,1,1,Ruin,,1,01,14369028728984258867,poiNode__ruin_lvl1_riverlands_alpha
1162,1760,3,3,9,Castle,,2,9f00,15724056029190769230,poiNode__castle_lvl2_riverlands_alpha
1889,1760,1,1,1,Ruin,,1,01,4069333285272614884,poiNode__ruin_lvl1_crownlands_alpha
1781,1761,2,2,4,Settlement (Town),,1,07,2800008357386502363,poiNode__town_lvl1_iron_crownlands_alpha
299,1762,1,1,1,Ruin,,1,01,14369028728984258867,poiNode__ruin_lvl1_riverlands_alpha
922,1762,1,1,1,Ruin,,1,01,14369028728984258867,poiNode__ruin_lvl1_riverlands_alpha
1026,1762,3,3,9,Castle,,2,9f00,15724056029190769230,poiNode__castle_lvl2_riverlands_alpha
1896,1762,3,3,9,Castle,,1,9f00,6741636123857038108,poiNode__castle_lvl1_crownlands_alpha
253,1763,1,1,1,Ruin,,1,01,14369028728984258867,poiNode__ruin_lvl1_riverlands_alpha
1037,1763,1,1,1,Ruin,,1,01,14369028728984258867,poiNode__ruin_lvl1_riverlands_alpha
749,1764,2,2,4,Settlement (Town),,2,0b,12140295094117105364,poiNode__town_lvl2_stone_riverlands_alpha
996,1764,1,1,1,Ruin,,1,01,14369028728984258867,poiNode__ruin_lvl1_riverlands_alpha
1053,1765,1,1,1,Ruin,,1,01,14369028728984258867,poiNode__ruin_lvl1_riverlands_alpha
1218,1765,1,1,1,Ruin,,1,01,14369028728984258867,poiNode__ruin_lvl1_riverlands_alpha
1654,1765,3,3,9,Castle,,1,b700,6741636123857038108,poiNode__castle_lvl1_crownlands_alpha
420,1766,1,1,1,Ruin,,1,01,14369028728984258867,poiNode__ruin_lvl1_riverlands_alpha
1153,1766,1,1,1,Ruin,,1,01,14369028728984258867,poiNode__ruin_lvl1_riverlands_alpha
1173,1766,1,1,1,Ruin,,1,01,14369028728984258867,poiNode__ruin_lvl1_riverlands_alpha
1333,1766,1,2,2,Tunnel,,1,03,7704304218758448187,poiNode__tunnel_lvl1_crownlands_alpha
1909,1766,1,1,1,Ruin,,1,01,4069333285272614884,poiNode__ruin_lvl1_crownlands_alpha
882,1767,1,1,1,Ruin,,1,01,14369028728984258867,poiNode__ruin_lvl1_riverlands_alpha
979,1767,2,2,4,Settlement (Town),,2,07,11303916270620475278,poiNode__town_lvl2_food_riverlands_alpha
519,1769,2,2,4,Crossing,,3,06,11761877450986962679,poiNode__crossing_lvl3_alpha
527,1769,1,2,2,Crossing,,3,03,11761877450986962679,poiNode__crossing_lvl3_alpha
770,1770,1,1,1,Ruin,,1,01,14369028728984258867,poiNode__ruin_lvl1_riverlands_alpha
953,1770,1,1,1,Ruin,,1,01,14369028728984258867,poiNode__ruin_lvl1_riverlands_alpha
1605,1770,2,2,4,Tunnel,,1,06,7704304218758448187,poiNode__tunnel_lvl1_crownlands_alpha
1012,1771,1,1,1,Ruin,,1,01,14369028728984258867,poiNode__ruin_lvl1_riverlands_alpha
1933,1771,1,1,1,Ruin,,1,01,4069333285272614884,poiNode__ruin_lvl1_crownlands_alpha
924,1772,3,3,9,Castle,,2,9f00,15724056029190769230,poiNode__castle_lvl2_riverlands_alpha
1074,1772,1,1,1,Ruin,,1,01,14369028728984258867,poiNode__ruin_lvl1_riverlands_alpha
1107,1772,1,1,1,Ruin,,1,01,14369028728984258867,poiNode__ruin_lvl1_riverlands_alpha
1680,1772,1,1,1,Ruin,,1,01,4069333285272614884,poiNode__ruin_lvl1_crownlands_alpha
533,1773,1,1,1,Ruin,,1,01,14369028728984258867,poiNode__ruin_lvl1_riverlands_alpha
1041,1773,1,1,1,Ruin,,1,01,14369028728984258867,poiNode__ruin_lvl1_riverlands_alpha
1926,1773,1,2,2,Crossing,,1,03,186484103584441603,poiNode__crossing_lvl1_alpha
308,1774,1,1,1,Ruin,,1,01,14369028728984258867,poiNode__ruin_lvl1_riverlands_alpha
545,1774,1,1,1,Ruin,,1,01,14369028728984258867,poiNode__ruin_lvl1_riverlands_alpha
760,1774,1,1,1,Ruin,,1,01,14369028728984258867,poiNode__ruin_lvl1_riverlands_alpha
910,1774,1,1,1,Ruin,,1,01,14369028728984258867,poiNode__ruin_lvl1_riverlands_alpha
968,1774,1,1,1,Ruin,,1,01,14369028728984258867,poiNode__ruin_lvl1_riverlands_alpha
1024,1774,1,1,1,Ruin,,1,01,14369028728984258867,poiNode__ruin_lvl1_riverlands_alpha
1035,1774,2,2,4,Settlement (Town),,2,0b,11303916270620475278,poiNode__town_lvl2_food_riverlands_alpha
1172,1774,2,2,4,Settlement (Town),,2,0b,5056014063526610105,poiNode__town_lvl2_wood_riverlands_alpha
1332,1774,1,2,2,Tunnel,,1,03,7704304218758448187,poiNode__tunnel_lvl1_crownlands_alpha
1400,1774,2,4,8,Bridge,,1,a5,4164891203475574860,poiNode__bridge_4hex_lvl1_alpha
335,1775,1,1,1,Ruin,,1,01,14369028728984258867,poiNode__ruin_lvl1_riverlands_alpha
997,1775,1,1,1,Ruin,,1,01,14369028728984258867,poiNode__ruin_lvl1_riverlands_alpha
425,1776,1,1,1,Ruin,,1,01,14369028728984258867,poiNode__ruin_lvl1_riverlands_alpha
1051,1776,1,1,1,Ruin,,1,01,14369028728984258867,poiNode__ruin_lvl1_riverlands_alpha
1211,1776,1,1,1,Ruin,,1,01,14369028728984258867,poiNode__ruin_lvl1_riverlands_alpha
1344,1776,2,2,4,Tunnel,,1,06,7704304218758448187,poiNode__tunnel_lvl1_crownlands_alpha
1796,1776,1,1,1,Ruin,,1,01,4069333285272614884,poiNode__ruin_lvl1_crownlands_alpha
1805,1776,1,1,1,Ruin,,1,01,4069333285272614884,poiNode__ruin_lvl1_crownlands_alpha
276,1777,1,1,1,Ruin,,1,01,14369028728984258867,poiNode__ruin_lvl1_riverlands_alpha
1227,1777,1,1,1,Ruin,,1,01,14369028728984258867,poiNode__ruin_lvl1_riverlands_alpha
1246,1777,1,1,1,Ruin,,1,01,14369028728984258867,poiNode__ruin_lvl1_riverlands_alpha
1236,1778,1,1,1,Ruin,,1,01,14369028728984258867,poiNode__ruin_lvl1_riverlands_alpha
1541,1778,3,3,9,Castle,,1,9f00,6741636123857038108,poiNode__castle_lvl1_crownlands_alpha
768,1779,1,1,1,Ruin,,1,01,14369028728984258867,poiNode__ruin_lvl1_riverlands_alpha
437,1780,1,1,1,Ruin,,1,01,14369028728984258867,poiNode__ruin_lvl1_riverlands_alpha
673,1780,2,2,4,Harbor/Dock,,2,0b,16078488310347410484,poiNode__harbor_lvl2_alpha
547,1781,2,2,4,Harbor/Dock,,3,0b,10372997566753374670,poiNode__harbor_lvl3_alpha
1607,1781,1,2,2,Tunnel,,1,03,7704304218758448187,poiNode__tunnel_lvl1_crownlands_alpha
254,1783,2,2,4,Settlement (Town),,3,07,6903585217894579331,poiNode__town_lvl3_wood_riverlands_alpha
946,1783,1,1,1,Ruin,,1,01,14369028728984258867,poiNode__ruin_lvl1_riverlands_alpha
1851,1783,1,1,1,Ruin,,1,01,4069333285272614884,poiNode__ruin_lvl1_crownlands_alpha
399,1784,1,1,1,Ruin,,1,01,14369028728984258867,poiNode__ruin_lvl1_riverlands_alpha
1407,1784,1,1,1,Ruin,,1,01,4069333285272614884,poiNode__ruin_lvl1_crownlands_alpha
1346,1785,2,2,4,Tunnel,,1,06,7704304218758448187,poiNode__tunnel_lvl1_crownlands_alpha
921,1786,1,1,1,Ruin,,1,01,14369028728984258867,poiNode__ruin_lvl1_riverlands_alpha
1922,1786,1,2,2,Crossing,,1,03,186484103584441603,poiNode__crossing_lvl1_alpha
423,1787,2,2,4,Settlement (Town),,3,07,6903585217894579331,poiNode__town_lvl3_wood_riverlands_alpha
975,1787,1,1,1,Ruin,,1,01,14369028728984258867,poiNode__ruin_lvl1_riverlands_alpha
270,1788,1,1,1,Ruin,,1,01,14369028728984258867,poiNode__ruin_lvl1_riverlands_alpha
305,1788,3,4,12,Bridge,,3,9108,10979979365687151544,poiNode__bridge_4hex_lvl3_alpha
584,1788,2,2,4,Crossing,,2,,17576595532914463501,poiNode__crossing_lvl2_alpha
754,1788,1,1,1,Ruin,,1,01,14369028728984258867,poiNode__ruin_lvl1_riverlands_alpha
931,1789,1,1,1,Ruin,,1,01,14369028728984258867,poiNode__ruin_lvl1_riverlands_alpha
1141,1789,1,1,1,Ruin,,1,01,14369028728984258867,poiNode__ruin_lvl1_riverlands_alpha
404,1790,2,2,4,Tunnel,,3,06,14210194544068538346,poiNode__tunnel_lvl3_riverlands_alpha
560,1790,2,2,4,Harbor/Dock,,3,,10372997566753374670,poiNode__harbor_lvl3_alpha
595,1790,2,2,4,Settlement (Town),,2,0b,5056014063526610105,poiNode__town_lvl2_wood_riverlands_alpha
608,1790,3,5,15,Bridge,,2,8944,1498553686271999927,poiNode__bridge_5hex_lvl2_alpha
1896,1790,2,2,4,Tunnel,,1,06,7704304218758448187,poiNode__tunnel_lvl1_crownlands_alpha
400,1791,2,2,4,Tunnel,,3,,14210194544068538346,poiNode__tunnel_lvl3_riverlands_alpha
576,1791,2,2,4,Crossing,,2,06,17576595532914463501,poiNode__crossing_lvl2_alpha
744,1791,1,1,1,Ruin,,1,01,14369028728984258867,poiNode__ruin_lvl1_riverlands_alpha
950,1793,2,2,4,Settlement (Town),,2,07,5056014063526610105,poiNode__town_lvl2_wood_riverlands_alpha
413,1794,1,1,1,Ruin,,1,01,14369028728984258867,poiNode__ruin_lvl1_riverlands_alpha
567,1794,1,1,1,Ruin,,1,01,14369028728984258867,poiNode__ruin_lvl1_riverlands_alpha
1169,1794,1,1,1,Ruin,,1,01,14369028728984258867,poiNode__ruin_lvl1_riverlands_alpha
1008,1795,1,1,1,Ruin,,1,01,14369028728984258867,poiNode__ruin_lvl1_riverlands_alpha
654,1796,1,1,1,Ruin,,1,01,14369028728984258867,poiNode__ruin_lvl1_riverlands_alpha
677,1796,1,1,1,Ruin,,1,01,14369028728984258867,poiNode__ruin_lvl1_riverlands_alpha
985,1796,3,3,9,Castle,,2,9f00,15724056029190769230,poiNode__castle_lvl2_riverlands_alpha
1041,1796,1,1,1,Ruin,,1,01,14369028728984258867,poiNode__ruin_lvl1_riverlands_alpha
1785,1796,3,3,9,Castle,,1,9f00,6741636123857038108,poiNode__castle_lvl1_crownlands_alpha
1893,1797,2,2,4,Tunnel,,1,06,7704304218758448187,poiNode__tunnel_lvl1_crownlands_alpha
637,1798,1,1,1,Ruin,,1,01,14369028728984258867,poiNode__ruin_lvl1_riverlands_alpha
665,1798,5,1,5,Bridge,,2,1f,1498553686271999927,poiNode__bridge_5hex_lvl2_alpha
1424,1798,3,3,9,Castle,,1,9f00,6741636123857038108,poiNode__castle_lvl1_crownlands_alpha
968,1799,1,1,1,Ruin,,1,01,14369028728984258867,poiNode__ruin_lvl1_riverlands_alpha
1642,1799,2,2,4,Tunnel,,1,,7704304218758448187,poiNode__tunnel_lvl1_crownlands_alpha
749,1800,1,1,1,Ruin,,1,01,14369028728984258867,poiNode__ruin_lvl1_riverlands_alpha
958,1800,1,1,1,Ruin,,1,01,14369028728984258867,poiNode__ruin_lvl1_riverlands_alpha
1347,1800,3,4,12,Bridge,,1,9402,4164891203475574860,poiNode__bridge_4hex_lvl1_alpha
1472,1800,1,2,2,Tunnel,,1,03,7704304218758448187,poiNode__tunnel_lvl1_crownlands_alpha
1780,1800,1,1,1,Ruin,,1,01,4069333285272614884,poiNode__ruin_lvl1_crownlands_alpha
1653,1801,1,2,2,Tunnel,,1,03,7704304218758448187,poiNode__tunnel_lvl1_crownlands_alpha
564,1802,1,2,2,Crossing,,2,03,17576595532914463501,poiNode__crossing_lvl2_alpha
1328,1802,2,2,4,Tunnel,,1,06,7704304218758448187,poiNode__tunnel_lvl1_crownlands_alpha
423,1803,3,3,9,Castle,,3,b700,17460725333026308301,poiNode__castle_lvl3_riverlands_alpha
586,1803,1,1,1,Ruin,,1,01,14369028728984258867,poiNode__ruin_lvl1_riverlands_alpha
442,1804,1,1,1,Ruin,,1,01,14369028728984258867,poiNode__ruin_lvl1_riverlands_alpha
991,1804,1,1,1,Ruin,,1,01,14369028728984258867,poiNode__ruin_lvl1_riverlands_alpha
1414,1804,1,1,1,Ruin,,1,01,4069333285272614884,poiNode__ruin_lvl1_crownlands_alpha
285,1805,1,1,1,Ruin,,1,01,14369028728984258867,poiNode__ruin_lvl1_riverlands_alpha
633,1805,2,2,4,Settlement (Town),,2,07,11303916270620475278,poiNode__town_lvl2_food_riverlands_alpha
758,1805,1,1,1,Ruin,,1,01,14369028728984258867,poiNode__ruin_lvl1_riverlands_alpha
1601,1805,1,1,1,Ruin,,1,01,4069333285272614884,poiNode__ruin_lvl1_crownlands_alpha
328,1806,2,2,4,Settlement (Town),,3,0b,9600398802142562228,poiNode__town_lvl3_food_riverlands_alpha
429,1806,1,1,1,Ruin,,1,01,14369028728984258867,poiNode__ruin_lvl1_riverlands_alpha
1554,1806,2,2,4,Settlement (Town),,1,0b,5323986953385167127,poiNode__town_lvl1_food_crownlands_alpha
601,1807,3,3,9,Castle,,2,b700,15724056029190769230,poiNode__castle_lvl2_riverlands_alpha
658,1807,1,1,1,Ruin,,1,01,14369028728984258867,poiNode__ruin_lvl1_riverlands_alpha
943,1807,1,1,1,Ruin,,1,01,14369028728984258867,poiNode__ruin_lvl1_riverlands_alpha
1495,1807,2,2,4,Tunnel,,1,,7704304218758448187,poiNode__tunnel_lvl1_crownlands_alpha
454,1808,1,1,1,Ruin,,1,01,14369028728984258867,poiNode__ruin_lvl1_riverlands_alpha
1479,1808,2,1,2,Tunnel,,1,03,7704304218758448187,poiNode__tunnel_lvl1_crownlands_alpha
1500,1808,2,1,2,Tunnel,,1,03,7704304218758448187,poiNode__tunnel_lvl1_crownlands_alpha
1690,1808,3,3,9,Castle,,1,9f00,6741636123857038108,poiNode__castle_lvl1_crownlands_alpha
1699,1808,1,1,1,Ruin,,1,01,4069333285272614884,poiNode__ruin_lvl1_crownlands_alpha
567,1809,1,2,2,Crossing,,2,03,17576595532914463501,poiNode__crossing_lvl2_alpha
616,1809,1,1,1,Ruin,,1,01,14369028728984258867,poiNode__ruin_lvl1_riverlands_alpha
689,1809,1,1,1,Ruin,,1,01,14369028728984258867,poiNode__ruin_lvl1_riverlands_alpha
1324,1809,2,1,2,Tunnel,,1,03,7704304218758448187,poiNode__tunnel_lvl1_crownlands_alpha
1509,1809,1,1,1,Ruin,,1,01,4069333285272614884,poiNode__ruin_lvl1_crownlands_alpha
1835,1809,1,1,1,Ruin,,1,01,4069333285272614884,poiNode__ruin_lvl1_crownlands_alpha
1540,1810,2,2,4,Tunnel,,1,06,7704304218758448187,poiNode__tunnel_lvl1_crownlands_alpha
975,1811,1,1,1,Ruin,,1,01,14369028728984258867,poiNode__ruin_lvl1_riverlands_alpha
1095,1811,4,7,28,Seat of Power,The Twins,,11224408,3655496400427232673,poiNode__sop_TheTwins_bravo
950,1812,1,1,1,Ruin,,1,01,14369028728984258867,poiNode__ruin_lvl1_riverlands_alpha
304,1813,1,1,1,Ruin,,1,01,14369028728984258867,poiNode__ruin_lvl1_riverlands_alpha
593,1813,2,2,4,Settlement (Town),,2,07,5056014063526610105,poiNode__town_lvl2_wood_riverlands_alpha
1060,1813,1,1,1,Ruin,,1,01,14369028728984258867,poiNode__ruin_lvl1_riverlands_alpha
1002,1814,1,1,1,Ruin,,1,01,14369028728984258867,poiNode__ruin_lvl1_riverlands_alpha
1407,1814,1,1,1,Ruin,,1,01,4069333285272614884,poiNode__ruin_lvl1_crownlands_alpha
1443,1814,1,2,2,Tunnel,,1,03,7704304218758448187,poiNode__tunnel_lvl1_crownlands_alpha
1966,1814,3,3,9,Castle,,1,9f00,6741636123857038108,poiNode__castle_lvl1_crownlands_alpha
294,1815,3,3,9,Castle,,3,b700,17460725333026308301,poiNode__castle_lvl3_riverlands_alpha
649,1815,2,1,2,Tunnel,,2,03,17101051989901829481,poiNode__tunnel_lvl2_riverlands_alpha
1799,1815,1,1,1,Ruin,,1,01,4069333285272614884,poiNode__ruin_lvl1_crownlands_alpha
1846,1815,1,1,1,Ruin,,1,01,4069333285272614884,poiNode__ruin_lvl1_crownlands_alpha
280,1816,1,1,1,Ruin,,1,01,14369028728984258867,poiNode__ruin_lvl1_riverlands_alpha
653,1816,2,2,4,Tunnel,,2,06,17101051989901829481,poiNode__tunnel_lvl2_riverlands_alpha
1579,1816,2,2,4,Tunnel,,1,06,7704304218758448187,poiNode__tunnel_lvl1_crownlands_alpha
1868,1816,2,2,4,Settlement (Town),,1,0b,17988470253685371955,poiNode__town_lvl1_stone_crownlands_alpha
626,1817,1,1,1,Ruin,,1,01,14369028728984258867,poiNode__ruin_lvl1_riverlands_alpha
1022,1817,1,1,1,Ruin,,1,01,14369028728984258867,poiNode__ruin_lvl1_riverlands_alpha
1120,1818,1,1,1,Ruin,,1,01,14369028728984258867,poiNode__ruin_lvl1_riverlands_alpha
1448,1818,2,1,2,Tunnel,,1,03,7704304218758448187,poiNode__tunnel_lvl1_crownlands_alpha
1536,1818,1,2,2,Tunnel,,1,03,7704304218758448187,poiNode__tunnel_lvl1_crownlands_alpha
320,1822,1,1,1,Ruin,,1,01,14369028728984258867,poiNode__ruin_lvl1_riverlands_alpha
666,1822,1,1,1,Ruin,,1,01,14369028728984258867,poiNode__ruin_lvl1_riverlands_alpha
759,1822,2,2,4,Crossing,,2,06,17576595532914463501,poiNode__crossing_lvl2_alpha
1390,1822,2,2,4,Tunnel,,1,06,7704304218758448187,poiNode__tunnel_lvl1_crownlands_alpha
1039,1824,1,1,1,Ruin,,1,01,14369028728984258867,poiNode__ruin_lvl1_riverlands_alpha
1174,1824,3,3,9,Castle,,2,9f00,15724056029190769230,poiNode__castle_lvl2_riverlands_alpha
1453,1824,1,2,2,Tunnel,,1,03,7704304218758448187,poiNode__tunnel_lvl1_crownlands_alpha
675,1825,1,1,1,Ruin,,1,01,14369028728984258867,poiNode__ruin_lvl1_riverlands_alpha
1379,1825,2,2,4,Tunnel,,1,,7704304218758448187,poiNode__tunnel_lvl1_crownlands_alpha
1542,1825,1,1,1,Ruin,,1,01,4069333285272614884,poiNode__ruin_lvl1_crownlands_alpha
290,1826,2,2,4,Tunnel,,1,06,10807242388825815788,poiNode__tunnel_lvl1_riverlands_alpha
1577,1826,1,2,2,Tunnel,,1,03,7704304218758448187,poiNode__tunnel_lvl1_crownlands_alpha
612,1827,1,1,1,Ruin,,1,01,14369028728984258867,poiNode__ruin_lvl1_riverlands_alpha
1347,1827,1,2,2,Tunnel,,1,03,7704304218758448187,poiNode__tunnel_lvl1_crownlands_alpha
978,1828,2,2,4,Settlement (Town),,2,0b,17574922458373617218,poiNode__town_lvl2_iron_riverlands_alpha
1019,1828,1,1,1,Ruin,,1,01,14369028728984258867,poiNode__ruin_lvl1_riverlands_alpha
1180,1828,1,1,1,Ruin,,1,01,14369028728984258867,poiNode__ruin_lvl1_riverlands_alpha
1341,1828,1,2,2,Tunnel,,1,03,7704304218758448187,poiNode__tunnel_lvl1_crownlands_alpha
424,1829,1,2,2,Crossing,,3,03,11761877450986962679,poiNode__crossing_lvl3_alpha
643,1829,3,3,9,Castle,,2,b700,15724056029190769230,poiNode__castle_lvl2_riverlands_alpha
986,1830,1,1,1,Ruin,,1,01,14369028728984258867,poiNode__ruin_lvl1_riverlands_alpha
1890,1830,3,3,9,Castle,,1,9f00,6741636123857038108,poiNode__castle_lvl1_crownlands_alpha
1272,1831,1,1,1,Ruin,,1,01,4069333285272614884,poiNode__ruin_lvl1_crownlands_alpha
290,1832,1,2,2,Tunnel,,1,03,10807242388825815788,poiNode__tunnel_lvl1_riverlands_alpha
1524,1832,3,5,15,Bridge,,1,9412,16551278857259698617,poiNode__bridge_5hex_lvl1_alpha
1691,1833,1,2,2,Tunnel,,1,03,7704304218758448187,poiNode__tunnel_lvl1_crownlands_alpha
1485,1834,2,2,4,Tunnel,,1,06,7704304218758448187,poiNode__tunnel_lvl1_crownlands_alpha
1552,1834,3,3,9,Castle,,1,9f00,6741636123857038108,poiNode__castle_lvl1_crownlands_alpha
1126,1835,1,1,1,Ruin,,1,01,14369028728984258867,poiNode__ruin_lvl1_riverlands_alpha
1457,1836,2,2,4,Tunnel,,1,,7704304218758448187,poiNode__tunnel_lvl1_crownlands_alpha
325,1838,2,2,4,Settlement (Town),,3,0b,16862126753176915576,poiNode__town_lvl3_iron_riverlands_alpha
759,1838,2,2,4,Crossing,,2,,17576595532914463501,poiNode__crossing_lvl2_alpha
1009,1838,1,1,1,Ruin,,1,01,14369028728984258867,poiNode__ruin_lvl1_riverlands_alpha
1241,1838,3,3,9,Castle,,1,9f00,6741636123857038108,poiNode__castle_lvl1_crownlands_alpha
631,1839,1,1,1,Ruin,,1,01,14369028728984258867,poiNode__ruin_lvl1_riverlands_alpha
1726,1839,4,3,12,Seat of Power,Snakewood,,fe0e,1440318850048867694,poiNode__sop_Snakewood_alpha
1439,1840,2,2,4,Tunnel,,1,06,7704304218758448187,poiNode__tunnel_lvl1_crownlands_alpha
319,1841,1,1,1,Ruin,,1,01,14369028728984258867,poiNode__ruin_lvl1_riverlands_alpha
345,1841,1,1,1,Ruin,,1,01,14369028728984258867,poiNode__ruin_lvl1_riverlands_alpha
1006,1841,1,1,1,Ruin,,1,01,14369028728984258867,poiNode__ruin_lvl1_riverlands_alpha
1206,1841,2,2,4,Settlement (Town),,1,07,2800008357386502363,poiNode__town_lvl1_iron_crownlands_alpha
1939,1841,1,1,1,Ruin,,1,01,4069333285272614884,poiNode__ruin_lvl1_crownlands_alpha
1973,1841,1,1,1,Ruin,,1,01,4069333285272614884,poiNode__ruin_lvl1_crownlands_alpha
1960,1842,1,1,1,Ruin,,1,01,4069333285272614884,poiNode__ruin_lvl1_crownlands_alpha
656,1843,1,1,1,Ruin,,1,01,14369028728984258867,poiNode__ruin_lvl1_riverlands_alpha
1078,1844,2,2,4,Crossing,,2,06,17576595532914463501,poiNode__crossing_lvl2_alpha
1164,1844,1,1,1,Ruin,,1,01,14369028728984258867,poiNode__ruin_lvl1_riverlands_alpha
625,1846,1,1,1,Ruin,,1,01,14369028728984258867,poiNode__ruin_lvl1_riverlands_alpha
1608,1846,2,2,4,Tunnel,,1,06,7704304218758448187,poiNode__tunnel_lvl1_crownlands_alpha
1890,1846,2,2,4,Harbor/Dock,,1,0e,3339517120722164282,poiNode__harbor_lvl1_alpha
1027,1848,1,1,1,Ruin,,1,01,14369028728984258867,poiNode__ruin_lvl1_riverlands_alpha
1485,1848,1,2,2,Tunnel,,1,03,7704304218758448187,poiNode__tunnel_lvl1_crownlands_alpha
1693,1848,2,2,4,Tunnel,,1,,7704304218758448187,poiNode__tunnel_lvl1_crownlands_alpha
1428,1849,2,1,2,Tunnel,,1,03,7704304218758448187,poiNode__tunnel_lvl1_crownlands_alpha
1005,1850,1,1,1,Ruin,,1,01,14369028728984258867,poiNode__ruin_lvl1_riverlands_alpha
1075,1850,1,2,2,Crossing,,2,03,17576595532914463501,poiNode__crossing_lvl2_alpha
1528,1850,2,2,4,Tunnel,,1,06,7704304218758448187,poiNode__tunnel_lvl1_crownlands_alpha
1957,1850,2,2,4,Settlement (Town),,1,0b,17988470253685371955,poiNode__town_lvl1_stone_crownlands_alpha
422,1851,2,2,4,Crossing,,3,06,11761877450986962679,poiNode__crossing_lvl3_alpha
1112,1851,1,1,1,Ruin,,1,01,14369028728984258867,poiNode__ruin_lvl1_riverlands_alpha
1121,1851,1,1,1,Ruin,,1,01,14369028728984258867,poiNode__ruin_lvl1_riverlands_alpha
1236,1851,1,1,1,Ruin,,1,01,4069333285272614884,poiNode__ruin_lvl1_crownlands_alpha
1584,1851,1,1,1,Ruin,,1,01,4069333285272614884,poiNode__ruin_lvl1_crownlands_alpha
1606,1851,2,2,4,Tunnel,,1,06,7704304218758448187,poiNode__tunnel_lvl1_crownlands_alpha
323,1852,2,2,4,Crossing,,3,06,11761877450986962679,poiNode__crossing_lvl3_alpha
1289,1852,3,3,9,Castle,,1,9f00,6741636123857038108,poiNode__castle_lvl1_crownlands_alpha
652,1853,2,2,4,Crossing,,2,,17576595532914463501,poiNode__crossing_lvl2_alpha
345,1854,1,1,1,Ruin,,1,01,14369028728984258867,poiNode__ruin_lvl1_riverlands_alpha
358,1855,1,1,1,Ruin,,1,01,14369028728984258867,poiNode__ruin_lvl1_riverlands_alpha
1525,1856,1,2,2,Tunnel,,1,03,7704304218758448187,poiNode__tunnel_lvl1_crownlands_alpha
349,1857,2,2,4,Crossing,,3,,11761877450986962679,poiNode__crossing_lvl3_alpha
1018,1857,1,1,1,Ruin,,1,01,14369028728984258867,poiNode__ruin_lvl1_riverlands_alpha
1173,1857,2,2,4,Settlement (Town),,2,07,12140295094117105364,poiNode__town_lvl2_stone_riverlands_alpha
386,1858,1,1,1,Ruin,,1,01,14369028728984258867,poiNode__ruin_lvl1_riverlands_alpha
2018,1859,1,1,1,Ruin,,1,01,4069333285272614884,poiNode__ruin_lvl1_crownlands_alpha
663,1860,2,2,4,Crossing,,2,,17576595532914463501,poiNode__crossing_lvl2_alpha
1294,1860,1,1,1,Ruin,,1,01,4069333285272614884,poiNode__ruin_lvl1_crownlands_alpha
1506,1860,3,3,9,Castle,,1,9f00,6741636123857038108,poiNode__castle_lvl1_crownlands_alpha
1885,1860,2,2,4,Harbor/Dock,,1,0b,3339517120722164282,poiNode__harbor_lvl1_alpha
1141,1861,1,1,1,Ruin,,1,01,14369028728984258867,poiNode__ruin_lvl1_riverlands_alpha
326,1862,2,2,4,Crossing,,3,,11761877450986962679,poiNode__crossing_lvl3_alpha
1636,1862,1,2,2,Tunnel,,1,03,7704304218758448187,poiNode__tunnel_lvl1_crownlands_alpha
300,1863,2,2,4,Crossing,,3,,11761877450986962679,poiNode__crossing_lvl3_alpha
295,1864,1,1,1,Ruin,,1,01,14369028728984258867,poiNode__ruin_lvl1_riverlands_alpha
331,1864,1,1,1,Ruin,,1,01,14369028728984258867,poiNode__ruin_lvl1_riverlands_alpha
401,1864,5,1,5,Bridge,,3,1f,4908333263510868557,poiNode__bridge_5hex_lvl3_alpha
1233,1864,2,2,4,Settlement (Town),,1,0b,10599107479229116960,poiNode__town_lvl1_wood_crownlands_alpha
666,1865,2,2,4,Crossing,,2,,17576595532914463501,poiNode__crossing_lvl2_alpha
388,1866,2,2,4,Crossing,,3,06,11761877450986962679,poiNode__crossing_lvl3_alpha
749,1867,1,1,1,Ruin,,1,01,14369028728984258867,poiNode__ruin_lvl1_riverlands_alpha
1061,1867,2,2,4,Settlement (Town),,2,07,11303916270620475278,poiNode__town_lvl2_food_riverlands_alpha
1104,1867,1,1,1,Ruin,,1,01,14369028728984258867,poiNode__ruin_lvl1_riverlands_alpha
1683,1867,1,1,1,Ruin,,1,01,4069333285272614884,poiNode__ruin_lvl1_crownlands_alpha
304,1868,2,2,4,Crossing,,3,,11761877450986962679,poiNode__crossing_lvl3_alpha
319,1868,2,2,4,Settlement (Town),,3,0b,9600398802142562228,poiNode__town_lvl3_food_riverlands_alpha
919,1868,1,1,1,Ruin,,1,01,14369028728984258867,poiNode__ruin_lvl1_riverlands_alpha
1798,1868,1,2,2,Tunnel,,1,03,7704304218758448187,poiNode__tunnel_lvl1_crownlands_alpha
1389,1869,2,2,4,Settlement (Town),,1,07,17988470253685371955,poiNode__town_lvl1_stone_crownlands_alpha
1634,1869,1,2,2,Tunnel,,1,03,7704304218758448187,poiNode__tunnel_lvl1_crownlands_alpha
1696,1869,1,1,1,Ruin,,1,01,4069333285272614884,poiNode__ruin_lvl1_crownlands_alpha
1717,1869,1,1,1,Ruin,,1,01,4069333285272614884,poiNode__ruin_lvl1_crownlands_alpha
1855,1869,2,2,4,Settlement (Town),,1,07,10599107479229116960,poiNode__town_lvl1_wood_crownlands_alpha
1020,1870,5,1,5,Bridge,,2,1f,1498553686271999927,poiNode__bridge_5hex_lvl2_alpha
1674,1870,3,3,9,Castle,,1,9f00,6741636123857038108,poiNode__castle_lvl1_crownlands_alpha
1117,1871,3,5,15,Bridge,,2,9148,1498553686271999927,poiNode__bridge_5hex_lvl2_alpha
354,1872,2,2,4,Crossing,,3,,11761877450986962679,poiNode__crossing_lvl3_alpha
765,1873,1,1,1,Ruin,,1,01,14369028728984258867,poiNode__ruin_lvl1_riverlands_alpha
1879,1873,1,1,1,Ruin,,1,01,4069333285272614884,poiNode__ruin_lvl1_crownlands_alpha
679,1874,2,2,4,Crossing,,2,,17576595532914463501,poiNode__crossing_lvl2_alpha
970,1874,3,3,9,Castle,,2,9f00,15724056029190769230,poiNode__castle_lvl2_riverlands_alpha
1205,1874,3,3,9,Castle,,1,9f00,6741636123857038108,poiNode__castle_lvl1_crownlands_alpha
327,1877,1,1,1,Ruin,,1,01,14369028728984258867,poiNode__ruin_lvl1_riverlands_alpha
911,1877,1,1,1,Ruin,,1,01,14369028728984258867,poiNode__ruin_lvl1_riverlands_alpha
1369,1877,1,1,1,Ruin,,1,01,4069333285272614884,poiNode__ruin_lvl1_crownlands_alpha
1535,1879,1,1,1,Ruin,,1,01,4069333285272614884,poiNode__ruin_lvl1_crownlands_alpha
1633,1879,1,1,1,Ruin,,1,01,4069333285272614884,poiNode__ruin_lvl1_crownlands_alpha
735,1880,2,2,4,Settlement (Town),,2,0b,5056014063526610105,poiNode__town_lvl2_wood_riverlands_alpha
748,1880,1,1,1,Ruin,,1,01,14369028728984258867,poiNode__ruin_lvl1_riverlands_alpha
951,1880,1,1,1,Ruin,,1,01,14369028728984258867,poiNode__ruin_lvl1_riverlands_alpha
1501,1880,1,1,1,Ruin,,1,01,4069333285272614884,poiNode__ruin_lvl1_crownlands_alpha
1797,1880,2,1,2,Tunnel,,1,03,7704304218758448187,poiNode__tunnel_lvl1_crownlands_alpha
336,1881,3,5,15,Bridge,,3,9148,4908333263510868557,poiNode__bridge_5hex_lvl3_alpha
1302,1881,1,1,1,Ruin,,1,01,4069333285272614884,poiNode__ruin_lvl1_crownlands_alpha
1491,1881,1,1,1,Ruin,,1,01,4069333285272614884,poiNode__ruin_lvl1_crownlands_alpha
999,1882,1,1,1,Ruin,,1,01,14369028728984258867,poiNode__ruin_lvl1_riverlands_alpha
1623,1882,3,5,15,Bridge,,1,9412,16551278857259698617,poiNode__bridge_5hex_lvl1_alpha
1818,1883,1,1,1,Ruin,,1,01,4069333285272614884,poiNode__ruin_lvl1_crownlands_alpha
679,1884,1,1,1,Ruin,,1,01,14369028728984258867,poiNode__ruin_lvl1_riverlands_alpha
1881,1884,1,1,1,Ruin,,1,01,4069333285272614884,poiNode__ruin_lvl1_crownlands_alpha
1825,1887,3,3,9,Castle,,1,b700,6741636123857038108,poiNode__castle_lvl1_crownlands_alpha
358,1888,5,1,5,Bridge,,3,1f,4908333263510868557,poiNode__bridge_5hex_lvl3_alpha
387,1888,1,2,2,Crossing,,3,03,11761877450986962679,poiNode__crossing_lvl3_alpha
1087,1888,3,5,15,Bridge,,2,8944,1498553686271999927,poiNode__bridge_5hex_lvl2_alpha
1198,1888,2,2,4,Settlement (Town),,1,0b,17988470253685371955,poiNode__town_lvl1_stone_crownlands_alpha
1723,1888,2,2,4,Settlement (Town),,1,0b,17988470253685371955,poiNode__town_lvl1_stone_crownlands_alpha
1738,1888,1,1,1,Ruin,,1,01,4069333285272614884,poiNode__ruin_lvl1_crownlands_alpha
1783,1888,1,1,1,Ruin,,1,01,4069333285272614884,poiNode__ruin_lvl1_crownlands_alpha
1911,1888,1,1,1,Ruin,,1,01,4069333285272614884,poiNode__ruin_lvl1_crownlands_alpha
1714,1889,1,2,2,Tunnel,,1,03,7704304218758448187,poiNode__tunnel_lvl1_crownlands_alpha
1210,1890,1,1,1,Ruin,,1,01,4069333285272614884,poiNode__ruin_lvl1_crownlands_alpha
1482,1891,1,1,1,Ruin,,1,01,4069333285272614884,poiNode__ruin_lvl1_crownlands_alpha
1839,1891,1,1,1,Ruin,,1,01,4069333285272614884,poiNode__ruin_lvl1_crownlands_alpha
722,1892,3,3,9,Castle,,2,9f00,15724056029190769230,poiNode__castle_lvl2_riverlands_alpha
1109,1892,1,1,1,Ruin,,1,01,14369028728984258867,poiNode__ruin_lvl1_riverlands_alpha
1267,1892,1,1,1,Ruin,,1,01,4069333285272614884,poiNode__ruin_lvl1_crownlands_alpha
1628,1892,2,2,4,Settlement (Town),,1,0b,10599107479229116960,poiNode__town_lvl1_wood_crownlands_alpha
730,1893,1,1,1,Ruin,,1,01,14369028728984258867,poiNode__ruin_lvl1_riverlands_alpha
767,1893,1,1,1,Ruin,,1,01,14369028728984258867,poiNode__ruin_lvl1_riverlands_alpha
1012,1893,1,1,1,Ruin,,1,01,14369028728984258867,poiNode__ruin_lvl1_riverlands_alpha
1584,1893,2,4,8,Bridge,,1,Z,4164891203475574860,poiNode__bridge_4hex_lvl1_alpha
699,1894,1,1,1,Ruin,,1,01,14369028728984258867,poiNode__ruin_lvl1_riverlands_alpha
963,1894,1,1,1,Ruin,,1,01,14369028728984258867,poiNode__ruin_lvl1_riverlands_alpha
1459,1895,1,1,1,Ruin,,1,01,4069333285272614884,poiNode__ruin_lvl1_crownlands_alpha
1705,1895,2,2,4,Tunnel,,1,06,7704304218758448187,poiNode__tunnel_lvl1_crownlands_alpha
1905,1895,3,3,9,Castle,,1,b700,6741636123857038108,poiNode__castle_lvl1_crownlands_alpha
1530,1897,2,3,6,Bridge,,1,16,12353644835132525818,poiNode__bridge_3hex_lvl1_alpha
376,1898,1,2,2,Crossing,,3,03,11761877450986962679,poiNode__crossing_lvl3_alpha
1765,1899,1,1,1,Ruin,,1,01,4069333285272614884,poiNode__ruin_lvl1_crownlands_alpha
1243,1900,1,1,1,Ruin,,1,01,4069333285272614884,poiNode__ruin_lvl1_crownlands_alpha
1790,1901,1,1,1,Ruin,,1,01,4069333285272614884,poiNode__ruin_lvl1_crownlands_alpha
955,1903,2,2,4,Settlement (Town),,2,07,5056014063526610105,poiNode__town_lvl2_wood_riverlands_alpha
1235,1903,3,5,15,Bridge,,2,a414,1498553686271999927,poiNode__bridge_5hex_lvl2_alpha
885,1904,1,1,1,Ruin,,1,01,14369028728984258867,poiNode__ruin_lvl1_riverlands_alpha
1919,1904,2,2,4,Settlement (Town),,1,0b,17988470253685371955,poiNode__town_lvl1_stone_crownlands_alpha
1213,1906,1,1,1,Ruin,,1,01,14369028728984258867,poiNode__ruin_lvl1_riverlands_alpha
744,1907,2,2,4,Crossing,,2,,17576595532914463501,poiNode__crossing_lvl2_alpha
954,1910,1,1,1,Ruin,,1,01,14369028728984258867,poiNode__ruin_lvl1_riverlands_alpha
996,1910,2,2,4,Settlement (Town),,2,0b,5056014063526610105,poiNode__town_lvl2_wood_riverlands_alpha
1014,1910,1,1,1,Ruin,,1,01,14369028728984258867,poiNode__ruin_lvl1_riverlands_alpha
1487,1910,5,1,5,Bridge,,1,1f,16551278857259698617,poiNode__bridge_5hex_lvl1_alpha
374,1912,1,2,2,Crossing,,3,03,11761877450986962679,poiNode__crossing_lvl3_alpha
750,1912,2,2,4,Crossing,,2,,17576595532914463501,poiNode__crossing_lvl2_alpha
1506,1912,1,1,1,Ruin,,1,01,4069333285272614884,poiNode__ruin_lvl1_crownlands_alpha
1141,1913,1,1,1,Ruin,,1,01,14369028728984258867,poiNode__ruin_lvl1_riverlands_alpha
943,1914,1,1,1,Ruin,,1,01,14369028728984258867,poiNode__ruin_lvl1_riverlands_alpha
1092,1914,1,1,1,Ruin,,1,01,14369028728984258867,poiNode__ruin_lvl1_riverlands_alpha
1888,1914,1,1,1,Ruin,,1,01,4069333285272614884,poiNode__ruin_lvl1_crownlands_alpha
1214,1916,1,1,1,Ruin,,1,01,14369028728984258867,poiNode__ruin_lvl1_riverlands_alpha
1284,1918,1,1,1,Ruin,,1,01,4069333285272614884,poiNode__ruin_lvl1_crownlands_alpha
897,1919,1,1,1,Ruin,,1,01,14369028728984258867,poiNode__ruin_lvl1_riverlands_alpha
925,1919,1,1,1,Ruin,,1,01,14369028728984258867,poiNode__ruin_lvl1_riverlands_alpha
1646,1921,1,1,1,Ruin,,1,01,4069333285272614884,poiNode__ruin_lvl1_crownlands_alpha
933,1922,1,1,1,Ruin,,1,01,14369028728984258867,poiNode__ruin_lvl1_riverlands_alpha
1521,1923,2,2,4,Settlement (Town),,1,07,2800008357386502363,poiNode__town_lvl1_iron_crownlands_alpha
1459,1924,1,1,1,Ruin,,1,01,4069333285272614884,poiNode__ruin_lvl1_crownlands_alpha
382,1926,1,2,2,Crossing,,3,03,11761877450986962679,poiNode__crossing_lvl3_alpha
1498,1926,1,1,1,Ruin,,1,01,4069333285272614884,poiNode__ruin_lvl1_crownlands_alpha
1769,1926,2,2,4,Settlement (Town),,1,0b,10599107479229116960,poiNode__town_lvl1_wood_crownlands_alpha
1155,1927,1,1,1,Ruin,,1,01,14369028728984258867,poiNode__ruin_lvl1_riverlands_alpha
854,1929,1,1,1,Ruin,,1,01,14369028728984258867,poiNode__ruin_lvl1_riverlands_alpha
1166,1929,2,2,4,Settlement (Town),,2,07,11303916270620475278,poiNode__town_lvl2_food_riverlands_alpha
1507,1929,1,1,1,Ruin,,1,01,4069333285272614884,poiNode__ruin_lvl1_crownlands_alpha
1715,1929,4,3,12,Seat of Power,Coldwater,,fe0e,1642516949343181365,poiNode__sop_Coldwater_alpha
1789,1930,3,3,9,Castle,,1,9f00,6741636123857038108,poiNode__castle_lvl1_crownlands_alpha
1687,1931,1,1,1,Ruin,,1,01,4069333285272614884,poiNode__ruin_lvl1_crownlands_alpha
1184,1932,1,1,1,Ruin,,1,01,14369028728984258867,poiNode__ruin_lvl1_riverlands_alpha
1547,1932,3,3,9,Castle,,1,9f00,6741636123857038108,poiNode__castle_lvl1_crownlands_alpha
968,1933,1,1,1,Ruin,,1,01,14369028728984258867,poiNode__ruin_lvl1_riverlands_alpha
390,1934,2,2,4,Crossing,,3,,11761877450986962679,poiNode__crossing_lvl3_alpha
405,1934,1,2,2,Crossing,,3,03,11761877450986962679,poiNode__crossing_lvl3_alpha
746,1934,1,2,2,Crossing,,2,03,17576595532914463501,poiNode__crossing_lvl2_alpha
1474,1934,1,1,1,Ruin,,1,01,4069333285272614884,poiNode__ruin_lvl1_crownlands_alpha
1675,1934,3,3,9,Castle,,1,9f00,6741636123857038108,poiNode__castle_lvl1_crownlands_alpha
1743,1934,1,1,1,Ruin,,1,01,4069333285272614884,poiNode__ruin_lvl1_crownlands_alpha
1778,1937,1,1,1,Ruin,,1,01,4069333285272614884,poiNode__ruin_lvl1_crownlands_alpha
1955,1937,2,2,4,Settlement (Town),,1,07,2800008357386502363,poiNode__town_lvl1_iron_crownlands_alpha
854,1939,2,4,8,Bridge,,2,Z,14462941546211862082,poiNode__bridge_4hex_lvl2_alpha
1149,1939,1,1,1,Ruin,,1,01,14369028728984258867,poiNode__ruin_lvl1_riverlands_alpha
896,1940,3,3,9,Castle,,2,9f00,15724056029190769230,poiNode__castle_lvl2_riverlands_alpha
961,1940,1,1,1,Ruin,,1,01,14369028728984258867,poiNode__ruin_lvl1_riverlands_alpha
1088,1942,1,1,1,Ruin,,1,01,14369028728984258867,poiNode__ruin_lvl1_riverlands_alpha
1669,1943,2,2,4,Settlement (Town),,1,07,10599107479229116960,poiNode__town_lvl1_wood_crownlands_alpha
413,1946,2,2,4,Crossing,,3,,11761877450986962679,poiNode__crossing_lvl3_alpha
1556,1947,1,1,1,Ruin,,1,01,4069333285272614884,poiNode__ruin_lvl1_crownlands_alpha
960,1948,3,3,9,Castle,,2,9f00,15724056029190769230,poiNode__castle_lvl2_riverlands_alpha
1833,1948,2,2,4,Settlement (Town),,1,0b,5323986953385167127,poiNode__town_lvl1_food_crownlands_alpha
1171,1949,1,1,1,Ruin,,1,01,14369028728984258867,poiNode__ruin_lvl1_riverlands_alpha
1564,1950,1,1,1,Ruin,,1,01,4069333285272614884,poiNode__ruin_lvl1_crownlands_alpha
1078,1951,3,3,9,Castle,,2,b700,15724056029190769230,poiNode__castle_lvl2_riverlands_alpha
1731,1951,3,3,9,Castle,,1,b700,6741636123857038108,poiNode__castle_lvl1_crownlands_alpha
742,1953,2,2,4,Crossing,,2,06,17576595532914463501,poiNode__crossing_lvl2_alpha
870,1955,1,1,1,Ruin,,1,01,14369028728984258867,poiNode__ruin_lvl1_riverlands_alpha
1000,1955,5,1,5,Bridge,,2,1f,1498553686271999927,poiNode__bridge_5hex_lvl2_alpha
1013,1955,1,1,1,Ruin,,1,01,14369028728984258867,poiNode__ruin_lvl1_riverlands_alpha
742,1957,1,2,2,Tunnel,,1,03,10807242388825815788,poiNode__tunnel_lvl1_riverlands_alpha
846,1957,3,3,9,Castle,,1,b700,11718150976661951947,poiNode__castle_lvl1_riverlands_alpha
1569,1957,1,1,1,Ruin,,1,01,4069333285272614884,poiNode__ruin_lvl1_crownlands_alpha
1173,1959,1,1,1,Ruin,,1,01,14369028728984258867,poiNode__ruin_lvl1_riverlands_alpha
492,1960,1,1,1,Ruin,,1,01,14369028728984258867,poiNode__ruin_lvl1_riverlands_alpha
882,1960,1,1,1,Ruin,,1,01,14369028728984258867,poiNode__ruin_lvl1_riverlands_alpha
1028,1960,3,3,9,Castle,,2,9f00,15724056029190769230,poiNode__castle_lvl2_riverlands_alpha
1148,1960,1,1,1,Ruin,,1,01,14369028728984258867,poiNode__ruin_lvl1_riverlands_alpha
541,1961,1,1,1,Ruin,,1,01,14369028728984258867,poiNode__ruin_lvl1_riverlands_alpha
739,1961,2,2,4,Tunnel,,1,06,10807242388825815788,poiNode__tunnel_lvl1_riverlands_alpha
1107,1961,2,2,4,Crossing,,2,,17576595532914463501,poiNode__crossing_lvl2_alpha
1662,1961,1,1,1,Ruin,,1,01,4069333285272614884,poiNode__ruin_lvl1_crownlands_alpha
1790,1961,1,1,1,Ruin,,1,01,4069333285272614884,poiNode__ruin_lvl1_crownlands_alpha
426,1962,1,2,2,Crossing,,2,03,17576595532914463501,poiNode__crossing_lvl2_alpha
569,1964,1,1,1,Ruin,,1,01,14369028728984258867,poiNode__ruin_lvl1_riverlands_alpha
988,1964,1,1,1,Ruin,,1,01,14369028728984258867,poiNode__ruin_lvl1_riverlands_alpha
1005,1964,3,5,15,Bridge,,2,9412,1498553686271999927,poiNode__bridge_5hex_lvl2_alpha
1840,1965,1,1,1,Ruin,,1,01,4069333285272614884,poiNode__ruin_lvl1_crownlands_alpha
831,1967,1,1,1,Ruin,,1,01,14369028728984258867,poiNode__ruin_lvl1_riverlands_alpha
980,1967,1,1,1,Ruin,,1,01,14369028728984258867,poiNode__ruin_lvl1_riverlands_alpha
1737,1967,2,2,4,Settlement (Town),,1,07,17988470253685371955,poiNode__town_lvl1_stone_crownlands_alpha
504,1968,1,1,1,Ruin,,1,01,14369028728984258867,poiNode__ruin_lvl1_riverlands_alpha
550,1968,1,1,1,Ruin,,1,01,14369028728984258867,poiNode__ruin_lvl1_riverlands_alpha
1111,1968,2,2,4,Crossing,,2,,17576595532914463501,poiNode__crossing_lvl2_alpha
1598,1968,3,3,9,Castle,,1,9f00,6741636123857038108,poiNode__castle_lvl1_crownlands_alpha
1653,1968,1,1,1,Ruin,,1,01,4069333285272614884,poiNode__ruin_lvl1_crownlands_alpha
936,1969,1,1,1,Ruin,,1,01,14369028728984258867,poiNode__ruin_lvl1_riverlands_alpha
1474,1969,1,2,2,Crossing,,1,03,186484103584441603,poiNode__crossing_lvl1_alpha
471,1970,1,1,1,Ruin,,1,01,14369028728984258867,poiNode__ruin_lvl1_riverlands_alpha
611,1970,1,1,1,Ruin,,1,01,14369028728984258867,poiNode__ruin_lvl1_riverlands_alpha
743,1970,3,4,12,Bridge,,1,9108,4164891203475574860,poiNode__bridge_4hex_lvl1_alpha
927,1970,1,1,1,Ruin,,1,01,14369028728984258867,poiNode__ruin_lvl1_riverlands_alpha
1764,1970,1,1,1,Ruin,,1,01,4069333285272614884,poiNode__ruin_lvl1_crownlands_alpha
881,1971,1,1,1,Ruin,,1,01,14369028728984258867,poiNode__ruin_lvl1_riverlands_alpha
1864,1971,1,1,1,Ruin,,1,01,4069333285272614884,poiNode__ruin_lvl1_crownlands_alpha
963,1973,1,1,1,Ruin,,1,01,14369028728984258867,poiNode__ruin_lvl1_riverlands_alpha
1048,1973,2,2,4,Settlement (Town),,2,07,11303916270620475278,poiNode__town_lvl2_food_riverlands_alpha
433,1974,2,2,4,Harbor/Dock,,2,,16078488310347410484,poiNode__harbor_lvl2_alpha
1135,1974,3,5,15,Bridge,,2,9412,1498553686271999927,poiNode__bridge_5hex_lvl2_alpha
1163,1974,1,1,1,Ruin,,1,01,14369028728984258867,poiNode__ruin_lvl1_riverlands_alpha
1205,1974,2,2,4,Settlement (Town),,2,0b,17574922458373617218,poiNode__town_lvl2_iron_riverlands_alpha
1467,1975,2,2,4,Crossing,,1,06,186484103584441603,poiNode__crossing_lvl1_alpha
640,1977,1,1,1,Ruin,,1,01,14369028728984258867,poiNode__ruin_lvl1_riverlands_alpha
735,1977,4,4,16,Seat of Power,Whispering Hollow,,vn,8310856670036285948,poiNode__sop_WhisperingHollow_alpha
1110,1977,4,3,12,Seat of Power,Greywater Watch,,fe0e,18195478690302138345,poiNode__sop_GreywaterWatch_alpha
1054,1978,3,2,6,Dragon Sanctum,,4,1e,17948439992778488422,poiNode__dragonsanctum_lv04_riverlands_alpha
1021,1979,1,1,1,Ruin,,1,01,14369028728984258867,poiNode__ruin_lvl1_riverlands_alpha
441,1980,2,2,4,Settlement (Town),,2,0b,17574922458373617218,poiNode__town_lvl2_iron_riverlands_alpha
894,1980,1,1,1,Ruin,,1,01,14369028728984258867,poiNode__ruin_lvl1_riverlands_alpha
1816,1980,1,1,1,Ruin,,1,01,4069333285272614884,poiNode__ruin_lvl1_crownlands_alpha
472,1982,2,2,4,Settlement (Town),,2,0b,12140295094117105364,poiNode__town_lvl2_stone_riverlands_alpha
744,1982,3,5,15,Bridge,,1,8944,16551278857259698617,poiNode__bridge_5hex_lvl1_alpha
985,1982,1,1,1,Ruin,,1,01,14369028728984258867,poiNode__ruin_lvl1_riverlands_alpha
554,1985,3,3,9,Castle,,2,b700,15724056029190769230,poiNode__castle_lvl2_riverlands_alpha
692,1986,1,1,1,Ruin,,1,01,14369028728984258867,poiNode__ruin_lvl1_riverlands_alpha
1599,1986,2,2,4,Crossing,,1,06,186484103584441603,poiNode__crossing_lvl1_alpha
503,1987,1,1,1,Ruin,,1,01,14369028728984258867,poiNode__ruin_lvl1_riverlands_alpha
1789,1987,1,1,1,Ruin,,1,01,4069333285272614884,poiNode__ruin_lvl1_crownlands_alpha
530,1988,1,1,1,Ruin,,1,01,14369028728984258867,poiNode__ruin_lvl1_riverlands_alpha
597,1988,1,1,1,Ruin,,1,01,14369028728984258867,poiNode__ruin_lvl1_riverlands_alpha
619,1988,1,1,1,Ruin,,1,01,14369028728984258867,poiNode__ruin_lvl1_riverlands_alpha
456,1990,1,1,1,Ruin,,1,01,14369028728984258867,poiNode__ruin_lvl1_riverlands_alpha
1123,1990,1,1,1,Ruin,,1,01,14369028728984258867,poiNode__ruin_lvl1_riverlands_alpha
1812,1990,1,1,1,Ruin,,1,01,4069333285272614884,poiNode__ruin_lvl1_crownlands_alpha
680,1992,1,1,1,Ruin,,1,01,14369028728984258867,poiNode__ruin_lvl1_riverlands_alpha
815,1992,1,1,1,Ruin,,1,01,14369028728984258867,poiNode__ruin_lvl1_riverlands_alpha
823,1993,2,2,4,Tunnel,,1,,10807242388825815788,poiNode__tunnel_lvl1_riverlands_alpha
927,1993,2,4,8,Bridge,,2,Z,14462941546211862082,poiNode__bridge_4hex_lvl2_alpha
1468,1994,1,2,2,Crossing,,1,03,186484103584441603,poiNode__crossing_lvl1_alpha
772,1995,2,2,4,Settlement (Town),,1,07,13182809626522154944,poiNode__town_lvl1_food_riverlands_alpha
986,1995,1,1,1,Ruin,,1,01,14369028728984258867,poiNode__ruin_lvl1_riverlands_alpha
1595,1996,1,2,2,Crossing,,1,03,186484103584441603,poiNode__crossing_lvl1_alpha
442,1997,1,1,1,Ruin,,1,01,14369028728984258867,poiNode__ruin_lvl1_riverlands_alpha
878,1997,1,1,1,Ruin,,1,01,14369028728984258867,poiNode__ruin_lvl1_riverlands_alpha
1188,1997,1,1,1,Ruin,,1,01,14369028728984258867,poiNode__ruin_lvl1_riverlands_alpha
638,1999,1,1,1,Ruin,,1,01,14369028728984258867,poiNode__ruin_lvl1_riverlands_alpha
977,1999,1,1,1,Ruin,,1,01,14369028728984258867,poiNode__ruin_lvl1_riverlands_alpha
1234,1999,1,1,1,Ruin,,1,01,14369028728984258867,poiNode__ruin_lvl1_riverlands_alpha
831,2000,2,1,2,Tunnel,,1,03,10807242388825815788,poiNode__tunnel_lvl1_riverlands_alpha
509,2001,1,1,1,Ruin,,1,01,14369028728984258867,poiNode__ruin_lvl1_riverlands_alpha
480,2002,1,1,1,Ruin,,1,01,14369028728984258867,poiNode__ruin_lvl1_riverlands_alpha
531,2002,2,2,4,Settlement (Town),,2,0b,5056014063526610105,poiNode__town_lvl2_wood_riverlands_alpha
400,2003,1,1,1,Ruin,,1,01,14369028728984258867,poiNode__ruin_lvl1_riverlands_alpha
1588,2003,1,2,2,Crossing,,1,03,186484103584441603,poiNode__crossing_lvl1_alpha
582,2004,1,1,1,Ruin,,1,01,14369028728984258867,poiNode__ruin_lvl1_riverlands_alpha
678,2004,3,3,9,Castle,,2,9f00,15724056029190769230,poiNode__castle_lvl2_riverlands_alpha
1221,2006,1,1,1,Ruin,,1,01,14369028728984258867,poiNode__ruin_lvl1_riverlands_alpha
1268,2006,1,1,1,Ruin,,1,01,14369028728984258867,poiNode__ruin_lvl1_riverlands_alpha
1835,2006,1,1,1,Ruin,,1,01,4069333285272614884,poiNode__ruin_lvl1_crownlands_alpha
720,2007,3,5,15,Bridge,,2,9148,1498553686271999927,poiNode__bridge_5hex_lvl2_alpha
476,2008,3,2,6,Dragon Sanctum,,4,1e,17948439992778488422,poiNode__dragonsanctum_lv04_riverlands_alpha
1213,2008,1,1,1,Ruin,,1,01,14369028728984258867,poiNode__ruin_lvl1_riverlands_alpha
803,2009,2,2,4,Crossing,,1,,186484103584441603,poiNode__crossing_lvl1_alpha
914,2010,1,1,1,Ruin,,1,01,14369028728984258867,poiNode__ruin_lvl1_riverlands_alpha
1468,2010,1,2,2,Crossing,,1,03,186484103584441603,poiNode__crossing_lvl1_alpha
524,2011,1,1,1,Ruin,,1,01,14369028728984258867,poiNode__ruin_lvl1_riverlands_alpha
562,2011,2,2,4,Settlement (Town),,2,07,11303916270620475278,poiNode__town_lvl2_food_riverlands_alpha
637,2012,1,1,1,Ruin,,1,01,14369028728984258867,poiNode__ruin_lvl1_riverlands_alpha
1147,2012,2,2,4,Settlement (Town),,2,0b,11303916270620475278,poiNode__town_lvl2_food_riverlands_alpha
921,2013,2,2,4,Dragon Sanctum,,4,0f,17948439992778488422,poiNode__dragonsanctum_lv04_riverlands_alpha
1209,2013,3,5,15,Bridge,,3,9148,4908333263510868557,poiNode__bridge_5hex_lvl3_alpha
1879,2014,1,1,1,Ruin,,1,01,4069333285272614884,poiNode__ruin_lvl1_crownlands_alpha
1165,2015,3,5,15,Bridge,,2,a414,1498553686271999927,poiNode__bridge_5hex_lvl2_alpha
471,2016,1,1,1,Ruin,,1,01,14369028728984258867,poiNode__ruin_lvl1_riverlands_alpha
682,2016,1,1,1,Ruin,,1,01,14369028728984258867,poiNode__ruin_lvl1_riverlands_alpha
518,2017,1,1,1,Ruin,,1,01,14369028728984258867,poiNode__ruin_lvl1_riverlands_alpha
738,2017,4,1,4,Bridge,,1,0f,4164891203475574860,poiNode__bridge_4hex_lvl1_alpha
853,2017,1,1,1,Ruin,,1,01,14369028728984258867,poiNode__ruin_lvl1_riverlands_alpha
982,2017,2,2,4,Settlement (Town),,2,07,11303916270620475278,poiNode__town_lvl2_food_riverlands_alpha
1154,2017,1,1,1,Ruin,,1,01,14369028728984258867,poiNode__ruin_lvl1_riverlands_alpha
446,2018,1,1,1,Ruin,,1,01,14369028728984258867,poiNode__ruin_lvl1_riverlands_alpha
803,2019,1,2,2,Crossing,,1,03,186484103584441603,poiNode__crossing_lvl1_alpha
1057,2019,2,2,4,Dragon Sanctum,,1,0f,8137403851956624105,poiNode__dragonsanctum_lv01_riverlands_alpha
408,2020,2,2,4,Settlement (Town),,2,0b,17574922458373617218,poiNode__town_lvl2_iron_riverlands_alpha
947,2021,3,3,9,Castle,,2,b700,15724056029190769230,poiNode__castle_lvl2_riverlands_alpha
1589,2021,2,2,4,Crossing,,1,06,186484103584441603,poiNode__crossing_lvl1_alpha
605,2022,1,1,1,Ruin,,1,01,14369028728984258867,poiNode__ruin_lvl1_riverlands_alpha
541,2023,1,1,1,Ruin,,1,01,14369028728984258867,poiNode__ruin_lvl1_riverlands_alpha
918,2023,2,2,4,Settlement (Town),,2,07,12140295094117105364,poiNode__town_lvl2_stone_riverlands_alpha
399,2024,1,1,1,Ruin,,1,01,14369028728984258867,poiNode__ruin_lvl1_riverlands_alpha
512,2025,3,3,9,Castle,,2,b700,15724056029190769230,poiNode__castle_lvl2_riverlands_alpha
562,2025,1,1,1,Ruin,,1,01,14369028728984258867,poiNode__ruin_lvl1_riverlands_alpha
1250,2025,1,1,1,Ruin,,1,01,14369028728984258867,poiNode__ruin_lvl1_riverlands_alpha
1003,2026,1,1,1,Ruin,,1,01,14369028728984258867,poiNode__ruin_lvl1_riverlands_alpha
892,2027,1,1,1,Ruin,,1,01,14369028728984258867,poiNode__ruin_lvl1_riverlands_alpha
582,2029,1,1,1,Ruin,,1,01,14369028728984258867,poiNode__ruin_lvl1_riverlands_alpha
990,2029,1,1,1,Ruin,,1,01,14369028728984258867,poiNode__ruin_lvl1_riverlands_alpha
619,2030,1,1,1,Ruin,,1,01,14369028728984258867,poiNode__ruin_lvl1_riverlands_alpha
1095,2030,1,1,1,Ruin,,1,01,14369028728984258867,poiNode__ruin_lvl1_riverlands_alpha
495,2033,2,2,4,Settlement (Town),,2,07,17574922458373617218,poiNode__town_lvl2_iron_riverlands_alpha
596,2033,1,1,1,Ruin,,1,01,14369028728984258867,poiNode__ruin_lvl1_riverlands_alpha
429,2034,1,1,1,Ruin,,1,01,14369028728984258867,poiNode__ruin_lvl1_riverlands_alpha
683,2035,1,1,1,Ruin,,1,01,14369028728984258867,poiNode__ruin_lvl1_riverlands_alpha
612,2036,1,1,1,Ruin,,1,01,14369028728984258867,poiNode__ruin_lvl1_riverlands_alpha
883,2036,1,1,1,Ruin,,1,01,14369028728984258867,poiNode__ruin_lvl1_riverlands_alpha
1137,2038,2,2,4,Settlement (Town),,2,0b,12140295094117105364,poiNode__town_lvl2_stone_riverlands_alpha
573,2041,2,2,4,Settlement (Town),,2,07,12140295094117105364,poiNode__town_lvl2_stone_riverlands_alpha
1112,2042,1,2,2,Crossing,,2,03,17576595532914463501,poiNode__crossing_lvl2_alpha
1474,2042,1,2,2,Crossing,,1,03,186484103584441603,poiNode__crossing_lvl1_alpha
505,2043,1,1,1,Ruin,,1,01,14369028728984258867,poiNode__ruin_lvl1_riverlands_alpha
472,2044,1,1,1,Ruin,,1,01,14369028728984258867,poiNode__ruin_lvl1_riverlands_alpha
891,2044,1,1,1,Ruin,,1,01,14369028728984258867,poiNode__ruin_lvl1_riverlands_alpha
1078,2044,1,1,1,Ruin,,1,01,14369028728984258867,poiNode__ruin_lvl1_riverlands_alpha
1883,2044,2,2,4,Harbor/Dock,,2,0e,16078488310347410484,poiNode__harbor_lvl2_alpha
1488,2045,1,2,2,Crossing,,1,03,186484103584441603,poiNode__crossing_lvl1_alpha
456,2046,1,1,1,Ruin,,1,01,14369028728984258867,poiNode__ruin_lvl1_riverlands_alpha
979,2047,1,1,1,Ruin,,1,01,14369028728984258867,poiNode__ruin_lvl1_riverlands_alpha
1059,2047,2,4,8,Bridge,,2,Z,14462941546211862082,poiNode__bridge_4hex_lvl2_alpha
1114,2047,1,2,2,Crossing,,2,03,17576595532914463501,poiNode__crossing_lvl2_alpha
897,2048,2,2,4,Settlement (Town),,2,0b,17574922458373617218,poiNode__town_lvl2_iron_riverlands_alpha
879,2049,1,1,1,Ruin,,1,01,14369028728984258867,poiNode__ruin_lvl1_riverlands_alpha
1072,2049,3,3,9,Castle,,2,b700,15724056029190769230,poiNode__castle_lvl2_riverlands_alpha
1561,2049,1,2,2,Crossing,,1,03,186484103584441603,poiNode__crossing_lvl1_alpha
515,2050,1,1,1,Ruin,,1,01,14369028728984258867,poiNode__ruin_lvl1_riverlands_alpha
941,2050,2,2,4,Settlement (Town),,2,0b,5056014063526610105,poiNode__town_lvl2_wood_riverlands_alpha
773,2051,3,3,9,Castle,,1,b700,11718150976661951947,poiNode__castle_lvl1_riverlands_alpha
726,2053,1,1,1,Ruin,,1,01,14369028728984258867,poiNode__ruin_lvl1_riverlands_alpha
753,2053,2,2,4,Settlement (Town),,1,07,7784399899789266167,poiNode__town_lvl1_wood_riverlands_alpha
653,2054,1,1,1,Ruin,,1,01,14369028728984258867,poiNode__ruin_lvl1_riverlands_alpha
672,2054,3,5,15,Bridge,,2,8944,1498553686271999927,poiNode__bridge_5hex_lvl2_alpha
1165,2055,1,1,1,Ruin,,1,01,14369028728984258867,poiNode__ruin_lvl1_riverlands_alpha
467,2056,3,3,9,Castle,,2,9f00,15724056029190769230,poiNode__castle_lvl2_riverlands_alpha
501,2057,1,1,1,Ruin,,1,01,14369028728984258867,poiNode__ruin_lvl1_riverlands_alpha
621,2057,1,1,1,Ruin,,1,01,14369028728984258867,poiNode__ruin_lvl1_riverlands_alpha
934,2057,1,1,1,Ruin,,1,01,14369028728984258867,poiNode__ruin_lvl1_riverlands_alpha
1097,2057,1,1,1,Ruin,,1,01,14369028728984258867,poiNode__ruin_lvl1_riverlands_alpha
1552,2057,2,2,4,Crossing,,1,06,186484103584441603,poiNode__crossing_lvl1_alpha
1882,2057,1,2,2,Crossing,,2,03,17576595532914463501,poiNode__crossing_lvl2_alpha
1219,2058,1,1,1,Ruin,,1,01,14369028728984258867,poiNode__ruin_lvl1_riverlands_alpha
529,2059,2,2,4,Dragon Sanctum,,1,0f,8137403851956624105,poiNode__dragonsanctum_lv01_riverlands_alpha
425,2060,1,1,1,Ruin,,1,01,14369028728984258867,poiNode__ruin_lvl1_riverlands_alpha
788,2061,1,1,1,Ruin,,1,01,14369028728984258867,poiNode__ruin_lvl1_riverlands_alpha
919,2061,1,1,1,Ruin,,1,01,14369028728984258867,poiNode__ruin_lvl1_riverlands_alpha
1153,2061,1,1,1,Ruin,,1,01,14369028728984258867,poiNode__ruin_lvl1_riverlands_alpha
853,2063,1,1,1,Ruin,,1,01,14369028728984258867,poiNode__ruin_lvl1_riverlands_alpha
1550,2063,1,2,2,Crossing,,1,03,186484103584441603,poiNode__crossing_lvl1_alpha
722,2064,2,2,4,Crossing,,1,06,186484103584441603,poiNode__crossing_lvl1_alpha
912,2064,1,1,1,Ruin,,1,01,14369028728984258867,poiNode__ruin_lvl1_riverlands_alpha
1045,2064,1,1,1,Ruin,,1,01,14369028728984258867,poiNode__ruin_lvl1_riverlands_alpha
490,2065,1,1,1,Ruin,,1,01,14369028728984258867,poiNode__ruin_lvl1_riverlands_alpha
806,2065,1,1,1,Ruin,,1,01,14369028728984258867,poiNode__ruin_lvl1_riverlands_alpha
1298,2065,1,1,1,Ruin,,1,01,14369028728984258867,poiNode__ruin_lvl1_riverlands_alpha
510,2066,1,2,2,Crossing,,2,03,17576595532914463501,poiNode__crossing_lvl2_alpha
868,2067,2,2,4,Settlement (Town),,1,07,7784399899789266167,poiNode__town_lvl1_wood_riverlands_alpha
973,2067,1,1,1,Ruin,,1,01,14369028728984258867,poiNode__ruin_lvl1_riverlands_alpha
559,2068,3,5,15,Bridge,,2,8944,1498553686271999927,poiNode__bridge_5hex_lvl2_alpha
632,2068,3,4,12,Bridge,,2,9108,14462941546211862082,poiNode__bridge_4hex_lvl2_alpha
1537,2068,1,2,2,Crossing,,1,03,186484103584441603,poiNode__crossing_lvl1_alpha
1136,2069,1,1,1,Ruin,,1,01,14369028728984258867,poiNode__ruin_lvl1_riverlands_alpha
510,2072,2,2,4,Crossing,,2,,17576595532914463501,poiNode__crossing_lvl2_alpha
659,2072,2,2,4,Settlement (Town),,2,0b,17574922458373617218,poiNode__town_lvl2_iron_riverlands_alpha
875,2072,3,5,15,Bridge,,2,8944,1498553686271999927,poiNode__bridge_5hex_lvl2_alpha
425,2073,1,1,1,Ruin,,1,01,14369028728984258867,poiNode__ruin_lvl1_riverlands_alpha
811,2073,1,1,1,Ruin,,1,01,14369028728984258867,poiNode__ruin_lvl1_riverlands_alpha
608,2074,3,4,12,Bridge,,2,9402,14462941546211862082,poiNode__bridge_4hex_lvl2_alpha
713,2075,2,2,4,Crossing,,1,06,186484103584441603,poiNode__crossing_lvl1_alpha
688,2076,5,1,5,Bridge,,2,1f,1498553686271999927,poiNode__bridge_5hex_lvl2_alpha
992,2076,1,1,1,Ruin,,1,01,14369028728984258867,poiNode__ruin_lvl1_riverlands_alpha
743,2077,1,1,1,Ruin,,1,01,14369028728984258867,poiNode__ruin_lvl1_riverlands_alpha
586,2078,2,2,4,Settlement (Town),,2,0b,5056014063526610105,poiNode__town_lvl2_wood_riverlands_alpha
753,2079,1,1,1,Ruin,,1,01,14369028728984258867,poiNode__ruin_lvl1_riverlands_alpha
676,2080,1,1,1,Ruin,,1,01,14369028728984258867,poiNode__ruin_lvl1_riverlands_alpha
648,2082,1,1,1,Ruin,,1,01,14369028728984258867,poiNode__ruin_lvl1_riverlands_alpha
517,2083,3,3,9,Castle,,2,b700,15724056029190769230,poiNode__castle_lvl2_riverlands_alpha
908,2083,2,2,4,Settlement (Town),,2,07,17574922458373617218,poiNode__town_lvl2_iron_riverlands_alpha
592,2084,1,1,1,Ruin,,1,01,14369028728984258867,poiNode__ruin_lvl1_riverlands_alpha
1167,2084,1,1,1,Ruin,,1,01,14369028728984258867,poiNode__ruin_lvl1_riverlands_alpha
764,2088,3,4,12,Bridge,,1,9402,4164891203475574860,poiNode__bridge_4hex_lvl1_alpha
990,2088,1,1,1,Ruin,,1,01,14369028728984258867,poiNode__ruin_lvl1_riverlands_alpha
1247,2088,1,1,1,Ruin,,1,01,14369028728984258867,poiNode__ruin_lvl1_riverlands_alpha
625,2089,4,4,16,Seat of Power,Flints Finger,,vn,1326320948612696164,poiNode__sop_FlintsFinger_alpha
1870,2089,1,2,2,Crossing,,2,03,17576595532914463501,poiNode__crossing_lvl2_alpha
487,2091,1,1,1,Ruin,,1,01,14369028728984258867,poiNode__ruin_lvl1_riverlands_alpha
891,2091,1,1,1,Ruin,,1,01,14369028728984258867,poiNode__ruin_lvl1_riverlands_alpha
510,2092,1,1,1,Ruin,,1,01,14369028728984258867,poiNode__ruin_lvl1_riverlands_alpha
1140,2092,1,1,1,Ruin,,1,01,14369028728984258867,poiNode__ruin_lvl1_riverlands_alpha
1180,2092,1,1,1,Ruin,,1,01,14369028728984258867,poiNode__ruin_lvl1_riverlands_alpha
574,2095,1,1,1,Ruin,,1,01,14369028728984258867,poiNode__ruin_lvl1_riverlands_alpha
927,2095,1,1,1,Ruin,,1,01,14369028728984258867,poiNode__ruin_lvl1_riverlands_alpha
1531,2096,2,2,4,Crossing,,1,06,186484103584441603,poiNode__crossing_lvl1_alpha
977,2097,1,1,1,Ruin,,1,01,14369028728984258867,poiNode__ruin_lvl1_riverlands_alpha
958,2100,1,1,1,Ruin,,1,01,14369028728984258867,poiNode__ruin_lvl1_riverlands_alpha
1867,2101,2,2,4,Crossing,,2,06,17576595532914463501,poiNode__crossing_lvl2_alpha
870,2105,1,1,1,Ruin,,1,01,14369028728984258867,poiNode__ruin_lvl1_riverlands_alpha
641,2107,1,1,1,Ruin,,1,01,14369028728984258867,poiNode__ruin_lvl1_riverlands_alpha
1003,2107,1,1,1,Ruin,,1,01,14369028728984258867,poiNode__ruin_lvl1_riverlands_alpha
993,2109,2,2,4,Dragon Sanctum,,1,0f,8137403851956624105,poiNode__dragonsanctum_lv01_riverlands_alpha
1529,2109,2,2,4,Crossing,,1,06,186484103584441603,poiNode__crossing_lvl1_alpha
486,2110,1,1,1,Ruin,,1,01,14369028728984258867,poiNode__ruin_lvl1_riverlands_alpha
805,2110,1,1,1,Ruin,,1,01,14369028728984258867,poiNode__ruin_lvl1_riverlands_alpha
1171,2111,3,3,9,Castle,,2,b700,15724056029190769230,poiNode__castle_lvl2_riverlands_alpha
967,2112,1,1,1,Ruin,,1,01,14369028728984258867,poiNode__ruin_lvl1_riverlands_alpha
1248,2112,3,3,9,Castle,,2,9f00,15724056029190769230,poiNode__castle_lvl2_riverlands_alpha
1130,2113,1,1,1,Ruin,,1,01,14369028728984258867,poiNode__ruin_lvl1_riverlands_alpha
1182,2113,3,4,12,Bridge,,2,9108,14462941546211862082,poiNode__bridge_4hex_lvl2_alpha
707,2114,2,2,4,Crossing,,1,06,186484103584441603,poiNode__crossing_lvl1_alpha
597,2116,1,1,1,Ruin,,1,01,14369028728984258867,poiNode__ruin_lvl1_riverlands_alpha
1108,2116,1,2,2,Crossing,,2,03,17576595532914463501,poiNode__crossing_lvl2_alpha
482,2117,2,2,4,Settlement (Town),,2,07,17574922458373617218,poiNode__town_lvl2_iron_riverlands_alpha
1160,2117,2,2,4,Settlement (Town),,2,07,5056014063526610105,poiNode__town_lvl2_wood_riverlands_alpha
949,2118,1,1,1,Ruin,,1,01,14369028728984258867,poiNode__ruin_lvl1_riverlands_alpha
1248,2120,1,1,1,Ruin,,1,01,14369028728984258867,poiNode__ruin_lvl1_riverlands_alpha
518,2121,1,1,1,Ruin,,1,01,14369028728984258867,poiNode__ruin_lvl1_riverlands_alpha
983,2121,1,1,1,Ruin,,1,01,14369028728984258867,poiNode__ruin_lvl1_riverlands_alpha
897,2122,1,1,1,Ruin,,1,01,14369028728984258867,poiNode__ruin_lvl1_riverlands_alpha
1112,2122,2,2,4,Crossing,,2,,17576595532914463501,poiNode__crossing_lvl2_alpha
700,2123,2,2,4,Crossing,,1,06,186484103584441603,poiNode__crossing_lvl1_alpha
534,2124,1,1,1,Ruin,,1,01,14369028728984258867,poiNode__ruin_lvl1_riverlands_alpha
885,2126,1,1,1,Ruin,,1,01,14369028728984258867,poiNode__ruin_lvl1_riverlands_alpha
942,2126,3,5,15,Bridge,,2,9412,1498553686271999927,poiNode__bridge_5hex_lvl2_alpha
1531,2126,1,2,2,Crossing,,1,03,186484103584441603,poiNode__crossing_lvl1_alpha
1862,2127,2,2,4,Crossing,,2,,17576595532914463501,poiNode__crossing_lvl2_alpha
973,2128,2,2,4,Settlement (Town),,2,0b,5056014063526610105,poiNode__town_lvl2_wood_riverlands_alpha
518,2130,1,1,1,Ruin,,1,01,14369028728984258867,poiNode__ruin_lvl1_riverlands_alpha
1536,2134,2,2,4,Crossing,,1,,186484103584441603,poiNode__crossing_lvl1_alpha
739,2135,2,2,4,Tunnel,,1,,10807242388825815788,poiNode__tunnel_lvl1_riverlands_alpha
795,2137,3,5,15,Bridge,,1,a414,16551278857259698617,poiNode__bridge_5hex_lvl1_alpha
816,2137,1,1,1,Ruin,,1,01,14369028728984258867,poiNode__ruin_lvl1_riverlands_alpha
842,2137,1,1,1,Ruin,,1,01,14369028728984258867,poiNode__ruin_lvl1_riverlands_alpha
1126,2137,2,2,4,Crossing,,2,,17576595532914463501,poiNode__crossing_lvl2_alpha
1867,2137,1,2,2,Crossing,,2,03,17576595532914463501,poiNode__crossing_lvl2_alpha
1168,2138,1,1,1,Ruin,,1,01,14369028728984258867,poiNode__ruin_lvl1_riverlands_alpha
1543,2139,1,1,1,Ruin,,1,01,14016363369500822533,poiNode__ruin_lvl1_north_alpha
742,2140,2,2,4,Tunnel,,1,,10807242388825815788,poiNode__tunnel_lvl1_riverlands_alpha
1211,2140,1,1,1,Ruin,,1,01,14369028728984258867,poiNode__ruin_lvl1_riverlands_alpha
1227,2140,1,1,1,Ruin,,1,01,14369028728984258867,poiNode__ruin_lvl1_riverlands_alpha
517,2141,1,1,1,Ruin,,1,01,14369028728984258867,poiNode__ruin_lvl1_riverlands_alpha
1253,2142,1,1,1,Ruin,,1,01,14369028728984258867,poiNode__ruin_lvl1_riverlands_alpha
860,2143,2,2,4,Settlement (Town),,1,07,13182809626522154944,poiNode__town_lvl1_food_riverlands_alpha
767,2144,1,2,2,Crossing,,1,03,186484103584441603,poiNode__crossing_lvl1_alpha
908,2144,3,3,9,Castle,,1,9f00,11718150976661951947,poiNode__castle_lvl1_riverlands_alpha
1131,2144,2,2,4,Crossing,,2,,17576595532914463501,poiNode__crossing_lvl2_alpha
886,2145,1,2,2,Tunnel,,1,03,10807242388825815788,poiNode__tunnel_lvl1_riverlands_alpha
1081,2147,1,1,1,Ruin,,1,01,14369028728984258867,poiNode__ruin_lvl1_riverlands_alpha
771,2151,1,2,2,Crossing,,1,03,186484103584441603,poiNode__crossing_lvl1_alpha
1195,2151,1,1,1,Ruin,,1,01,14369028728984258867,poiNode__ruin_lvl1_riverlands_alpha
881,2152,1,2,2,Tunnel,,1,03,10807242388825815788,poiNode__tunnel_lvl1_riverlands_alpha
1564,2153,1,1,1,Ruin,,1,01,14016363369500822533,poiNode__ruin_lvl1_north_alpha
1544,2158,1,1,1,Ruin,,1,01,14016363369500822533,poiNode__ruin_lvl1_north_alpha
1118,2159,1,1,1,Ruin,,1,01,14369028728984258867,poiNode__ruin_lvl1_riverlands_alpha
1223,2163,2,2,4,Settlement (Town),,2,07,12140295094117105364,poiNode__town_lvl2_stone_riverlands_alpha
1188,2164,1,1,1,Ruin,,1,01,14369028728984258867,poiNode__ruin_lvl1_riverlands_alpha
1308,2164,1,1,1,Ruin,,1,01,14369028728984258867,poiNode__ruin_lvl1_riverlands_alpha
1001,2166,3,3,9,Castle,,2,9f00,15724056029190769230,poiNode__castle_lvl2_riverlands_alpha
1023,2166,1,1,1,Ruin,,1,01,14369028728984258867,poiNode__ruin_lvl1_riverlands_alpha
990,2169,1,1,1,Ruin,,1,01,14369028728984258867,poiNode__ruin_lvl1_riverlands_alpha
1247,2170,1,1,1,Ruin,,1,01,14369028728984258867,poiNode__ruin_lvl1_riverlands_alpha
708,2172,1,1,1,Ruin,,1,01,14369028728984258867,poiNode__ruin_lvl1_riverlands_alpha
1473,2172,2,2,4,Settlement (Town),,1,0b,11983737160535221581,poiNode__town_lvl1_wood_north_alpha
1201,2173,1,1,1,Ruin,,1,01,14369028728984258867,poiNode__ruin_lvl1_riverlands_alpha
687,2174,1,1,1,Ruin,,1,01,14369028728984258867,poiNode__ruin_lvl1_riverlands_alpha
1047,2174,3,5,15,Bridge,,2,9412,1498553686271999927,poiNode__bridge_5hex_lvl2_alpha
1311,2176,1,1,1,Ruin,,1,01,14369028728984258867,poiNode__ruin_lvl1_riverlands_alpha
1627,2177,2,2,4,Settlement (Town),,1,07,14067285984755744093,poiNode__town_lvl1_stone_north_alpha
1867,2177,1,2,2,Crossing,,2,03,17576595532914463501,poiNode__crossing_lvl2_alpha
735,2179,3,3,9,Castle,,1,b700,11718150976661951947,poiNode__castle_lvl1_riverlands_alpha
1130,2180,2,2,4,Crossing,,2,,17576595532914463501,poiNode__crossing_lvl2_alpha
1225,2180,1,1,1,Ruin,,1,01,14369028728984258867,poiNode__ruin_lvl1_riverlands_alpha
1642,2180,3,5,15,Bridge,,1,8944,16551278857259698617,poiNode__bridge_5hex_lvl1_alpha
1238,2181,1,1,1,Ruin,,1,01,14369028728984258867,poiNode__ruin_lvl1_riverlands_alpha
1253,2181,1,1,1,Ruin,,1,01,14369028728984258867,poiNode__ruin_lvl1_riverlands_alpha
1278,2181,1,1,1,Ruin,,1,01,14369028728984258867,poiNode__ruin_lvl1_riverlands_alpha
865,2182,1,1,1,Ruin,,1,01,14369028728984258867,poiNode__ruin_lvl1_riverlands_alpha
1171,2183,1,1,1,Ruin,,1,01,14369028728984258867,poiNode__ruin_lvl1_riverlands_alpha
1626,2186,1,1,1,Ruin,,1,01,14016363369500822533,poiNode__ruin_lvl1_north_alpha
1122,2187,2,2,4,Crossing,,2,06,17576595532914463501,poiNode__crossing_lvl2_alpha
1325,2187,2,2,4,Crossing,,2,,17576595532914463501,poiNode__crossing_lvl2_alpha
779,2188,2,2,4,Crossing,,1,06,186484103584441603,poiNode__crossing_lvl1_alpha
1584,2189,1,1,1,Ruin,,1,01,14016363369500822533,poiNode__ruin_lvl1_north_alpha
1650,2189,1,1,1,Ruin,,1,01,14016363369500822533,poiNode__ruin_lvl1_north_alpha
1218,2190,2,2,4,Settlement (Town),,2,0b,5056014063526610105,poiNode__town_lvl2_wood_riverlands_alpha
1268,2190,2,2,4,Settlement (Town),,2,0b,12140295094117105364,poiNode__town_lvl2_stone_riverlands_alpha
851,2192,2,2,4,Crossing,,1,06,186484103584441603,poiNode__crossing_lvl1_alpha
1330,2192,2,2,4,Crossing,,2,,17576595532914463501,poiNode__crossing_lvl2_alpha
1863,2193,2,2,4,Crossing,,2,06,17576595532914463501,poiNode__crossing_lvl2_alpha
956,2195,1,1,1,Ruin,,1,01,14369028728984258867,poiNode__ruin_lvl1_riverlands_alpha
977,2195,2,2,4,Crossing,,2,06,17576595532914463501,poiNode__crossing_lvl2_alpha
1476,2196,3,3,9,Castle,,1,9f00,17063625225768839878,poiNode__castle_lvl1_north_alpha
1162,2197,1,1,1,Ruin,,1,01,14369028728984258867,poiNode__ruin_lvl1_riverlands_alpha
898,2198,2,2,4,Settlement (Town),,1,0b,482945141560920804,poiNode__town_lvl1_stone_riverlands_alpha
1292,2198,1,1,1,Ruin,,1,01,14369028728984258867,poiNode__ruin_lvl1_riverlands_alpha
994,2200,2,2,4,Settlement (Town),,2,0b,17574922458373617218,poiNode__town_lvl2_iron_riverlands_alpha
1057,2200,1,1,1,Ruin,,1,01,14369028728984258867,poiNode__ruin_lvl1_riverlands_alpha
1575,2200,2,2,4,Settlement (Town),,1,0b,7249207862318925494,poiNode__town_lvl1_food_north_alpha
951,2201,3,3,9,Castle,,1,b700,11718150976661951947,poiNode__castle_lvl1_riverlands_alpha
1210,2201,1,1,1,Ruin,,1,01,14369028728984258867,poiNode__ruin_lvl1_riverlands_alpha
984,2202,2,2,4,Crossing,,2,,17576595532914463501,poiNode__crossing_lvl2_alpha
778,2205,2,2,4,Crossing,,1,06,186484103584441603,poiNode__crossing_lvl1_alpha
1602,2206,3,3,9,Castle,,1,9f00,17063625225768839878,poiNode__castle_lvl1_north_alpha
846,2207,2,2,4,Crossing,,1,06,186484103584441603,poiNode__crossing_lvl1_alpha
1038,2207,1,1,1,Ruin,,1,01,14369028728984258867,poiNode__ruin_lvl1_riverlands_alpha
1573,2208,1,1,1,Ruin,,1,01,14016363369500822533,poiNode__ruin_lvl1_north_alpha
1064,2209,2,2,4,Crossing,,2,,17576595532914463501,poiNode__crossing_lvl2_alpha
1155,2209,1,1,1,Ruin,,1,01,14369028728984258867,poiNode__ruin_lvl1_riverlands_alpha
1255,2210,3,5,15,Bridge,,2,8944,1498553686271999927,poiNode__bridge_5hex_lvl2_alpha
600,2211,1,1,1,Ruin,,1,01,14016363369500822533,poiNode__ruin_lvl1_north_alpha
1070,2212,2,2,4,Crossing,,2,06,17576595532914463501,poiNode__crossing_lvl2_alpha
1544,2214,1,1,1,Ruin,,1,01,14016363369500822533,poiNode__ruin_lvl1_north_alpha
1859,2214,1,2,2,Crossing,,2,03,17576595532914463501,poiNode__crossing_lvl2_alpha
741,2215,1,2,2,Crossing,,1,03,186484103584441603,poiNode__crossing_lvl1_alpha
937,2215,1,2,2,Crossing,,1,03,186484103584441603,poiNode__crossing_lvl1_alpha
1031,2215,3,5,15,Bridge,,2,9148,1498553686271999927,poiNode__bridge_5hex_lvl2_alpha
1065,2216,1,2,2,Crossing,,2,03,17576595532914463501,poiNode__crossing_lvl2_alpha
1104,2216,1,2,2,Crossing,,2,03,17576595532914463501,poiNode__crossing_lvl2_alpha
1159,2218,1,2,2,Crossing,,2,03,17576595532914463501,poiNode__crossing_lvl2_alpha
1107,2220,2,2,4,Crossing,,2,,17576595532914463501,poiNode__crossing_lvl2_alpha
1475,2221,1,1,1,Ruin,,1,01,14016363369500822533,poiNode__ruin_lvl1_north_alpha
1615,2221,3,5,15,Bridge,,1,9148,16551278857259698617,poiNode__bridge_5hex_lvl1_alpha
1865,2222,2,2,4,Crossing,,2,,17576595532914463501,poiNode__crossing_lvl2_alpha
1528,2223,3,3,9,Castle,,1,b700,17063625225768839878,poiNode__castle_lvl1_north_alpha
1161,2224,2,2,4,Crossing,,2,,17576595532914463501,poiNode__crossing_lvl2_alpha
1220,2224,1,1,1,Ruin,,1,01,14016363369500822533,poiNode__ruin_lvl1_north_alpha
730,2229,2,2,4,Crossing,,1,06,186484103584441603,poiNode__crossing_lvl1_alpha
818,2230,1,1,1,Ruin,,1,01,14016363369500822533,poiNode__ruin_lvl1_north_alpha
1570,2230,1,1,1,Ruin,,1,01,14016363369500822533,poiNode__ruin_lvl1_north_alpha
938,2232,1,2,2,Crossing,,1,03,186484103584441603,poiNode__crossing_lvl1_alpha
662,2233,1,1,1,Ruin,,1,01,14016363369500822533,poiNode__ruin_lvl1_north_alpha
720,2233,1,2,2,Crossing,,1,03,186484103584441603,poiNode__crossing_lvl1_alpha
857,2233,1,1,1,Ruin,,1,01,14016363369500822533,poiNode__ruin_lvl1_north_alpha
1217,2233,1,1,1,Ruin,,1,01,14016363369500822533,poiNode__ruin_lvl1_north_alpha
953,2234,1,1,1,Ruin,,1,01,14016363369500822533,poiNode__ruin_lvl1_north_alpha
1247,2234,2,2,4,Settlement (Town),,1,0b,7249207862318925494,poiNode__town_lvl1_food_north_alpha
1861,2235,1,2,2,Crossing,,2,03,17576595532914463501,poiNode__crossing_lvl2_alpha
632,2237,2,2,4,Crossing,,1,,186484103584441603,poiNode__crossing_lvl1_alpha
717,2239,2,2,4,Crossing,,1,06,186484103584441603,poiNode__crossing_lvl1_alpha
1853,2239,2,2,4,Crossing,,2,06,17576595532914463501,poiNode__crossing_lvl2_alpha
638,2241,1,2,2,Crossing,,1,03,186484103584441603,poiNode__crossing_lvl1_alpha
1127,2241,3,5,15,Bridge,,1,9148,16551278857259698617,poiNode__bridge_5hex_lvl1_alpha
1224,2242,1,1,1,Ruin,,1,01,14016363369500822533,poiNode__ruin_lvl1_north_alpha
1452,2242,1,1,1,Ruin,,1,01,14016363369500822533,poiNode__ruin_lvl1_north_alpha
898,2244,1,1,1,Ruin,,1,01,14016363369500822533,poiNode__ruin_lvl1_north_alpha
1517,2244,1,1,1,Ruin,,1,01,14016363369500822533,poiNode__ruin_lvl1_north_alpha
1596,2244,1,1,1,Ruin,,1,01,14016363369500822533,poiNode__ruin_lvl1_north_alpha
709,2245,1,1,1,Ruin,,1,01,14016363369500822533,poiNode__ruin_lvl1_north_alpha
1039,2245,2,2,4,Settlement (Town),,1,07,7249207862318925494,poiNode__town_lvl1_food_north_alpha
872,2248,1,1,1,Ruin,,1,01,14016363369500822533,poiNode__ruin_lvl1_north_alpha
569,2251,3,5,15,Bridge,,1,9148,16551278857259698617,poiNode__bridge_5hex_lvl1_alpha
690,2251,3,3,9,Castle,,1,b700,17063625225768839878,poiNode__castle_lvl1_north_alpha
1061,2251,3,5,15,Bridge,,1,a414,16551278857259698617,poiNode__bridge_5hex_lvl1_alpha
940,2257,1,1,1,Ruin,,1,01,14016363369500822533,poiNode__ruin_lvl1_north_alpha
1328,2258,3,3,9,Castle,,1,9f00,17063625225768839878,poiNode__castle_lvl1_north_alpha
645,2259,2,4,8,Bridge,,1,Z,4164891203475574860,poiNode__bridge_4hex_lvl1_alpha
862,2260,2,2,4,Crossing,,1,06,186484103584441603,poiNode__crossing_lvl1_alpha
1601,2260,1,1,1,Ruin,,1,01,14016363369500822533,poiNode__ruin_lvl1_north_alpha
858,2267,2,2,4,Crossing,,1,06,186484103584441603,poiNode__crossing_lvl1_alpha
1104,2268,5,1,5,Bridge,,1,1f,16551278857259698617,poiNode__bridge_5hex_lvl1_alpha
1442,2268,1,1,1,Ruin,,1,01,14016363369500822533,poiNode__ruin_lvl1_north_alpha
637,2269,5,1,5,Bridge,,1,1f,16551278857259698617,poiNode__bridge_5hex_lvl1_alpha
1642,2269,3,3,9,Castle,,1,b700,17063625225768839878,poiNode__castle_lvl1_north_alpha
1202,2270,2,2,4,Settlement (Town),,1,0b,8534965354828882146,poiNode__town_lvl1_iron_north_alpha
1369,2270,1,2,2,Crossing,,1,03,186484103584441603,poiNode__crossing_lvl1_alpha
1507,2270,2,2,4,Settlement (Town),,1,0b,7249207862318925494,poiNode__town_lvl1_food_north_alpha
740,2272,3,5,15,Bridge,,1,9412,16551278857259698617,poiNode__bridge_5hex_lvl1_alpha
1399,2272,1,1,1,Ruin,,1,01,14016363369500822533,poiNode__ruin_lvl1_north_alpha
1196,2273,3,3,9,Castle,,1,b700,17063625225768839878,poiNode__castle_lvl1_north_alpha
866,2276,3,3,9,Castle,,1,9f00,17063625225768839878,poiNode__castle_lvl1_north_alpha
1047,2277,1,1,1,Ruin,,1,01,14016363369500822533,poiNode__ruin_lvl1_north_alpha
1574,2277,2,2,4,Settlement (Town),,1,07,11983737160535221581,poiNode__town_lvl1_wood_north_alpha
717,2278,5,1,5,Bridge,,1,1f,16551278857259698617,poiNode__bridge_5hex_lvl1_alpha
790,2279,3,3,9,Castle,,1,b700,17063625225768839878,poiNode__castle_lvl1_north_alpha
1567,2279,3,3,9,Castle,,1,b700,17063625225768839878,poiNode__castle_lvl1_north_alpha
1843,2279,2,2,4,Crossing,,2,,17576595532914463501,poiNode__crossing_lvl2_alpha
622,2281,5,1,5,Bridge,,1,1f,16551278857259698617,poiNode__bridge_5hex_lvl1_alpha
1350,2281,2,2,4,Settlement (Town),,1,07,11983737160535221581,poiNode__town_lvl1_wood_north_alpha
1379,2283,4,3,12,Seat of Power,White Harbor,,fe0e,14776417635603731467,poiNode__sop_WhiteHarbor_alpha
936,2286,1,1,1,Ruin,,1,01,14016363369500822533,poiNode__ruin_lvl1_north_alpha
607,2289,2,2,4,Crossing,,1,,186484103584441603,poiNode__crossing_lvl1_alpha
1445,2289,1,1,1,Ruin,,1,01,14016363369500822533,poiNode__ruin_lvl1_north_alpha
1610,2289,1,1,1,Ruin,,1,01,14016363369500822533,poiNode__ruin_lvl1_north_alpha
613,2290,2,2,4,Crossing,,1,,186484103584441603,poiNode__crossing_lvl1_alpha
1523,2290,1,1,1,Ruin,,1,01,14016363369500822533,poiNode__ruin_lvl1_north_alpha
631,2291,4,3,12,Seat of Power,Ashen Vale,,fe0e,1930541013592784550,poiNode__sop_AshenVale_alpha
1101,2291,2,2,4,Settlement (Town),,1,07,7249207862318925494,poiNode__town_lvl1_food_north_alpha
1422,2291,2,2,4,Settlement (Town),,1,07,14067285984755744093,poiNode__town_lvl1_stone_north_alpha
548,2292,5,1,5,Bridge,,1,1f,16551278857259698617,poiNode__bridge_5hex_lvl1_alpha
1041,2293,1,1,1,Ruin,,1,01,14016363369500822533,poiNode__ruin_lvl1_north_alpha
1592,2294,3,4,12,Bridge,,1,9108,4164891203475574860,poiNode__bridge_4hex_lvl1_alpha
658,2295,1,1,1,Ruin,,1,01,14016363369500822533,poiNode__ruin_lvl1_north_alpha
1410,2298,3,3,9,Castle,,1,9f00,17063625225768839878,poiNode__castle_lvl1_north_alpha
684,2299,2,2,4,Settlement (Town),,1,07,8534965354828882146,poiNode__town_lvl1_iron_north_alpha
1241,2299,4,3,12,Seat of Power,Cinderpeak,,fe0e,5208751256511442710,poiNode__sop_Cinderpeak_alpha
1398,2300,1,1,1,Ruin,,1,01,14016363369500822533,poiNode__ruin_lvl1_north_alpha
1844,2301,2,2,4,Harbor/Dock,,2,07,16078488310347410484,poiNode__harbor_lvl2_alpha
1304,2302,2,2,4,Settlement (Town),,1,0b,7249207862318925494,poiNode__town_lvl1_food_north_alpha
994,2303,2,4,8,Bridge,,1,a5,4164891203475574860,poiNode__bridge_4hex_lvl1_alpha
1195,2303,1,1,1,Ruin,,1,01,14016363369500822533,poiNode__ruin_lvl1_north_alpha
631,2305,1,2,2,Tunnel,,1,03,4249844005830977737,poiNode__tunnel_lvl1_north_alpha
1068,2305,3,5,15,Bridge,,1,9148,16551278857259698617,poiNode__bridge_5hex_lvl1_alpha
1920,2306,1,1,1,Ruin,,1,01,14016363369500822533,poiNode__ruin_lvl1_north_alpha
1061,2307,1,1,1,Ruin,,1,01,14016363369500822533,poiNode__ruin_lvl1_north_alpha
1347,2308,1,1,1,Ruin,,1,01,14016363369500822533,poiNode__ruin_lvl1_north_alpha
1511,2308,3,3,9,Castle,,1,9f00,17063625225768839878,poiNode__castle_lvl1_north_alpha
1670,2308,1,1,1,Ruin,,1,01,14016363369500822533,poiNode__ruin_lvl1_north_alpha
628,2309,2,2,4,Tunnel,,1,06,4249844005830977737,poiNode__tunnel_lvl1_north_alpha
942,2310,3,4,12,Bridge,,1,9108,4164891203475574860,poiNode__bridge_4hex_lvl1_alpha
661,2311,1,1,1,Ruin,,1,01,14016363369500822533,poiNode__ruin_lvl1_north_alpha
1022,2311,1,1,1,Ruin,,1,01,14016363369500822533,poiNode__ruin_lvl1_north_alpha
746,2314,1,2,2,Crossing,,1,03,186484103584441603,poiNode__crossing_lvl1_alpha
1278,2314,1,1,1,Ruin,,1,01,14016363369500822533,poiNode__ruin_lvl1_north_alpha
1130,2316,3,3,9,Castle,,1,9f00,17063625225768839878,poiNode__castle_lvl1_north_alpha
1639,2316,1,1,1,Ruin,,1,01,14016363369500822533,poiNode__ruin_lvl1_north_alpha
1401,2318,1,1,1,Ruin,,1,01,14016363369500822533,poiNode__ruin_lvl1_north_alpha
1933,2318,3,4,12,Seat of Power,Widows Watch,,fe07,5279399577244687830,poiNode__sop_WidowsWatch_alpha
646,2319,2,2,4,Crossing,,1,06,186484103584441603,poiNode__crossing_lvl1_alpha
756,2319,3,5,15,Bridge,,1,a414,16551278857259698617,poiNode__bridge_5hex_lvl1_alpha
1194,2319,1,1,1,Ruin,,1,01,14016363369500822533,poiNode__ruin_lvl1_north_alpha
748,2321,1,2,2,Crossing,,1,03,186484103584441603,poiNode__crossing_lvl1_alpha
1289,2321,1,1,1,Ruin,,1,01,14016363369500822533,poiNode__ruin_lvl1_north_alpha
1842,2321,1,1,1,Ruin,,1,01,14016363369500822533,poiNode__ruin_lvl1_north_alpha
1569,2322,1,1,1,Ruin,,1,01,14016363369500822533,poiNode__ruin_lvl1_north_alpha
1628,2323,2,2,4,Settlement (Town),,1,07,8534965354828882146,poiNode__town_lvl1_iron_north_alpha
610,2324,1,1,1,Ruin,,1,01,14016363369500822533,poiNode__ruin_lvl1_north_alpha
651,2324,2,2,4,Crossing,,1,,186484103584441603,poiNode__crossing_lvl1_alpha
1208,2325,1,1,1,Ruin,,1,01,14016363369500822533,poiNode__ruin_lvl1_north_alpha
1485,2328,1,1,1,Ruin,,1,01,14016363369500822533,poiNode__ruin_lvl1_north_alpha
865,2332,1,1,1,Ruin,,1,01,14016363369500822533,poiNode__ruin_lvl1_north_alpha
889,2332,3,5,15,Bridge,,1,8944,16551278857259698617,poiNode__bridge_5hex_lvl1_alpha
899,2333,1,2,2,Crossing,,1,03,186484103584441603,poiNode__crossing_lvl1_alpha
1352,2334,2,2,4,Crossing,,1,,186484103584441603,poiNode__crossing_lvl1_alpha
1553,2335,1,1,1,Ruin,,1,01,14016363369500822533,poiNode__ruin_lvl1_north_alpha
893,2336,4,3,12,Seat of Power,Barrowtown,,f707,12296802806219607931,poiNode__sop_Barrowtown_alpha
728,2338,1,1,1,Ruin,,1,01,14016363369500822533,poiNode__ruin_lvl1_north_alpha
1234,2338,2,4,8,Bridge,,1,Z,4164891203475574860,poiNode__bridge_4hex_lvl1_alpha
1155,2340,1,1,1,Ruin,,1,01,14016363369500822533,poiNode__ruin_lvl1_north_alpha
1539,2340,1,1,1,Ruin,,1,01,14016363369500822533,poiNode__ruin_lvl1_north_alpha
1600,2341,2,2,4,Settlement (Town),,1,07,7249207862318925494,poiNode__town_lvl1_food_north_alpha
522,2342,2,2,4,Crossing,,1,06,186484103584441603,poiNode__crossing_lvl1_alpha
626,2345,3,5,15,Bridge,,1,a414,16551278857259698617,poiNode__bridge_5hex_lvl1_alpha
1342,2345,2,2,4,Crossing,,1,06,186484103584441603,poiNode__crossing_lvl1_alpha
1664,2345,1,1,1,Ruin,,1,01,14016363369500822533,poiNode__ruin_lvl1_north_alpha
1219,2346,1,1,1,Ruin,,1,01,14016363369500822533,poiNode__ruin_lvl1_north_alpha
1410,2346,1,1,1,Ruin,,1,01,14016363369500822533,poiNode__ruin_lvl1_north_alpha
1642,2346,1,1,1,Ruin,,1,01,14016363369500822533,poiNode__ruin_lvl1_north_alpha
518,2347,2,2,4,Crossing,,1,06,186484103584441603,poiNode__crossing_lvl1_alpha
1471,2347,2,2,4,Settlement (Town),,1,07,8534965354828882146,poiNode__town_lvl1_iron_north_alpha
1624,2348,3,3,9,Castle,,1,9f00,17063625225768839878,poiNode__castle_lvl1_north_alpha
818,2349,3,3,9,Castle,,1,b700,17063625225768839878,poiNode__castle_lvl1_north_alpha
809,2350,2,2,4,Settlement (Town),,1,0b,11983737160535221581,poiNode__town_lvl1_wood_north_alpha
1268,2351,1,1,1,Ruin,,1,01,14016363369500822533,poiNode__ruin_lvl1_north_alpha
1831,2351,1,1,1,Ruin,,1,01,14016363369500822533,poiNode__ruin_lvl1_north_alpha
569,2352,1,1,1,Ruin,,1,01,14016363369500822533,poiNode__ruin_lvl1_north_alpha
1401,2353,3,3,9,Castle,,1,b700,17063625225768839878,poiNode__castle_lvl1_north_alpha
1690,2353,4,4,16,Seat of Power,Ramsgate,,e667,3478609758030509686,poiNode__sop_Ramsgate_alpha
1393,2354,1,1,1,Ruin,,1,01,14016363369500822533,poiNode__ruin_lvl1_north_alpha
715,2357,3,5,15,Bridge,,1,9148,16551278857259698617,poiNode__bridge_5hex_lvl1_alpha
753,2357,1,1,1,Ruin,,1,01,14016363369500822533,poiNode__ruin_lvl1_north_alpha
1798,2358,3,3,9,Castle,,2,9f00,3645493891009056158,poiNode__castle_lvl2_north_alpha
948,2359,2,2,4,Settlement (Town),,1,07,8534965354828882146,poiNode__town_lvl1_iron_north_alpha
1154,2359,1,1,1,Ruin,,1,01,14016363369500822533,poiNode__ruin_lvl1_north_alpha
1739,2359,1,1,1,Ruin,,1,01,14016363369500822533,poiNode__ruin_lvl1_north_alpha
848,2360,1,1,1,Ruin,,1,01,14016363369500822533,poiNode__ruin_lvl1_north_alpha
918,2360,3,4,12,Bridge,,1,9402,4164891203475574860,poiNode__bridge_4hex_lvl1_alpha
1840,2360,1,1,1,Ruin,,1,01,14016363369500822533,poiNode__ruin_lvl1_north_alpha
541,2362,2,2,4,Settlement (Town),,1,0b,11983737160535221581,poiNode__town_lvl1_wood_north_alpha
866,2362,3,4,12,Bridge,,1,9108,4164891203475574860,poiNode__bridge_4hex_lvl1_alpha
1772,2362,1,1,1,Ruin,,1,01,14016363369500822533,poiNode__ruin_lvl1_north_alpha
1850,2362,1,1,1,Ruin,,1,01,14016363369500822533,poiNode__ruin_lvl1_north_alpha
1027,2364,2,2,4,Settlement (Town),,1,0b,14067285984755744093,poiNode__town_lvl1_stone_north_alpha
888,2365,1,1,1,Ruin,,1,01,14016363369500822533,poiNode__ruin_lvl1_north_alpha
1752,2366,1,1,1,Ruin,,1,01,14016363369500822533,poiNode__ruin_lvl1_north_alpha
1145,2370,1,1,1,Ruin,,1,01,14016363369500822533,poiNode__ruin_lvl1_north_alpha
1163,2370,2,2,4,Settlement (Town),,1,0b,8534965354828882146,poiNode__town_lvl1_iron_north_alpha
712,2371,3,3,9,Castle,,1,b700,17063625225768839878,poiNode__castle_lvl1_north_alpha
601,2372,1,1,1,Ruin,,1,01,14016363369500822533,poiNode__ruin_lvl1_north_alpha
824,2372,1,1,1,Ruin,,1,01,14016363369500822533,poiNode__ruin_lvl1_north_alpha
1303,2372,3,3,9,Castle,,1,9f00,17063625225768839878,poiNode__castle_lvl1_north_alpha
1574,2375,2,3,6,Bridge,,1,%,12353644835132525818,poiNode__bridge_3hex_lvl1_alpha
502,2377,1,1,1,Ruin,,1,01,14016363369500822533,poiNode__ruin_lvl1_north_alpha
1526,2377,2,2,4,Settlement (Town),,1,07,7249207862318925494,poiNode__town_lvl1_food_north_alpha
1722,2378,2,2,4,Settlement (Town),,2,0b,1070278196290862951,poiNode__town_lvl2_iron_north_alpha
1806,2378,1,1,1,Ruin,,1,01,14016363369500822533,poiNode__ruin_lvl1_north_alpha
554,2380,2,2,4,Crossing,,1,06,186484103584441603,poiNode__crossing_lvl1_alpha
1264,2380,3,5,15,Bridge,,1,9412,16551278857259698617,poiNode__bridge_5hex_lvl1_alpha
1651,2380,1,1,1,Ruin,,1,01,14016363369500822533,poiNode__ruin_lvl1_north_alpha
1090,2381,3,3,9,Castle,,1,b700,17063625225768839878,poiNode__castle_lvl1_north_alpha
1769,2383,1,1,1,Ruin,,1,01,14016363369500822533,poiNode__ruin_lvl1_north_alpha
719,2384,1,1,1,Ruin,,1,01,14016363369500822533,poiNode__ruin_lvl1_north_alpha
1449,2384,1,1,1,Ruin,,1,01,14016363369500822533,poiNode__ruin_lvl1_north_alpha
1612,2384,1,1,1,Ruin,,1,01,14016363369500822533,poiNode__ruin_lvl1_north_alpha
1675,2385,2,2,4,Crossing,,2,,17576595532914463501,poiNode__crossing_lvl2_alpha
785,2386,2,2,4,Settlement (Town),,1,0b,7249207862318925494,poiNode__town_lvl1_food_north_alpha
1684,2386,2,2,4,Crossing,,2,,17576595532914463501,poiNode__crossing_lvl2_alpha
1710,2387,1,1,1,Ruin,,1,01,14016363369500822533,poiNode__ruin_lvl1_north_alpha
432,2388,5,1,5,Bridge,,1,1f,16551278857259698617,poiNode__bridge_5hex_lvl1_alpha
552,2388,1,2,2,Crossing,,1,03,186484103584441603,poiNode__crossing_lvl1_alpha
949,2388,1,1,1,Ruin,,1,01,14016363369500822533,poiNode__ruin_lvl1_north_alpha
1474,2388,3,3,9,Castle,,1,9f00,17063625225768839878,poiNode__castle_lvl1_north_alpha
1804,2388,1,1,1,Ruin,,1,01,14016363369500822533,poiNode__ruin_lvl1_north_alpha
1173,2389,1,1,1,Ruin,,1,01,14016363369500822533,poiNode__ruin_lvl1_north_alpha
1369,2389,1,1,1,Ruin,,1,01,14016363369500822533,poiNode__ruin_lvl1_north_alpha
501,2390,3,3,9,Castle,,1,9f00,17063625225768839878,poiNode__castle_lvl1_north_alpha
819,2391,1,2,2,Crossing,,1,03,186484103584441603,poiNode__crossing_lvl1_alpha
996,2393,1,1,1,Ruin,,1,01,14016363369500822533,poiNode__ruin_lvl1_north_alpha
667,2394,1,2,2,Crossing,,1,03,186484103584441603,poiNode__crossing_lvl1_alpha
816,2396,1,2,2,Crossing,,1,03,186484103584441603,poiNode__crossing_lvl1_alpha
675,2397,1,1,1,Ruin,,1,01,14016363369500822533,poiNode__ruin_lvl1_north_alpha
919,2397,1,1,1,Ruin,,1,01,14016363369500822533,poiNode__ruin_lvl1_north_alpha
492,2398,2,2,4,Crossing,,1,06,186484103584441603,poiNode__crossing_lvl1_alpha
573,2398,2,2,4,Crossing,,1,06,186484103584441603,poiNode__crossing_lvl1_alpha
1235,2398,1,1,1,Ruin,,1,01,14016363369500822533,poiNode__ruin_lvl1_north_alpha
1373,2398,1,1,1,Ruin,,1,01,14016363369500822533,poiNode__ruin_lvl1_north_alpha
1623,2398,1,1,1,Ruin,,1,01,14016363369500822533,poiNode__ruin_lvl1_north_alpha
966,2399,3,5,15,Bridge,,1,a414,16551278857259698617,poiNode__bridge_5hex_lvl1_alpha
670,2400,2,2,4,Crossing,,1,,186484103584441603,poiNode__crossing_lvl1_alpha
1346,2402,1,1,1,Ruin,,1,01,14016363369500822533,poiNode__ruin_lvl1_north_alpha
1414,2403,1,1,1,Ruin,,1,01,14016363369500822533,poiNode__ruin_lvl1_north_alpha
481,2405,2,2,4,Crossing,,1,06,186484103584441603,poiNode__crossing_lvl1_alpha
569,2406,1,2,2,Crossing,,1,03,186484103584441603,poiNode__crossing_lvl1_alpha
1320,2408,1,2,2,Crossing,,2,03,17576595532914463501,poiNode__crossing_lvl2_alpha
1373,2408,3,4,12,Bridge,,2,9108,14462941546211862082,poiNode__bridge_4hex_lvl2_alpha
511,2409,1,1,1,Ruin,,1,01,14016363369500822533,poiNode__ruin_lvl1_north_alpha
1217,2409,3,3,9,Castle,,1,b700,17063625225768839878,poiNode__castle_lvl1_north_alpha
1327,2409,1,2,2,Crossing,,2,03,17576595532914463501,poiNode__crossing_lvl2_alpha
1729,2410,2,2,4,Settlement (Town),,2,0b,1070278196290862951,poiNode__town_lvl2_iron_north_alpha
885,2412,2,2,4,Tunnel,,1,06,4249844005830977737,poiNode__tunnel_lvl1_north_alpha
658,2413,1,1,1,Ruin,,1,01,14016363369500822533,poiNode__ruin_lvl1_north_alpha
1435,2414,3,4,12,Bridge,,2,9402,14462941546211862082,poiNode__bridge_4hex_lvl2_alpha
1820,2414,1,1,1,Ruin,,1,01,14016363369500822533,poiNode__ruin_lvl1_north_alpha
1323,2415,1,2,2,Crossing,,2,03,17576595532914463501,poiNode__crossing_lvl2_alpha
800,2417,3,3,9,Castle,,1,b700,17063625225768839878,poiNode__castle_lvl1_north_alpha
1178,2417,1,1,1,Ruin,,1,01,14016363369500822533,poiNode__ruin_lvl1_north_alpha
1505,2417,1,1,1,Ruin,,1,01,14016363369500822533,poiNode__ruin_lvl1_north_alpha
1371,2418,1,1,1,Ruin,,1,01,14016363369500822533,poiNode__ruin_lvl1_north_alpha
1688,2418,2,2,4,Settlement (Town),,2,0b,11324976608404560005,poiNode__town_lvl2_stone_north_alpha
593,2419,1,2,2,Tunnel,,1,03,4249844005830977737,poiNode__tunnel_lvl1_north_alpha
679,2419,2,2,4,Settlement (Town),,1,07,14067285984755744093,poiNode__town_lvl1_stone_north_alpha
1258,2420,1,1,1,Ruin,,1,01,14016363369500822533,poiNode__ruin_lvl1_north_alpha
1694,2420,3,2,6,Dragon Sanctum,,4,1e,7332369791193790217,poiNode__dragonsanctum_lv04_north_alpha
813,2421,1,1,1,Ruin,,1,01,14016363369500822533,poiNode__ruin_lvl1_north_alpha
1736,2421,1,1,1,Ruin,,1,01,14016363369500822533,poiNode__ruin_lvl1_north_alpha
1814,2421,1,2,2,Crossing,,2,03,17576595532914463501,poiNode__crossing_lvl2_alpha
772,2422,2,2,4,Tunnel,,1,06,4249844005830977737,poiNode__tunnel_lvl1_north_alpha
1157,2422,1,1,1,Ruin,,1,01,14016363369500822533,poiNode__ruin_lvl1_north_alpha
922,2423,3,3,9,Castle,,1,b700,17063625225768839878,poiNode__castle_lvl1_north_alpha
593,2424,1,2,2,Tunnel,,1,03,4249844005830977737,poiNode__tunnel_lvl1_north_alpha
878,2424,1,2,2,Tunnel,,1,03,4249844005830977737,poiNode__tunnel_lvl1_north_alpha
1105,2424,1,1,1,Ruin,,1,01,14016363369500822533,poiNode__ruin_lvl1_north_alpha
1717,2425,1,1,1,Ruin,,1,01,14016363369500822533,poiNode__ruin_lvl1_north_alpha
1753,2425,1,1,1,Ruin,,1,01,14016363369500822533,poiNode__ruin_lvl1_north_alpha
421,2426,3,5,15,Bridge,,1,9412,16551278857259698617,poiNode__bridge_5hex_lvl1_alpha
1633,2426,1,2,2,Crossing,,2,03,17576595532914463501,poiNode__crossing_lvl2_alpha
1812,2426,1,2,2,Crossing,,2,03,17576595532914463501,poiNode__crossing_lvl2_alpha
1068,2427,1,1,1,Ruin,,1,01,14016363369500822533,poiNode__ruin_lvl1_north_alpha
1276,2427,1,1,1,Ruin,,1,01,14016363369500822533,poiNode__ruin_lvl1_north_alpha
1651,2427,1,1,1,Ruin,,1,01,14016363369500822533,poiNode__ruin_lvl1_north_alpha
1689,2427,1,1,1,Ruin,,1,01,14016363369500822533,poiNode__ruin_lvl1_north_alpha
1382,2428,1,1,1,Ruin,,1,01,14016363369500822533,poiNode__ruin_lvl1_north_alpha
1414,2432,1,1,1,Ruin,,1,01,14016363369500822533,poiNode__ruin_lvl1_north_alpha
1640,2432,2,2,4,Crossing,,2,,17576595532914463501,poiNode__crossing_lvl2_alpha
1820,2432,1,1,1,Ruin,,1,01,14016363369500822533,poiNode__ruin_lvl1_north_alpha
741,2433,1,1,1,Ruin,,1,01,14016363369500822533,poiNode__ruin_lvl1_north_alpha
1481,2433,3,5,15,Bridge,,2,a414,1498553686271999927,poiNode__bridge_5hex_lvl2_alpha
1313,2434,1,1,1,Ruin,,1,01,14016363369500822533,poiNode__ruin_lvl1_north_alpha
1529,2434,2,2,4,Crossing,,2,06,17576595532914463501,poiNode__crossing_lvl2_alpha
482,2435,1,2,2,Crossing,,1,03,186484103584441603,poiNode__crossing_lvl1_alpha
539,2435,1,2,2,Crossing,,1,03,186484103584441603,poiNode__crossing_lvl1_alpha
765,2435,2,1,2,Tunnel,,1,03,4249844005830977737,poiNode__tunnel_lvl1_north_alpha
1327,2435,1,1,1,Ruin,,1,01,14016363369500822533,poiNode__ruin_lvl1_north_alpha
1632,2435,2,2,4,Crossing,,2,06,17576595532914463501,poiNode__crossing_lvl2_alpha
1755,2435,1,1,1,Ruin,,1,01,14016363369500822533,poiNode__ruin_lvl1_north_alpha
609,2436,1,1,1,Ruin,,1,01,14016363369500822533,poiNode__ruin_lvl1_north_alpha
1363,2436,3,2,6,Dragon Sanctum,,4,1e,7332369791193790217,poiNode__dragonsanctum_lv04_north_alpha
1665,2436,2,2,4,Settlement (Town),,2,0b,2031811420817545523,poiNode__town_lvl2_food_north_alpha
1303,2437,1,2,2,Crossing,,3,03,11761877450986962679,poiNode__crossing_lvl3_alpha
1440,2437,2,2,4,Tunnel,,2,,16475068238536626065,poiNode__tunnel_lvl2_north_alpha
443,2438,2,2,4,Settlement (Town),,1,0b,11983737160535221581,poiNode__town_lvl1_wood_north_alpha
1570,2438,2,2,4,Crossing,,2,06,17576595532914463501,poiNode__crossing_lvl2_alpha
613,2439,2,2,4,Crossing,,1,,186484103584441603,poiNode__crossing_lvl1_alpha
1397,2439,1,1,1,Ruin,,1,01,14016363369500822533,poiNode__ruin_lvl1_north_alpha
1016,2440,3,4,12,Bridge,,1,9402,4164891203475574860,poiNode__bridge_4hex_lvl1_alpha
1339,2440,1,2,2,Tunnel,,2,03,16475068238536626065,poiNode__tunnel_lvl2_north_alpha
1645,2440,2,2,4,Settlement (Town),,2,0b,16061776806202440392,poiNode__town_lvl2_wood_north_alpha
478,2441,2,2,4,Crossing,,1,06,186484103584441603,poiNode__crossing_lvl1_alpha
534,2441,2,2,4,Crossing,,1,06,186484103584441603,poiNode__crossing_lvl1_alpha
1294,2441,2,2,4,Crossing,,3,,11761877450986962679,poiNode__crossing_lvl3_alpha
1525,2441,2,2,4,Crossing,,2,06,17576595532914463501,poiNode__crossing_lvl2_alpha
1823,2441,1,1,1,Ruin,,1,01,14016363369500822533,poiNode__ruin_lvl1_north_alpha
855,2442,2,2,4,Crossing,,3,06,11761877450986962679,poiNode__crossing_lvl3_alpha
1420,2442,1,1,1,Ruin,,1,01,14016363369500822533,poiNode__ruin_lvl1_north_alpha
1673,2442,3,2,6,Dragon Sanctum,,1,1e,9624288521539490250,poiNode__dragonsanctum_lv01_north_alpha
617,2443,1,2,2,Crossing,,1,03,186484103584441603,poiNode__crossing_lvl1_alpha
1311,2443,1,1,1,Ruin,,1,01,14016363369500822533,poiNode__ruin_lvl1_north_alpha
1330,2444,1,1,1,Ruin,,1,01,14016363369500822533,poiNode__ruin_lvl1_north_alpha
1564,2444,1,2,2,Crossing,,2,03,17576595532914463501,poiNode__crossing_lvl2_alpha
447,2445,5,1,5,Bridge,,1,1f,16551278857259698617,poiNode__bridge_5hex_lvl1_alpha
848,2445,2,2,4,Crossing,,3,,11761877450986962679,poiNode__crossing_lvl3_alpha
1737,2445,2,2,4,Crossing,,2,,17576595532914463501,poiNode__crossing_lvl2_alpha
504,2446,1,1,1,Ruin,,1,01,14016363369500822533,poiNode__ruin_lvl1_north_alpha
1706,2446,1,1,1,Ruin,,1,01,14016363369500822533,poiNode__ruin_lvl1_north_alpha
1392,2447,3,3,9,Castle,,2,b700,3645493891009056158,poiNode__castle_lvl2_north_alpha
1611,2447,1,1,1,Ruin,,1,01,14016363369500822533,poiNode__ruin_lvl1_north_alpha
1444,2448,2,1,2,Tunnel,,2,03,16475068238536626065,poiNode__tunnel_lvl2_north_alpha
1167,2449,1,1,1,Ruin,,1,01,14016363369500822533,poiNode__ruin_lvl1_north_alpha
1347,2450,2,1,2,Tunnel,,2,03,16475068238536626065,poiNode__tunnel_lvl2_north_alpha
1789,2451,2,2,4,Settlement (Town),,2,07,2031811420817545523,poiNode__town_lvl2_food_north_alpha
854,2452,2,2,4,Crossing,,3,,11761877450986962679,poiNode__crossing_lvl3_alpha
1121,2452,1,1,1,Ruin,,1,01,14016363369500822533,poiNode__ruin_lvl1_north_alpha
1387,2452,1,1,1,Ruin,,1,01,14016363369500822533,poiNode__ruin_lvl1_north_alpha
1599,2452,1,1,1,Ruin,,1,01,14016363369500822533,poiNode__ruin_lvl1_north_alpha
1624,2452,1,1,1,Ruin,,1,01,14016363369500822533,poiNode__ruin_lvl1_north_alpha
1056,2453,1,1,1,Ruin,,1,01,14016363369500822533,poiNode__ruin_lvl1_north_alpha
1308,2453,2,2,4,Settlement (Town),,2,07,16061776806202440392,poiNode__town_lvl2_wood_north_alpha
1315,2453,1,1,1,Ruin,,1,01,14016363369500822533,poiNode__ruin_lvl1_north_alpha
1683,2453,1,1,1,Ruin,,1,01,14016363369500822533,poiNode__ruin_lvl1_north_alpha
1737,2453,2,2,4,Crossing,,2,06,17576595532914463501,poiNode__crossing_lvl2_alpha
738,2454,2,2,4,Settlement (Town),,1,0b,11983737160535221581,poiNode__town_lvl1_wood_north_alpha
1670,2455,1,1,1,Ruin,,1,01,14016363369500822533,poiNode__ruin_lvl1_north_alpha
1336,2456,1,1,1,Ruin,,1,01,14016363369500822533,poiNode__ruin_lvl1_north_alpha
1479,2457,1,1,1,Ruin,,1,01,14016363369500822533,poiNode__ruin_lvl1_north_alpha
1693,2457,3,5,15,Bridge,,2,9148,1498553686271999927,poiNode__bridge_5hex_lvl2_alpha
1758,2457,3,3,9,Castle,,2,b700,3645493891009056158,poiNode__castle_lvl2_north_alpha
577,2458,3,4,12,Bridge,,1,9402,4164891203475574860,poiNode__bridge_4hex_lvl1_alpha
1457,2458,1,1,1,Ruin,,1,01,14016363369500822533,poiNode__ruin_lvl1_north_alpha
1815,2458,1,1,1,Ruin,,1,01,14016363369500822533,poiNode__ruin_lvl1_north_alpha
1615,2459,1,1,1,Ruin,,1,01,14016363369500822533,poiNode__ruin_lvl1_north_alpha
1752,2460,1,1,1,Ruin,,1,01,14016363369500822533,poiNode__ruin_lvl1_north_alpha
1604,2462,1,1,1,Ruin,,1,01,14016363369500822533,poiNode__ruin_lvl1_north_alpha
995,2464,3,5,15,Bridge,,3,8944,4908333263510868557,poiNode__bridge_5hex_lvl3_alpha
1318,2464,1,1,1,Ruin,,1,01,14016363369500822533,poiNode__ruin_lvl1_north_alpha
388,2465,1,1,1,Ruin,,1,01,14016363369500822533,poiNode__ruin_lvl1_north_alpha
1195,2465,2,2,4,Settlement (Town),,1,07,7249207862318925494,poiNode__town_lvl1_food_north_alpha
1335,2465,2,2,4,Settlement (Town),,2,07,11324976608404560005,poiNode__town_lvl2_stone_north_alpha
1505,2465,4,3,12,Seat of Power,Thornridge,,fe0e,16885237831178459973,poiNode__sop_Thornridge_alpha
527,2466,1,1,1,Ruin,,1,01,14016363369500822533,poiNode__ruin_lvl1_north_alpha
1482,2467,1,1,1,Ruin,,1,01,14016363369500822533,poiNode__ruin_lvl1_north_alpha
1616,2469,1,1,1,Ruin,,1,01,14016363369500822533,poiNode__ruin_lvl1_north_alpha
705,2470,3,3,9,Castle,,1,9f00,17063625225768839878,poiNode__castle_lvl1_north_alpha
1673,2470,1,1,1,Ruin,,1,01,14016363369500822533,poiNode__ruin_lvl1_north_alpha
1574,2471,2,2,4,Tunnel,,2,,16475068238536626065,poiNode__tunnel_lvl2_north_alpha
907,2472,2,2,4,Crossing,,3,06,11761877450986962679,poiNode__crossing_lvl3_alpha
1688,2472,3,3,9,Castle,,2,9f00,3645493891009056158,poiNode__castle_lvl2_north_alpha
1719,2472,1,1,1,Ruin,,1,01,14016363369500822533,poiNode__ruin_lvl1_north_alpha
874,2473,2,2,4,Settlement (Town),,1,07,11983737160535221581,poiNode__town_lvl1_wood_north_alpha
1272,2474,3,5,15,Bridge,,4,8944,8396285631970188416,poiNode__bridge_5hex_lvl4_alpha
1129,2475,1,1,1,Ruin,,1,01,14016363369500822533,poiNode__ruin_lvl1_north_alpha
1694,2475,1,1,1,Ruin,,1,01,14016363369500822533,poiNode__ruin_lvl1_north_alpha
902,2476,1,2,2,Crossing,,3,03,11761877450986962679,poiNode__crossing_lvl3_alpha
1075,2477,2,2,4,Settlement (Town),,1,07,14067285984755744093,poiNode__town_lvl1_stone_north_alpha
1183,2477,1,1,1,Ruin,,1,01,14016363369500822533,poiNode__ruin_lvl1_north_alpha
1619,2477,4,1,4,Bridge,,2,0f,14462941546211862082,poiNode__bridge_4hex_lvl2_alpha
1307,2478,1,1,1,Ruin,,1,01,14016363369500822533,poiNode__ruin_lvl1_north_alpha
1768,2479,1,1,1,Ruin,,1,01,14016363369500822533,poiNode__ruin_lvl1_north_alpha
1537,2480,1,1,1,Ruin,,1,01,14016363369500822533,poiNode__ruin_lvl1_north_alpha
538,2481,1,1,1,Ruin,,1,01,14016363369500822533,poiNode__ruin_lvl1_north_alpha
1459,2481,1,1,1,Ruin,,1,01,14016363369500822533,poiNode__ruin_lvl1_north_alpha
829,2482,1,1,1,Ruin,,1,01,14016363369500822533,poiNode__ruin_lvl1_north_alpha
1576,2482,2,2,4,Tunnel,,2,,16475068238536626065,poiNode__tunnel_lvl2_north_alpha
938,2483,2,2,4,Crossing,,3,,11761877450986962679,poiNode__crossing_lvl3_alpha
1442,2483,1,1,1,Ruin,,1,01,14016363369500822533,poiNode__ruin_lvl1_north_alpha
1609,2483,1,1,1,Ruin,,1,01,14016363369500822533,poiNode__ruin_lvl1_north_alpha
627,2484,3,5,15,Bridge,,1,9412,16551278857259698617,poiNode__bridge_5hex_lvl1_alpha
1695,2484,1,1,1,Ruin,,1,01,14016363369500822533,poiNode__ruin_lvl1_north_alpha
1398,2485,1,1,1,Ruin,,1,01,14016363369500822533,poiNode__ruin_lvl1_north_alpha
1727,2486,1,1,1,Ruin,,1,01,14016363369500822533,poiNode__ruin_lvl1_north_alpha
469,2487,2,2,4,Settlement (Town),,1,07,14067285984755744093,poiNode__town_lvl1_stone_north_alpha
1421,2488,1,1,1,Ruin,,1,01,14016363369500822533,poiNode__ruin_lvl1_north_alpha
714,2489,1,1,1,Ruin,,1,01,14016363369500822533,poiNode__ruin_lvl1_north_alpha
1364,2489,2,2,4,Tunnel,,2,,16475068238536626065,poiNode__tunnel_lvl2_north_alpha
616,2490,1,1,1,Ruin,,1,01,14016363369500822533,poiNode__ruin_lvl1_north_alpha
1554,2491,2,2,4,Settlement (Town),,2,07,16061776806202440392,poiNode__town_lvl2_wood_north_alpha
1694,2493,1,1,1,Ruin,,1,01,14016363369500822533,poiNode__ruin_lvl1_north_alpha
1371,2494,2,2,4,Tunnel,,2,06,16475068238536626065,poiNode__tunnel_lvl2_north_alpha
1505,2494,2,1,2,Tunnel,,2,03,16475068238536626065,poiNode__tunnel_lvl2_north_alpha
558,2495,2,4,8,Bridge,,1,Z,4164891203475574860,poiNode__bridge_4hex_lvl1_alpha
719,2495,1,2,2,Crossing,,1,03,186484103584441603,poiNode__crossing_lvl1_alpha
1228,2495,1,1,1,Ruin,,1,01,14016363369500822533,poiNode__ruin_lvl1_north_alpha
1495,2495,2,2,4,Tunnel,,2,,16475068238536626065,poiNode__tunnel_lvl2_north_alpha
1563,2495,1,1,1,Ruin,,1,01,14016363369500822533,poiNode__ruin_lvl1_north_alpha
1190,2496,3,3,9,Castle,,1,9f00,17063625225768839878,poiNode__castle_lvl1_north_alpha
1304,2496,2,2,4,Crossing,,4,06,10638324116765093946,poiNode__crossing_lvl4_alpha
1331,2496,2,2,4,Settlement (Town),,2,0b,2031811420817545523,poiNode__town_lvl2_food_north_alpha
1456,2496,1,1,1,Ruin,,1,01,14016363369500822533,poiNode__ruin_lvl1_north_alpha
1020,2497,1,1,1,Ruin,,1,01,14016363369500822533,poiNode__ruin_lvl1_north_alpha
1381,2497,1,1,1,Ruin,,1,01,14016363369500822533,poiNode__ruin_lvl1_north_alpha
1098,2498,3,3,9,Castle,,1,9f00,17063625225768839878,poiNode__castle_lvl1_north_alpha
1680,2498,1,1,1,Ruin,,1,01,14016363369500822533,poiNode__ruin_lvl1_north_alpha
715,2499,2,2,4,Crossing,,1,06,186484103584441603,poiNode__crossing_lvl1_alpha
1031,2499,3,3,9,Castle,,1,b700,17063625225768839878,poiNode__castle_lvl1_north_alpha
1298,2499,2,2,4,Crossing,,4,06,10638324116765093946,poiNode__crossing_lvl4_alpha
941,2500,2,2,4,Crossing,,3,,11761877450986962679,poiNode__crossing_lvl3_alpha
1335,2500,1,1,1,Ruin,,1,01,14016363369500822533,poiNode__ruin_lvl1_north_alpha
1689,2500,1,1,1,Ruin,,1,01,14016363369500822533,poiNode__ruin_lvl1_north_alpha
1456,2502,2,2,4,Tunnel,,2,06,16475068238536626065,poiNode__tunnel_lvl2_north_alpha
1793,2502,1,1,1,Ruin,,1,01,14016363369500822533,poiNode__ruin_lvl1_north_alpha
526,2504,1,1,1,Ruin,,1,01,14016363369500822533,poiNode__ruin_lvl1_north_alpha
1327,2504,3,3,9,Castle,,2,9f00,3645493891009056158,poiNode__castle_lvl2_north_alpha
1662,2504,1,1,1,Ruin,,1,01,14016363369500822533,poiNode__ruin_lvl1_north_alpha
1511,2505,1,2,2,Tunnel,,2,03,16475068238536626065,poiNode__tunnel_lvl2_north_alpha
1537,2505,1,1,1,Ruin,,1,01,14016363369500822533,poiNode__ruin_lvl1_north_alpha
609,2508,3,5,15,Bridge,,1,9412,16551278857259698617,poiNode__bridge_5hex_lvl1_alpha
1025,2509,1,1,1,Ruin,,1,01,14016363369500822533,poiNode__ruin_lvl1_north_alpha
823,2510,3,5,15,Bridge,,3,8944,4908333263510868557,poiNode__bridge_5hex_lvl3_alpha
873,2510,2,2,4,Tunnel,,3,06,3387329098093684800,poiNode__tunnel_lvl3_north_alpha
1449,2512,1,2,2,Tunnel,,2,03,16475068238536626065,poiNode__tunnel_lvl2_north_alpha
660,2514,2,1,2,Crossing,,1,03,186484103584441603,poiNode__crossing_lvl1_alpha
1418,2514,3,2,6,Dragon Sanctum,,1,1e,9624288521539490250,poiNode__dragonsanctum_lv01_north_alpha
1291,2515,3,3,9,Castle,,1,b700,17063625225768839878,poiNode__castle_lvl1_north_alpha
1478,2515,1,1,1,Ruin,,1,01,14016363369500822533,poiNode__ruin_lvl1_north_alpha
1622,2515,1,1,1,Ruin,,1,01,14016363369500822533,poiNode__ruin_lvl1_north_alpha
747,2516,1,1,1,Ruin,,1,01,14016363369500822533,poiNode__ruin_lvl1_north_alpha
875,2516,1,2,2,Tunnel,,3,03,3387329098093684800,poiNode__tunnel_lvl3_north_alpha
1336,2516,1,1,1,Ruin,,1,01,14016363369500822533,poiNode__ruin_lvl1_north_alpha
1508,2516,2,1,2,Tunnel,,2,03,16475068238536626065,poiNode__tunnel_lvl2_north_alpha
777,2517,1,2,2,Crossing,,3,03,11761877450986962679,poiNode__crossing_lvl3_alpha
1633,2517,1,1,1,Ruin,,1,01,14016363369500822533,poiNode__ruin_lvl1_north_alpha
1718,2518,1,1,1,Ruin,,1,01,14016363369500822533,poiNode__ruin_lvl1_north_alpha
665,2519,1,2,2,Crossing,,1,03,186484103584441603,poiNode__crossing_lvl1_alpha
1404,2519,2,2,4,Settlement (Town),,2,07,16061776806202440392,poiNode__town_lvl2_wood_north_alpha
1649,2519,1,1,1,Ruin,,1,01,14016363369500822533,poiNode__ruin_lvl1_north_alpha
614,2520,1,1,1,Ruin,,1,01,14016363369500822533,poiNode__ruin_lvl1_north_alpha
427,2521,3,5,15,Bridge,,1,9148,16551278857259698617,poiNode__bridge_5hex_lvl1_alpha
766,2521,2,2,4,Crossing,,3,06,11761877450986962679,poiNode__crossing_lvl3_alpha
1369,2521,1,1,1,Ruin,,1,01,14016363369500822533,poiNode__ruin_lvl1_north_alpha
974,2522,3,5,15,Bridge,,3,9412,4908333263510868557,poiNode__bridge_5hex_lvl3_alpha
798,2523,1,1,1,Ruin,,1,01,14016363369500822533,poiNode__ruin_lvl1_north_alpha
1329,2523,1,1,1,Ruin,,1,01,14016363369500822533,poiNode__ruin_lvl1_north_alpha
1589,2523,2,2,4,Crossing,,2,,17576595532914463501,poiNode__crossing_lvl2_alpha
1416,2524,1,1,1,Ruin,,1,01,14016363369500822533,poiNode__ruin_lvl1_north_alpha
804,2525,2,2,4,Tunnel,,3,,3387329098093684800,poiNode__tunnel_lvl3_north_alpha
808,2525,1,2,2,Tunnel,,3,03,3387329098093684800,poiNode__tunnel_lvl3_north_alpha
824,2525,2,2,4,Settlement (Town),,1,07,7249207862318925494,poiNode__town_lvl1_food_north_alpha
923,2526,1,1,1,Ruin,,1,01,14016363369500822533,poiNode__ruin_lvl1_north_alpha
972,2526,3,4,12,Seat of Power,Cerwyn,,fb0d,12037554612546264778,poiNode__sop_Cerwyn_alpha
1148,2527,1,1,1,Ruin,,1,01,14016363369500822533,poiNode__ruin_lvl1_north_alpha
1721,2527,1,1,1,Ruin,,1,01,14016363369500822533,poiNode__ruin_lvl1_north_alpha
1372,2528,1,1,1,Ruin,,1,01,14016363369500822533,poiNode__ruin_lvl1_north_alpha
1440,2528,1,1,1,Ruin,,1,01,14016363369500822533,poiNode__ruin_lvl1_north_alpha
407,2529,1,1,1,Ruin,,1,01,14016363369500822533,poiNode__ruin_lvl1_north_alpha
563,2529,4,1,4,Bridge,,1,0f,4164891203475574860,poiNode__bridge_4hex_lvl1_alpha
1666,2529,1,1,1,Ruin,,1,01,14016363369500822533,poiNode__ruin_lvl1_north_alpha
1263,2530,1,1,1,Ruin,,1,01,14016363369500822533,poiNode__ruin_lvl1_north_alpha
1587,2530,1,2,2,Crossing,,2,03,17576595532914463501,poiNode__crossing_lvl2_alpha
926,2531,2,2,4,Crossing,,3,,11761877450986962679,poiNode__crossing_lvl3_alpha
1539,2531,1,1,1,Ruin,,1,01,14016363369500822533,poiNode__ruin_lvl1_north_alpha
931,2534,2,2,4,Crossing,,3,,11761877450986962679,poiNode__crossing_lvl3_alpha
1195,2535,1,1,1,Ruin,,1,01,14016363369500822533,poiNode__ruin_lvl1_north_alpha
495,2537,3,3,9,Castle,,1,b700,17063625225768839878,poiNode__castle_lvl1_north_alpha
1536,2538,2,2,4,Tunnel,,2,06,16475068238536626065,poiNode__tunnel_lvl2_north_alpha
1005,2539,1,2,2,Crossing,,3,03,11761877450986962679,poiNode__crossing_lvl3_alpha
1411,2539,1,1,1,Ruin,,1,01,14016363369500822533,poiNode__ruin_lvl1_north_alpha
1510,2539,3,5,15,Bridge,,2,9148,1498553686271999927,poiNode__bridge_5hex_lvl2_alpha
1574,2539,1,1,1,Ruin,,1,01,14016363369500822533,poiNode__ruin_lvl1_north_alpha
1216,2540,1,2,2,Crossing,,4,03,10638324116765093946,poiNode__crossing_lvl4_alpha
1519,2543,1,1,1,Ruin,,1,01,14016363369500822533,poiNode__ruin_lvl1_north_alpha
1719,2544,1,1,1,Ruin,,1,01,14016363369500822533,poiNode__ruin_lvl1_north_alpha
646,2545,3,5,15,Bridge,,1,9148,16551278857259698617,poiNode__bridge_5hex_lvl1_alpha
861,2545,1,1,1,Ruin,,1,01,14016363369500822533,poiNode__ruin_lvl1_north_alpha
1219,2545,1,2,2,Crossing,,4,03,10638324116765093946,poiNode__crossing_lvl4_alpha
1503,2545,1,1,1,Ruin,,1,01,14016363369500822533,poiNode__ruin_lvl1_north_alpha
612,2546,2,2,4,Tunnel,,1,06,4249844005830977737,poiNode__tunnel_lvl1_north_alpha
1531,2546,1,2,2,Tunnel,,2,03,16475068238536626065,poiNode__tunnel_lvl2_north_alpha
1001,2547,2,2,4,Crossing,,3,06,11761877450986962679,poiNode__crossing_lvl3_alpha
1694,2547,1,1,1,Ruin,,1,01,14016363369500822533,poiNode__ruin_lvl1_north_alpha
1429,2549,1,1,1,Ruin,,1,01,14016363369500822533,poiNode__ruin_lvl1_north_alpha
1442,2549,1,1,1,Ruin,,1,01,14016363369500822533,poiNode__ruin_lvl1_north_alpha
994,2550,1,1,1,Ruin,,1,01,14016363369500822533,poiNode__ruin_lvl1_north_alpha
1348,2552,1,1,1,Ruin,,1,01,14016363369500822533,poiNode__ruin_lvl1_north_alpha
1403,2552,1,1,1,Ruin,,1,01,14016363369500822533,poiNode__ruin_lvl1_north_alpha
606,2553,2,1,2,Tunnel,,1,03,4249844005830977737,poiNode__tunnel_lvl1_north_alpha
1316,2553,1,1,1,Ruin,,1,01,14016363369500822533,poiNode__ruin_lvl1_north_alpha
1463,2555,1,1,1,Ruin,,1,01,14016363369500822533,poiNode__ruin_lvl1_north_alpha
687,2556,3,4,12,Bridge,,1,9402,4164891203475574860,poiNode__bridge_4hex_lvl1_alpha
459,2557,2,4,8,Bridge,,1,a5,4164891203475574860,poiNode__bridge_4hex_lvl1_alpha
1470,2557,2,2,4,Settlement (Town),,2,07,2031811420817545523,poiNode__town_lvl2_food_north_alpha
1609,2557,1,1,1,Ruin,,1,01,14016363369500822533,poiNode__ruin_lvl1_north_alpha
751,2558,3,3,9,Castle,,1,9f00,17063625225768839878,poiNode__castle_lvl1_north_alpha
1377,2558,1,1,1,Ruin,,1,01,14016363369500822533,poiNode__ruin_lvl1_north_alpha
1600,2558,1,1,1,Ruin,,1,01,14016363369500822533,poiNode__ruin_lvl1_north_alpha
1672,2558,1,1,1,Ruin,,1,01,14016363369500822533,poiNode__ruin_lvl1_north_alpha
1496,2559,1,1,1,Ruin,,1,01,14016363369500822533,poiNode__ruin_lvl1_north_alpha
1028,2560,3,4,12,Bridge,,4,9402,12175700799009506677,poiNode__bridge_4hex_lvl4_alpha
1567,2564,1,1,1,Ruin,,1,01,14016363369500822533,poiNode__ruin_lvl1_north_alpha
470,2565,1,1,1,Ruin,,1,01,14016363369500822533,poiNode__ruin_lvl1_north_alpha
1488,2565,3,3,9,Castle,,2,b700,3645493891009056158,poiNode__castle_lvl2_north_alpha
1523,2565,1,1,1,Ruin,,1,01,14016363369500822533,poiNode__ruin_lvl1_north_alpha
492,2566,1,1,1,Ruin,,1,01,14016363369500822533,poiNode__ruin_lvl1_north_alpha
1558,2566,1,1,1,Ruin,,1,01,14016363369500822533,poiNode__ruin_lvl1_north_alpha
1690,2566,3,3,9,Castle,,2,9f00,3645493891009056158,poiNode__castle_lvl2_north_alpha
1128,2567,3,3,9,Castle,,1,b700,17063625225768839878,poiNode__castle_lvl1_north_alpha
840,2570,1,1,1,Ruin,,1,01,14016363369500822533,poiNode__ruin_lvl1_north_alpha
1314,2570,2,2,4,Crossing,,4,06,10638324116765093946,poiNode__crossing_lvl4_alpha
1467,2570,1,1,1,Ruin,,1,01,14016363369500822533,poiNode__ruin_lvl1_north_alpha
1440,2571,1,1,1,Ruin,,1,01,14016363369500822533,poiNode__ruin_lvl1_north_alpha
1628,2571,1,1,1,Ruin,,1,01,14016363369500822533,poiNode__ruin_lvl1_north_alpha
1705,2571,2,2,4,Settlement (Town),,2,07,16061776806202440392,poiNode__town_lvl2_wood_north_alpha
1526,2572,2,2,4,Settlement (Town),,2,0b,11324976608404560005,poiNode__town_lvl2_stone_north_alpha
456,2573,3,3,9,Castle,,1,b700,17063625225768839878,poiNode__castle_lvl1_north_alpha
1590,2575,3,3,9,Castle,,2,b700,3645493891009056158,poiNode__castle_lvl2_north_alpha
594,2577,2,4,8,Bridge,,1,a5,4164891203475574860,poiNode__bridge_4hex_lvl1_alpha
1572,2577,1,1,1,Ruin,,1,01,14016363369500822533,poiNode__ruin_lvl1_north_alpha
1310,2578,1,2,2,Crossing,,4,03,10638324116765093946,poiNode__crossing_lvl4_alpha
1420,2578,1,1,1,Ruin,,1,01,14016363369500822533,poiNode__ruin_lvl1_north_alpha
484,2579,3,5,15,Bridge,,1,a414,16551278857259698617,poiNode__bridge_5hex_lvl1_alpha
738,2580,1,1,1,Ruin,,1,01,14016363369500822533,poiNode__ruin_lvl1_north_alpha
859,2580,1,1,1,Ruin,,1,01,14016363369500822533,poiNode__ruin_lvl1_north_alpha
1725,2581,2,2,4,Settlement (Town),,2,07,1070278196290862951,poiNode__town_lvl2_iron_north_alpha
664,2582,2,2,4,Settlement (Town),,1,0b,7249207862318925494,poiNode__town_lvl1_food_north_alpha
720,2582,2,2,4,Tunnel,,1,06,4249844005830977737,poiNode__tunnel_lvl1_north_alpha
1568,2582,2,2,4,Tunnel,,2,06,16475068238536626065,poiNode__tunnel_lvl2_north_alpha
475,2584,3,4,12,Bridge,,1,9108,4164891203475574860,poiNode__bridge_4hex_lvl1_alpha
1143,2584,2,2,4,Settlement (Town),,1,0b,14067285984755744093,poiNode__town_lvl1_stone_north_alpha
627,2585,1,1,1,Ruin,,1,01,14016363369500822533,poiNode__ruin_lvl1_north_alpha
561,2586,5,1,5,Bridge,,1,1f,16551278857259698617,poiNode__bridge_5hex_lvl1_alpha
1553,2589,1,1,1,Ruin,,1,01,14016363369500822533,poiNode__ruin_lvl1_north_alpha
1603,2589,5,1,5,Bridge,,2,1f,1498553686271999927,poiNode__bridge_5hex_lvl2_alpha
719,2590,2,1,2,Tunnel,,1,03,4249844005830977737,poiNode__tunnel_lvl1_north_alpha
1108,2590,3,4,12,Bridge,,4,9402,12175700799009506677,poiNode__bridge_4hex_lvl4_alpha
1545,2590,3,3,9,Castle,,2,9f00,3645493891009056158,poiNode__castle_lvl2_north_alpha
1561,2590,1,2,2,Tunnel,,2,03,16475068238536626065,poiNode__tunnel_lvl2_north_alpha
1719,2590,1,1,1,Ruin,,1,01,14016363369500822533,poiNode__ruin_lvl1_north_alpha
1307,2591,2,2,4,Settlement (Town),,1,07,11983737160535221581,poiNode__town_lvl1_wood_north_alpha
1443,2591,2,2,4,Settlement (Town),,3,07,17762478834029834315,poiNode__town_lvl3_wood_north_alpha
851,2593,1,1,1,Ruin,,1,01,14016363369500822533,poiNode__ruin_lvl1_north_alpha
1169,2594,2,2,4,Crossing,,4,06,10638324116765093946,poiNode__crossing_lvl4_alpha
1384,2598,1,1,1,Ruin,,1,01,14016363369500822533,poiNode__ruin_lvl1_north_alpha
1511,2598,2,2,4,Settlement (Town),,2,0b,2031811420817545523,poiNode__town_lvl2_food_north_alpha
1563,2598,2,2,4,Settlement (Town),,2,0b,1070278196290862951,poiNode__town_lvl2_iron_north_alpha
570,2599,4,3,12,Seat of Power,The Rills,,fe0e,3235441821087118707,poiNode__sop_TheRills_alpha
1682,2599,1,1,1,Ruin,,1,01,14016363369500822533,poiNode__ruin_lvl1_north_alpha
1738,2599,1,1,1,Ruin,,1,01,14016363369500822533,poiNode__ruin_lvl1_north_alpha
955,2600,1,1,1,Ruin,,1,01,14016363369500822533,poiNode__ruin_lvl1_north_alpha
1702,2600,2,2,4,Settlement (Town),,2,0b,1070278196290862951,poiNode__town_lvl2_iron_north_alpha
680,2601,1,1,1,Ruin,,1,01,14016363369500822533,poiNode__ruin_lvl1_north_alpha
737,2601,2,2,4,Crossing,,1,,186484103584441603,poiNode__crossing_lvl1_alpha
790,2601,1,2,2,Crossing,,3,03,11761877450986962679,poiNode__crossing_lvl3_alpha
1003,2601,1,1,1,Ruin,,1,01,14016363369500822533,poiNode__ruin_lvl1_north_alpha
1165,2601,2,2,4,Crossing,,4,06,10638324116765093946,poiNode__crossing_lvl4_alpha
1746,2601,1,1,1,Ruin,,1,01,14016363369500822533,poiNode__ruin_lvl1_north_alpha
1499,2602,5,1,5,Bridge,,3,1f,4908333263510868557,poiNode__bridge_5hex_lvl3_alpha
1663,2602,1,1,1,Ruin,,1,01,14016363369500822533,poiNode__ruin_lvl1_north_alpha
1752,2602,2,2,4,Harbor/Dock,,1,0e,3339517120722164282,poiNode__harbor_lvl1_alpha
888,2603,2,2,4,Settlement (Town),,1,07,8534965354828882146,poiNode__town_lvl1_iron_north_alpha
1566,2603,1,1,1,Ruin,,1,01,14016363369500822533,poiNode__ruin_lvl1_north_alpha
1033,2604,3,3,9,Castle,,1,9f00,17063625225768839878,poiNode__castle_lvl1_north_alpha
1171,2605,1,2,2,Crossing,,4,03,10638324116765093946,poiNode__crossing_lvl4_alpha
1675,2605,1,1,1,Ruin,,1,01,14016363369500822533,poiNode__ruin_lvl1_north_alpha
659,2606,2,2,4,Tunnel,,1,06,4249844005830977737,poiNode__tunnel_lvl1_north_alpha
700,2606,3,3,9,Castle,,1,9f00,17063625225768839878,poiNode__castle_lvl1_north_alpha
740,2606,2,2,4,Crossing,,1,,186484103584441603,poiNode__crossing_lvl1_alpha
788,2606,1,2,2,Crossing,,3,03,11761877450986962679,poiNode__crossing_lvl3_alpha
1711,2606,1,1,1,Ruin,,1,01,14016363369500822533,poiNode__ruin_lvl1_north_alpha
652,2607,2,1,2,Tunnel,,1,03,4249844005830977737,poiNode__tunnel_lvl1_north_alpha
1687,2607,1,1,1,Ruin,,1,01,14016363369500822533,poiNode__ruin_lvl1_north_alpha
1455,2608,1,1,1,Ruin,,1,01,14016363369500822533,poiNode__ruin_lvl1_north_alpha
1376,2610,3,3,9,Castle,,3,9f00,17957650485302241871,poiNode__castle_lvl3_north_alpha
1357,2611,2,2,4,Settlement (Town),,3,07,2791528985739195876,poiNode__town_lvl3_iron_north_alpha
1620,2612,1,1,1,Ruin,,1,01,14016363369500822533,poiNode__ruin_lvl1_north_alpha
896,2614,3,3,9,Castle,,1,9f00,17063625225768839878,poiNode__castle_lvl1_north_alpha
1352,2614,1,1,1,Ruin,,1,01,14016363369500822533,poiNode__ruin_lvl1_north_alpha
1544,2614,2,2,4,Settlement (Town),,2,0b,2031811420817545523,poiNode__town_lvl2_food_north_alpha
530,2615,1,1,1,Ruin,,1,01,14016363369500822533,poiNode__ruin_lvl1_north_alpha
1563,2618,1,1,1,Ruin,,1,01,14016363369500822533,poiNode__ruin_lvl1_north_alpha
1012,2620,1,1,1,Ruin,,1,01,14016363369500822533,poiNode__ruin_lvl1_north_alpha
1627,2621,1,1,1,Ruin,,1,01,14016363369500822533,poiNode__ruin_lvl1_north_alpha
1754,2621,2,2,4,Harbor/Dock,,1,07,3339517120722164282,poiNode__harbor_lvl1_alpha
518,2622,1,1,1,Ruin,,1,01,14016363369500822533,poiNode__ruin_lvl1_north_alpha
1525,2623,1,1,1,Ruin,,1,01,14016363369500822533,poiNode__ruin_lvl1_north_alpha
779,2624,2,1,2,Crossing,,1,03,186484103584441603,poiNode__crossing_lvl1_alpha
790,2624,1,2,2,Tunnel,,1,03,4249844005830977737,poiNode__tunnel_lvl1_north_alpha
838,2624,2,2,4,Crossing,,3,06,11761877450986962679,poiNode__crossing_lvl3_alpha
1575,2625,1,1,1,Ruin,,1,01,14016363369500822533,poiNode__ruin_lvl1_north_alpha
1635,2625,3,3,9,Castle,,2,b700,3645493891009056158,poiNode__castle_lvl2_north_alpha
773,2626,1,2,2,Crossing,,1,03,186484103584441603,poiNode__crossing_lvl1_alpha
834,2626,1,2,2,Crossing,,3,03,11761877450986962679,poiNode__crossing_lvl3_alpha
638,2627,2,4,8,Bridge,,1,Z,4164891203475574860,poiNode__bridge_4hex_lvl1_alpha
796,2627,2,1,2,Tunnel,,1,03,4249844005830977737,poiNode__tunnel_lvl1_north_alpha
1651,2628,1,1,1,Ruin,,1,01,14016363369500822533,poiNode__ruin_lvl1_north_alpha
1751,2629,2,2,4,Settlement (Town),,3,07,3771084310201406384,poiNode__town_lvl3_food_north_alpha
1742,2630,1,1,1,Ruin,,1,01,14016363369500822533,poiNode__ruin_lvl1_north_alpha
518,2632,2,3,6,Bridge,,1,1a,12353644835132525818,poiNode__bridge_3hex_lvl1_alpha
946,2636,1,1,1,Ruin,,1,01,14016363369500822533,poiNode__ruin_lvl1_north_alpha
649,2637,1,1,1,Ruin,,1,01,14016363369500822533,poiNode__ruin_lvl1_north_alpha
1479,2637,1,1,1,Ruin,,1,01,14016363369500822533,poiNode__ruin_lvl1_north_alpha
1580,2637,2,2,4,Crossing,,2,,17576595532914463501,poiNode__crossing_lvl2_alpha
679,2638,1,1,1,Ruin,,1,01,14016363369500822533,poiNode__ruin_lvl1_north_alpha
1494,2638,1,1,1,Ruin,,1,01,14016363369500822533,poiNode__ruin_lvl1_north_alpha
1340,2639,1,1,1,Ruin,,1,01,14016363369500822533,poiNode__ruin_lvl1_north_alpha
1388,2639,1,1,1,Ruin,,1,01,14016363369500822533,poiNode__ruin_lvl1_north_alpha
1430,2639,1,1,1,Ruin,,1,01,14016363369500822533,poiNode__ruin_lvl1_north_alpha
1616,2639,1,1,1,Ruin,,1,01,14016363369500822533,poiNode__ruin_lvl1_north_alpha
877,2640,3,5,15,Bridge,,3,9412,4908333263510868557,poiNode__bridge_5hex_lvl3_alpha
1352,2640,1,1,1,Ruin,,1,01,14016363369500822533,poiNode__ruin_lvl1_north_alpha
1586,2640,2,2,4,Crossing,,2,,17576595532914463501,poiNode__crossing_lvl2_alpha
1210,2641,3,3,9,Castle,,1,b700,17063625225768839878,poiNode__castle_lvl1_north_alpha
915,2642,1,1,1,Ruin,,1,01,14016363369500822533,poiNode__ruin_lvl1_north_alpha
1116,2642,1,1,1,Ruin,,1,01,14016363369500822533,poiNode__ruin_lvl1_north_alpha
944,2643,3,3,9,Castle,,1,b700,17063625225768839878,poiNode__castle_lvl1_north_alpha
1699,2643,1,1,1,Ruin,,1,01,14016363369500822533,poiNode__ruin_lvl1_north_alpha
1074,2644,2,2,4,Settlement (Town),,1,0b,8534965354828882146,poiNode__town_lvl1_iron_north_alpha
1125,2644,3,5,15,Bridge,,4,8944,8396285631970188416,poiNode__bridge_5hex_lvl4_alpha
1679,2645,2,2,4,Crossing,,3,,11761877450986962679,poiNode__crossing_lvl3_alpha
734,2649,2,2,4,Tunnel,,1,,4249844005830977737,poiNode__tunnel_lvl1_north_alpha
1376,2649,2,2,4,Settlement (Town),,3,07,17762478834029834315,poiNode__town_lvl3_wood_north_alpha
1554,2649,1,1,1,Ruin,,1,01,14016363369500822533,poiNode__ruin_lvl1_north_alpha
778,2650,1,2,2,Tunnel,,1,03,4249844005830977737,poiNode__tunnel_lvl1_north_alpha
1392,2651,1,1,1,Ruin,,1,01,14016363369500822533,poiNode__ruin_lvl1_north_alpha
1466,2652,1,1,1,Ruin,,1,01,14016363369500822533,poiNode__ruin_lvl1_north_alpha
1444,2654,1,1,1,Ruin,,1,01,14016363369500822533,poiNode__ruin_lvl1_north_alpha
1559,2654,3,4,12,Bridge,,3,9402,10979979365687151544,poiNode__bridge_4hex_lvl3_alpha
1682,2655,1,2,2,Crossing,,3,03,11761877450986962679,poiNode__crossing_lvl3_alpha
781,2656,2,2,4,Tunnel,,1,,4249844005830977737,poiNode__tunnel_lvl1_north_alpha
1335,2657,1,1,1,Ruin,,1,01,14016363369500822533,poiNode__ruin_lvl1_north_alpha
1526,2657,1,1,1,Ruin,,1,01,14016363369500822533,poiNode__ruin_lvl1_north_alpha
648,2661,3,3,9,Castle,,1,b700,17063625225768839878,poiNode__castle_lvl1_north_alpha
1643,2661,2,2,4,Settlement (Town),,2,07,2031811420817545523,poiNode__town_lvl2_food_north_alpha
800,2662,1,1,1,Ruin,,1,01,14016363369500822533,poiNode__ruin_lvl1_north_alpha
738,2664,2,2,4,Tunnel,,1,06,4249844005830977737,poiNode__tunnel_lvl1_north_alpha
1547,2664,1,1,1,Ruin,,1,01,14016363369500822533,poiNode__ruin_lvl1_north_alpha
731,2667,2,2,4,Tunnel,,1,,4249844005830977737,poiNode__tunnel_lvl1_north_alpha
1676,2667,1,1,1,Ruin,,1,01,14016363369500822533,poiNode__ruin_lvl1_north_alpha
1565,2668,1,1,1,Ruin,,1,01,14016363369500822533,poiNode__ruin_lvl1_north_alpha
1431,2670,1,1,1,Ruin,,1,01,14016363369500822533,poiNode__ruin_lvl1_north_alpha
658,2671,4,1,4,Bridge,,1,0f,4164891203475574860,poiNode__bridge_4hex_lvl1_alpha
1639,2672,1,1,1,Ruin,,1,01,14016363369500822533,poiNode__ruin_lvl1_north_alpha
1746,2673,2,2,4,Crossing,,3,,11761877450986962679,poiNode__crossing_lvl3_alpha
1698,2675,2,2,4,Settlement (Town),,3,07,2976171323761262292,poiNode__town_lvl3_stone_north_alpha
1626,2676,1,2,2,Crossing,,3,03,11761877450986962679,poiNode__crossing_lvl3_alpha
1411,2677,1,1,1,Ruin,,1,01,14016363369500822533,poiNode__ruin_lvl1_north_alpha
1401,2678,1,1,1,Ruin,,1,01,14016363369500822533,poiNode__ruin_lvl1_north_alpha
1713,2679,1,1,1,Ruin,,1,01,14016363369500822533,poiNode__ruin_lvl1_north_alpha
1386,2683,2,2,4,Settlement (Town),,3,07,2976171323761262292,poiNode__town_lvl3_stone_north_alpha
1620,2683,2,2,4,Crossing,,3,06,11761877450986962679,poiNode__crossing_lvl3_alpha
1748,2683,1,2,2,Crossing,,3,03,11761877450986962679,poiNode__crossing_lvl3_alpha
1689,2685,1,1,1,Ruin,,1,01,14016363369500822533,poiNode__ruin_lvl1_north_alpha
856,2686,1,1,1,Ruin,,1,01,14016363369500822533,poiNode__ruin_lvl1_north_alpha
1630,2686,2,2,4,Crossing,,3,,11761877450986962679,poiNode__crossing_lvl3_alpha
1134,2687,8,5,40,Great House Capital,Winterfell,,7efe7f7e0c,17444150850093668261,poiNode__capital_Winterfell_bravo
1367,2688,2,2,4,Crossing,,4,06,10638324116765093946,poiNode__crossing_lvl4_alpha
1590,2692,1,1,1,Ruin,,1,01,14016363369500822533,poiNode__ruin_lvl1_north_alpha
1017,2693,1,1,1,Ruin,,1,01,14016363369500822533,poiNode__ruin_lvl1_north_alpha
628,2697,1,1,1,Ruin,,1,01,14016363369500822533,poiNode__ruin_lvl1_north_alpha
972,2697,1,1,1,Ruin,,1,01,14016363369500822533,poiNode__ruin_lvl1_north_alpha
1847,2697,1,1,1,Ruin,,1,01,14016363369500822533,poiNode__ruin_lvl1_north_alpha
1063,2699,1,1,1,Ruin,,1,01,14016363369500822533,poiNode__ruin_lvl1_north_alpha
1073,2699,5,1,5,Bridge,,4,1f,8396285631970188416,poiNode__bridge_5hex_lvl4_alpha
1360,2699,2,2,4,Crossing,,4,06,10638324116765093946,poiNode__crossing_lvl4_alpha
1595,2700,1,1,1,Ruin,,1,01,14016363369500822533,poiNode__ruin_lvl1_north_alpha
795,2702,1,1,1,Ruin,,1,01,14016363369500822533,poiNode__ruin_lvl1_north_alpha
850,2702,3,3,9,Castle,,1,9f00,17063625225768839878,poiNode__castle_lvl1_north_alpha
1573,2702,1,1,1,Ruin,,1,01,14016363369500822533,poiNode__ruin_lvl1_north_alpha
1399,2705,1,1,1,Ruin,,1,01,14016363369500822533,poiNode__ruin_lvl1_north_alpha
1698,2705,1,1,1,Ruin,,1,01,14016363369500822533,poiNode__ruin_lvl1_north_alpha
1519,2706,1,1,1,Ruin,,1,01,14016363369500822533,poiNode__ruin_lvl1_north_alpha
1839,2707,2,2,4,Settlement (Town),,2,07,11324976608404560005,poiNode__town_lvl2_stone_north_alpha
648,2708,2,2,4,Settlement (Town),,1,0b,14067285984755744093,poiNode__town_lvl1_stone_north_alpha
1360,2708,1,1,1,Ruin,,1,01,14016363369500822533,poiNode__ruin_lvl1_north_alpha
1524,2711,3,3,9,Castle,,3,b700,17957650485302241871,poiNode__castle_lvl3_north_alpha
1588,2712,4,3,12,Seat of Power,Dreadfort,,f707,7599712195923877257,poiNode__sop_Dreadfort_alpha
1681,2715,1,1,1,Ruin,,1,01,14016363369500822533,poiNode__ruin_lvl1_north_alpha
1099,2716,1,1,1,Ruin,,1,01,14016363369500822533,poiNode__ruin_lvl1_north_alpha
1436,2721,1,1,1,Ruin,,1,01,14016363369500822533,poiNode__ruin_lvl1_north_alpha
1711,2723,1,1,1,Ruin,,1,01,14016363369500822533,poiNode__ruin_lvl1_north_alpha
1554,2724,1,1,1,Ruin,,1,01,14016363369500822533,poiNode__ruin_lvl1_north_alpha
1401,2725,3,3,9,Castle,,3,b700,17957650485302241871,poiNode__castle_lvl3_north_alpha
1051,2726,1,2,2,Crossing,,4,03,10638324116765093946,poiNode__crossing_lvl4_alpha
1645,2727,1,1,1,Ruin,,1,01,14016363369500822533,poiNode__ruin_lvl1_north_alpha
1574,2728,3,4,12,Bridge,,3,9108,10979979365687151544,poiNode__bridge_4hex_lvl3_alpha
1056,2730,2,2,4,Crossing,,4,,10638324116765093946,poiNode__crossing_lvl4_alpha
1237,2730,2,2,4,Settlement (Town),,1,0b,8534965354828882146,poiNode__town_lvl1_iron_north_alpha
1527,2731,1,1,1,Ruin,,1,01,14016363369500822533,poiNode__ruin_lvl1_north_alpha
1670,2732,1,1,1,Ruin,,1,01,14016363369500822533,poiNode__ruin_lvl1_north_alpha
1711,2733,2,2,4,Crossing,,3,,11761877450986962679,poiNode__crossing_lvl3_alpha
1763,2735,2,2,4,Dragon Sanctum,,1,0f,9624288521539490250,poiNode__dragonsanctum_lv01_north_alpha
701,2736,1,1,1,Ruin,,1,01,14016363369500822533,poiNode__ruin_lvl1_north_alpha
1817,2738,1,1,1,Ruin,,1,01,14016363369500822533,poiNode__ruin_lvl1_north_alpha
672,2739,1,2,2,Crossing,,1,03,186484103584441603,poiNode__crossing_lvl1_alpha
995,2739,1,1,1,Ruin,,1,01,14016363369500822533,poiNode__ruin_lvl1_north_alpha
748,2740,1,1,1,Ruin,,1,01,14016363369500822533,poiNode__ruin_lvl1_north_alpha
1623,2740,1,1,1,Ruin,,1,01,14016363369500822533,poiNode__ruin_lvl1_north_alpha
1086,2742,1,1,1,Ruin,,1,01,14016363369500822533,poiNode__ruin_lvl1_north_alpha
1716,2742,2,2,4,Crossing,,3,,11761877450986962679,poiNode__crossing_lvl3_alpha
665,2743,2,2,4,Crossing,,1,06,186484103584441603,poiNode__crossing_lvl1_alpha
636,2747,2,2,4,Settlement (Town),,1,07,8534965354828882146,poiNode__town_lvl1_iron_north_alpha
1017,2747,1,1,1,Ruin,,1,01,14016363369500822533,poiNode__ruin_lvl1_north_alpha
1628,2748,2,2,4,Settlement (Town),,3,0b,2976171323761262292,poiNode__town_lvl3_stone_north_alpha
1337,2749,1,1,1,Ruin,,1,01,14016363369500822533,poiNode__ruin_lvl1_north_alpha
1523,2750,1,2,2,Crossing,,3,03,11761877450986962679,poiNode__crossing_lvl3_alpha
1414,2752,1,1,1,Ruin,,1,01,14016363369500822533,poiNode__ruin_lvl1_north_alpha
1616,2752,1,1,1,Ruin,,1,01,14016363369500822533,poiNode__ruin_lvl1_north_alpha
1772,2752,1,1,1,Ruin,,1,01,14016363369500822533,poiNode__ruin_lvl1_north_alpha
985,2753,1,1,1,Ruin,,1,01,14016363369500822533,poiNode__ruin_lvl1_north_alpha
1526,2754,2,2,4,Crossing,,3,,11761877450986962679,poiNode__crossing_lvl3_alpha
1344,2755,1,1,1,Ruin,,1,01,14016363369500822533,poiNode__ruin_lvl1_north_alpha
1581,2755,1,1,1,Ruin,,1,01,14016363369500822533,poiNode__ruin_lvl1_north_alpha
1228,2757,1,1,1,Ruin,,1,01,14016363369500822533,poiNode__ruin_lvl1_north_alpha
926,2758,3,3,9,Castle,,1,9f00,17063625225768839878,poiNode__castle_lvl1_north_alpha
1035,2762,1,1,1,Ruin,,1,01,14016363369500822533,poiNode__ruin_lvl1_north_alpha
1685,2762,1,1,1,Ruin,,1,01,14016363369500822533,poiNode__ruin_lvl1_north_alpha
875,2763,1,1,1,Ruin,,1,01,14016363369500822533,poiNode__ruin_lvl1_north_alpha
1748,2765,3,3,9,Castle,,2,b700,3645493891009056158,poiNode__castle_lvl2_north_alpha
1974,2766,1,1,1,Ruin,,1,01,14016363369500822533,poiNode__ruin_lvl1_north_alpha
1370,2767,2,2,4,Crossing,,4,,10638324116765093946,poiNode__crossing_lvl4_alpha
1013,2769,3,4,12,Bridge,,1,9108,4164891203475574860,poiNode__bridge_4hex_lvl1_alpha
1171,2769,1,2,2,Tunnel,,4,03,15756936801969950218,poiNode__tunnel_lvl4_north_alpha
1843,2769,1,1,1,Ruin,,1,01,14016363369500822533,poiNode__ruin_lvl1_north_alpha
1389,2771,1,1,1,Ruin,,1,01,14016363369500822533,poiNode__ruin_lvl1_north_alpha
1429,2771,1,2,2,Crossing,,3,03,11761877450986962679,poiNode__crossing_lvl3_alpha
1535,2771,1,1,1,Ruin,,1,01,14016363369500822533,poiNode__ruin_lvl1_north_alpha
1830,2771,1,1,1,Ruin,,1,01,14016363369500822533,poiNode__ruin_lvl1_north_alpha
1374,2772,2,2,4,Crossing,,4,,10638324116765093946,poiNode__crossing_lvl4_alpha
1460,2772,1,2,2,Tunnel,,3,03,3387329098093684800,poiNode__tunnel_lvl3_north_alpha
1466,2772,2,2,4,Tunnel,,3,06,3387329098093684800,poiNode__tunnel_lvl3_north_alpha
1625,2772,1,1,1,Ruin,,1,01,14016363369500822533,poiNode__ruin_lvl1_north_alpha
1488,2773,1,1,1,Ruin,,1,01,14016363369500822533,poiNode__ruin_lvl1_north_alpha
1877,2773,1,1,1,Ruin,,1,01,14016363369500822533,poiNode__ruin_lvl1_north_alpha
1410,2774,1,1,1,Ruin,,1,01,14016363369500822533,poiNode__ruin_lvl1_north_alpha
653,2775,3,5,15,Bridge,,1,a414,16551278857259698617,poiNode__bridge_5hex_lvl1_alpha
1398,2776,1,1,1,Ruin,,1,01,14016363369500822533,poiNode__ruin_lvl1_north_alpha
1426,2777,2,2,4,Crossing,,3,06,11761877450986962679,poiNode__crossing_lvl3_alpha
1751,2777,1,1,1,Ruin,,1,01,14016363369500822533,poiNode__ruin_lvl1_north_alpha
1167,2778,2,1,2,Tunnel,,4,03,15756936801969950218,poiNode__tunnel_lvl4_north_alpha
1498,2780,2,2,4,Settlement (Town),,3,0b,2791528985739195876,poiNode__town_lvl3_iron_north_alpha
1861,2780,2,2,4,Settlement (Town),,2,0b,1070278196290862951,poiNode__town_lvl2_iron_north_alpha
1421,2781,1,1,1,Ruin,,1,01,14016363369500822533,poiNode__ruin_lvl1_north_alpha
1539,2781,1,1,1,Ruin,,1,01,14016363369500822533,poiNode__ruin_lvl1_north_alpha
1412,2782,2,2,4,Settlement (Town),,3,0b,17762478834029834315,poiNode__town_lvl3_wood_north_alpha
1389,2783,1,1,1,Ruin,,1,01,14016363369500822533,poiNode__ruin_lvl1_north_alpha
1432,2783,1,1,1,Ruin,,1,01,14016363369500822533,poiNode__ruin_lvl1_north_alpha
1851,2784,1,1,1,Ruin,,1,01,14016363369500822533,poiNode__ruin_lvl1_north_alpha
691,2785,3,5,15,Bridge,,1,a414,16551278857259698617,poiNode__bridge_5hex_lvl1_alpha
1079,2785,1,1,1,Ruin,,1,01,14016363369500822533,poiNode__ruin_lvl1_north_alpha
1606,2785,2,2,4,Settlement (Town),,3,07,2791528985739195876,poiNode__town_lvl3_iron_north_alpha
1687,2785,2,2,4,Settlement (Town),,3,07,2791528985739195876,poiNode__town_lvl3_iron_north_alpha
651,2786,1,2,2,Crossing,,1,03,186484103584441603,poiNode__crossing_lvl1_alpha
912,2787,1,1,1,Ruin,,1,01,14016363369500822533,poiNode__ruin_lvl1_north_alpha
926,2788,2,2,4,Settlement (Town),,1,0b,11983737160535221581,poiNode__town_lvl1_wood_north_alpha
985,2788,2,3,6,Bridge,,1,),12353644835132525818,poiNode__bridge_3hex_lvl1_alpha
1443,2789,1,1,1,Ruin,,1,01,14016363369500822533,poiNode__ruin_lvl1_north_alpha
654,2792,2,2,4,Crossing,,1,,186484103584441603,poiNode__crossing_lvl1_alpha
1872,2792,1,1,1,Ruin,,1,01,14016363369500822533,poiNode__ruin_lvl1_north_alpha
1509,2793,3,3,9,Castle,,3,b700,17957650485302241871,poiNode__castle_lvl3_north_alpha
1384,2795,1,1,1,Ruin,,1,01,14016363369500822533,poiNode__ruin_lvl1_north_alpha
1407,2795,1,1,1,Ruin,,1,01,14016363369500822533,poiNode__ruin_lvl1_north_alpha
922,2796,3,4,12,Bridge,,1,9108,4164891203475574860,poiNode__bridge_4hex_lvl1_alpha
776,2797,1,1,1,Ruin,,1,01,14016363369500822533,poiNode__ruin_lvl1_north_alpha
1833,2797,1,1,1,Ruin,,1,01,14016363369500822533,poiNode__ruin_lvl1_north_alpha
801,2801,1,1,1,Ruin,,1,01,14016363369500822533,poiNode__ruin_lvl1_north_alpha
1388,2801,2,2,4,Settlement (Town),,3,07,17762478834029834315,poiNode__town_lvl3_wood_north_alpha
1447,2801,1,1,1,Ruin,,1,01,14016363369500822533,poiNode__ruin_lvl1_north_alpha
1056,2803,1,1,1,Ruin,,1,01,14016363369500822533,poiNode__ruin_lvl1_north_alpha
1586,2803,1,1,1,Ruin,,1,01,14016363369500822533,poiNode__ruin_lvl1_north_alpha
1722,2803,2,2,4,Settlement (Town),,2,07,2031811420817545523,poiNode__town_lvl2_food_north_alpha
1421,2804,1,1,1,Ruin,,1,01,14016363369500822533,poiNode__ruin_lvl1_north_alpha
1685,2805,1,1,1,Ruin,,1,01,14016363369500822533,poiNode__ruin_lvl1_north_alpha
1837,2806,1,1,1,Ruin,,1,01,14016363369500822533,poiNode__ruin_lvl1_north_alpha
1014,2809,5,1,5,Bridge,,1,1f,16551278857259698617,poiNode__bridge_5hex_lvl1_alpha
1028,2809,2,2,4,Settlement (Town),,1,07,11983737160535221581,poiNode__town_lvl1_wood_north_alpha
1408,2809,2,2,4,Settlement (Town),,3,07,2791528985739195876,poiNode__town_lvl3_iron_north_alpha
860,2810,3,5,15,Bridge,,1,9412,16551278857259698617,poiNode__bridge_5hex_lvl1_alpha
1398,2810,3,3,9,Castle,,3,9f00,17957650485302241871,poiNode__castle_lvl3_north_alpha
1659,2810,1,1,1,Ruin,,1,01,14016363369500822533,poiNode__ruin_lvl1_north_alpha
1700,2810,1,2,2,Crossing,,3,03,11761877450986962679,poiNode__crossing_lvl3_alpha
1936,2810,1,1,1,Ruin,,1,01,14016363369500822533,poiNode__ruin_lvl1_north_alpha
1572,2813,1,1,1,Ruin,,1,01,14016363369500822533,poiNode__ruin_lvl1_north_alpha
1463,2814,3,5,15,Bridge,,3,8944,4908333263510868557,poiNode__bridge_5hex_lvl3_alpha
1702,2816,2,2,4,Crossing,,3,,11761877450986962679,poiNode__crossing_lvl3_alpha
1322,2819,2,2,4,Settlement (Town),,1,07,11983737160535221581,poiNode__town_lvl1_wood_north_alpha
1664,2821,3,3,9,Castle,,3,b700,17957650485302241871,poiNode__castle_lvl3_north_alpha
1466,2822,1,1,1,Ruin,,1,01,14016363369500822533,poiNode__ruin_lvl1_north_alpha
1770,2822,3,2,6,Dragon Sanctum,,4,1e,7332369791193790217,poiNode__dragonsanctum_lv04_north_alpha
1847,2822,1,1,1,Ruin,,1,01,14016363369500822533,poiNode__ruin_lvl1_north_alpha
1891,2823,1,1,1,Ruin,,1,01,14016363369500822533,poiNode__ruin_lvl1_north_alpha
1451,2825,1,1,1,Ruin,,1,01,14016363369500822533,poiNode__ruin_lvl1_north_alpha
1817,2825,3,3,9,Castle,,2,b700,3645493891009056158,poiNode__castle_lvl2_north_alpha
1483,2827,2,2,4,Crossing,,3,06,11761877450986962679,poiNode__crossing_lvl3_alpha
1487,2827,1,2,2,Crossing,,3,03,11761877450986962679,poiNode__crossing_lvl3_alpha
1407,2828,1,1,1,Ruin,,1,01,14016363369500822533,poiNode__ruin_lvl1_north_alpha
1921,2828,1,1,1,Ruin,,1,01,14016363369500822533,poiNode__ruin_lvl1_north_alpha
832,2829,3,3,9,Castle,,1,b700,17063625225768839878,poiNode__castle_lvl1_north_alpha
1418,2829,1,1,1,Ruin,,1,01,14016363369500822533,poiNode__ruin_lvl1_north_alpha
1476,2830,1,1,1,Ruin,,1,01,14016363369500822533,poiNode__ruin_lvl1_north_alpha
1498,2830,3,4,12,Bridge,,3,9402,10979979365687151544,poiNode__bridge_4hex_lvl3_alpha
1109,2831,1,1,1,Ruin,,1,01,14016363369500822533,poiNode__ruin_lvl1_north_alpha
1555,2831,1,1,1,Ruin,,1,01,14016363369500822533,poiNode__ruin_lvl1_north_alpha
1189,2832,2,2,4,Tunnel,,4,06,15756936801969950218,poiNode__tunnel_lvl4_north_alpha
1935,2832,1,1,1,Ruin,,1,01,14016363369500822533,poiNode__ruin_lvl1_north_alpha
1183,2833,2,2,4,Tunnel,,4,,15756936801969950218,poiNode__tunnel_lvl4_north_alpha
1412,2834,2,2,4,Settlement (Town),,3,0b,3771084310201406384,poiNode__town_lvl3_food_north_alpha
1502,2835,2,2,4,Settlement (Town),,3,07,17762478834029834315,poiNode__town_lvl3_wood_north_alpha
1739,2835,1,1,1,Ruin,,1,01,14016363369500822533,poiNode__ruin_lvl1_north_alpha
1711,2836,1,1,1,Ruin,,1,01,14016363369500822533,poiNode__ruin_lvl1_north_alpha
1275,2837,3,3,9,Castle,,1,b700,17063625225768839878,poiNode__castle_lvl1_north_alpha
1877,2837,1,1,1,Ruin,,1,01,14016363369500822533,poiNode__ruin_lvl1_north_alpha
724,2840,3,4,12,Bridge,,1,9402,4164891203475574860,poiNode__bridge_4hex_lvl1_alpha
1053,2844,2,2,4,Settlement (Town),,1,0b,7249207862318925494,poiNode__town_lvl1_food_north_alpha
1398,2844,1,1,1,Ruin,,1,01,14016363369500822533,poiNode__ruin_lvl1_north_alpha
1475,2845,3,3,9,Castle,,3,b700,17957650485302241871,poiNode__castle_lvl3_north_alpha
1831,2846,1,1,1,Ruin,,1,01,14016363369500822533,poiNode__ruin_lvl1_north_alpha
881,2847,1,1,1,Ruin,,1,01,14016363369500822533,poiNode__ruin_lvl1_north_alpha
1454,2847,1,2,2,Crossing,,3,03,11761877450986962679,poiNode__crossing_lvl3_alpha
1743,2848,1,1,1,Ruin,,1,01,14016363369500822533,poiNode__ruin_lvl1_north_alpha
1956,2848,1,1,1,Ruin,,1,01,14016363369500822533,poiNode__ruin_lvl1_north_alpha
1389,2849,1,2,2,Crossing,,3,03,11761877450986962679,poiNode__crossing_lvl3_alpha
1437,2849,1,1,1,Ruin,,1,01,14016363369500822533,poiNode__ruin_lvl1_north_alpha
1448,2849,2,2,4,Crossing,,3,06,11761877450986962679,poiNode__crossing_lvl3_alpha
1528,2850,1,1,1,Ruin,,1,01,14016363369500822533,poiNode__ruin_lvl1_north_alpha
1469,2851,1,1,1,Ruin,,1,01,14016363369500822533,poiNode__ruin_lvl1_north_alpha
1646,2851,1,1,1,Ruin,,1,01,14016363369500822533,poiNode__ruin_lvl1_north_alpha
1755,2852,3,3,9,Castle,,2,9f00,3645493891009056158,poiNode__castle_lvl2_north_alpha
1379,2853,2,2,4,Crossing,,3,06,11761877450986962679,poiNode__crossing_lvl3_alpha
1068,2854,3,3,9,Castle,,1,9f00,17063625225768839878,poiNode__castle_lvl1_north_alpha
1091,2857,1,1,1,Ruin,,1,01,14016363369500822533,poiNode__ruin_lvl1_north_alpha
1416,2857,1,1,1,Ruin,,1,01,14016363369500822533,poiNode__ruin_lvl1_north_alpha
1440,2858,1,1,1,Ruin,,1,01,14016363369500822533,poiNode__ruin_lvl1_north_alpha
1682,2859,1,1,1,Ruin,,1,01,14016363369500822533,poiNode__ruin_lvl1_north_alpha
1594,2862,2,2,4,Crossing,,3,06,11761877450986962679,poiNode__crossing_lvl3_alpha
1564,2863,2,4,8,Bridge,,3,a5,10979979365687151544,poiNode__bridge_4hex_lvl3_alpha
1878,2863,4,3,12,Seat of Power,Karhold,,fe0e,13068040282590357636,poiNode__sop_Karhold_alpha
1356,2864,1,1,1,Ruin,,1,01,14016363369500822533,poiNode__ruin_lvl1_north_alpha
1894,2864,1,1,1,Ruin,,1,01,14016363369500822533,poiNode__ruin_lvl1_north_alpha
1191,2865,2,2,4,Tunnel,,4,,15756936801969950218,poiNode__tunnel_lvl4_north_alpha
1572,2865,1,1,1,Ruin,,1,01,14016363369500822533,poiNode__ruin_lvl1_north_alpha
1202,2866,2,2,4,Tunnel,,4,06,15756936801969950218,poiNode__tunnel_lvl4_north_alpha
1428,2866,1,1,1,Ruin,,1,01,14016363369500822533,poiNode__ruin_lvl1_north_alpha
1511,2866,5,1,5,Bridge,,3,1f,4908333263510868557,poiNode__bridge_5hex_lvl3_alpha
1763,2866,1,1,1,Ruin,,1,01,14016363369500822533,poiNode__ruin_lvl1_north_alpha
1497,2868,4,1,4,Bridge,,3,0f,10979979365687151544,poiNode__bridge_4hex_lvl3_alpha
1534,2868,1,1,1,Ruin,,1,01,14016363369500822533,poiNode__ruin_lvl1_north_alpha
1004,2869,2,2,4,Crossing,,1,06,186484103584441603,poiNode__crossing_lvl1_alpha
1885,2869,1,2,2,Crossing,,2,03,17576595532914463501,poiNode__crossing_lvl2_alpha
679,2870,5,1,5,Bridge,,1,1f,16551278857259698617,poiNode__bridge_5hex_lvl1_alpha
1134,2870,2,2,4,Tunnel,,4,06,15756936801969950218,poiNode__tunnel_lvl4_north_alpha
1591,2870,1,2,2,Crossing,,3,03,11761877450986962679,poiNode__crossing_lvl3_alpha
922,2871,1,1,1,Ruin,,1,01,14016363369500822533,poiNode__ruin_lvl1_north_alpha
1666,2871,1,1,1,Ruin,,1,01,14016363369500822533,poiNode__ruin_lvl1_north_alpha
1705,2871,1,1,1,Ruin,,1,01,14016363369500822533,poiNode__ruin_lvl1_north_alpha
1011,2872,2,2,4,Crossing,,1,,186484103584441603,poiNode__crossing_lvl1_alpha
1769,2873,2,2,4,Settlement (Town),,2,07,16061776806202440392,poiNode__town_lvl2_wood_north_alpha
1646,2875,2,4,8,Bridge,,3,a5,10979979365687151544,poiNode__bridge_4hex_lvl3_alpha
1828,2875,1,1,1,Ruin,,1,01,14016363369500822533,poiNode__ruin_lvl1_north_alpha
1469,2876,4,3,12,Seat of Power,Crestfall,,f707,9886716023181558142,poiNode__sop_Crestfall_alpha
888,2877,4,3,12,Seat of Power,Deepwood Motte,,fe0e,12633439416284261090,poiNode__sop_DeepwoodMotte_alpha
1021,2880,2,2,4,Tunnel,,1,06,4249844005830977737,poiNode__tunnel_lvl1_north_alpha
1134,2880,2,2,4,Tunnel,,4,,15756936801969950218,poiNode__tunnel_lvl4_north_alpha
1659,2881,1,1,1,Ruin,,1,01,14016363369500822533,poiNode__ruin_lvl1_north_alpha
1404,2883,1,1,1,Ruin,,1,01,14016363369500822533,poiNode__ruin_lvl1_north_alpha
1704,2883,2,2,4,Settlement (Town),,2,07,1070278196290862951,poiNode__town_lvl2_iron_north_alpha
1519,2884,1,1,1,Ruin,,1,01,14016363369500822533,poiNode__ruin_lvl1_north_alpha
1534,2884,1,2,2,Crossing,,3,03,11761877450986962679,poiNode__crossing_lvl3_alpha
1560,2884,1,1,1,Ruin,,1,01,14016363369500822533,poiNode__ruin_lvl1_north_alpha
1795,2884,2,2,4,Settlement (Town),,2,0b,16061776806202440392,poiNode__town_lvl2_wood_north_alpha
1485,2885,2,4,8,Bridge,,3,a5,10979979365687151544,poiNode__bridge_4hex_lvl3_alpha
1576,2886,2,2,4,Settlement (Town),,3,0b,2976171323761262292,poiNode__town_lvl3_stone_north_alpha
1022,2887,2,2,4,Tunnel,,1,06,4249844005830977737,poiNode__tunnel_lvl1_north_alpha
1059,2887,1,1,1,Ruin,,1,01,14016363369500822533,poiNode__ruin_lvl1_north_alpha
1236,2887,1,2,2,Tunnel,,4,03,15756936801969950218,poiNode__tunnel_lvl4_north_alpha
1535,2889,2,2,4,Crossing,,3,06,11761877450986962679,poiNode__crossing_lvl3_alpha
1586,2890,1,1,1,Ruin,,1,01,14016363369500822533,poiNode__ruin_lvl1_north_alpha
917,2892,3,3,9,Castle,,1,9f00,17063625225768839878,poiNode__castle_lvl1_north_alpha
1829,2893,1,1,1,Ruin,,1,01,14016363369500822533,poiNode__ruin_lvl1_north_alpha
1229,2894,2,1,2,Tunnel,,4,03,15756936801969950218,poiNode__tunnel_lvl4_north_alpha
1380,2894,1,1,1,Ruin,,1,01,14016363369500822533,poiNode__ruin_lvl1_north_alpha
1941,2894,3,3,9,Castle,,2,9f00,3645493891009056158,poiNode__castle_lvl2_north_alpha
1292,2896,1,1,1,Ruin,,1,01,14016363369500822533,poiNode__ruin_lvl1_north_alpha
1077,2897,2,2,4,Settlement (Town),,1,07,14067285984755744093,poiNode__town_lvl1_stone_north_alpha
1600,2897,2,2,4,Settlement (Town),,3,07,3771084310201406384,poiNode__town_lvl3_food_north_alpha
1420,2898,2,2,4,Settlement (Town),,3,0b,2976171323761262292,poiNode__town_lvl3_stone_north_alpha
1437,2898,3,4,12,Bridge,,3,9402,10979979365687151544,poiNode__bridge_4hex_lvl3_alpha
981,2899,2,4,8,Bridge,,1,a5,4164891203475574860,poiNode__bridge_4hex_lvl1_alpha
2012,2899,1,1,1,Ruin,,1,01,14016363369500822533,poiNode__ruin_lvl1_north_alpha
1410,2900,1,1,1,Ruin,,1,01,14016363369500822533,poiNode__ruin_lvl1_north_alpha
1517,2900,1,1,1,Ruin,,1,01,14016363369500822533,poiNode__ruin_lvl1_north_alpha
1588,2902,1,1,1,Ruin,,1,01,14016363369500822533,poiNode__ruin_lvl1_north_alpha
1792,2902,1,1,1,Ruin,,1,01,14016363369500822533,poiNode__ruin_lvl1_north_alpha
1535,2903,1,1,1,Ruin,,1,01,14016363369500822533,poiNode__ruin_lvl1_north_alpha
898,2904,1,1,1,Ruin,,1,01,14016363369500822533,poiNode__ruin_lvl1_north_alpha
2000,2904,1,1,1,Ruin,,1,01,14016363369500822533,poiNode__ruin_lvl1_north_alpha
1068,2906,1,1,1,Ruin,,1,01,14016363369500822533,poiNode__ruin_lvl1_north_alpha
1283,2906,1,1,1,Ruin,,1,01,14016363369500822533,poiNode__ruin_lvl1_north_alpha
1335,2906,1,1,1,Ruin,,1,01,14016363369500822533,poiNode__ruin_lvl1_north_alpha
1908,2906,1,1,1,Ruin,,1,01,14016363369500822533,poiNode__ruin_lvl1_north_alpha
1968,2906,1,1,1,Ruin,,1,01,14016363369500822533,poiNode__ruin_lvl1_north_alpha
1815,2907,2,2,4,Settlement (Town),,2,07,11324976608404560005,poiNode__town_lvl2_stone_north_alpha
1433,2908,3,3,9,Castle,,3,9f00,17957650485302241871,poiNode__castle_lvl3_north_alpha
1594,2908,1,1,1,Ruin,,1,01,14016363369500822533,poiNode__ruin_lvl1_north_alpha
1414,2909,1,1,1,Ruin,,1,01,14016363369500822533,poiNode__ruin_lvl1_north_alpha
1465,2909,1,1,1,Ruin,,1,01,14016363369500822533,poiNode__ruin_lvl1_north_alpha
1711,2909,1,1,1,Ruin,,1,01,14016363369500822533,poiNode__ruin_lvl1_north_alpha
1671,2910,5,1,5,Bridge,,2,1f,1498553686271999927,poiNode__bridge_5hex_lvl2_alpha
1567,2911,3,3,9,Castle,,3,b700,17957650485302241871,poiNode__castle_lvl3_north_alpha
1402,2912,2,2,4,Crossing,,3,06,11761877450986962679,poiNode__crossing_lvl3_alpha
1821,2912,1,1,1,Ruin,,1,01,14016363369500822533,poiNode__ruin_lvl1_north_alpha
646,2913,3,5,15,Bridge,,1,9148,16551278857259698617,poiNode__bridge_5hex_lvl1_alpha
1555,2914,1,1,1,Ruin,,1,01,14016363369500822533,poiNode__ruin_lvl1_north_alpha
989,2915,1,1,1,Ruin,,1,01,14016363369500822533,poiNode__ruin_lvl1_north_alpha
1491,2915,1,1,1,Ruin,,1,01,14016363369500822533,poiNode__ruin_lvl1_north_alpha
1532,2915,1,1,1,Ruin,,1,01,14016363369500822533,poiNode__ruin_lvl1_north_alpha
1584,2915,1,1,1,Ruin,,1,01,14016363369500822533,poiNode__ruin_lvl1_north_alpha
1700,2915,1,1,1,Ruin,,1,01,14016363369500822533,poiNode__ruin_lvl1_north_alpha
1222,2916,1,1,1,Ruin,,1,01,14016363369500822533,poiNode__ruin_lvl1_north_alpha
1393,2916,1,2,2,Crossing,,3,03,11761877450986962679,poiNode__crossing_lvl3_alpha
1595,2916,1,2,2,Crossing,,3,03,11761877450986962679,poiNode__crossing_lvl3_alpha
1044,2917,1,1,1,Ruin,,1,01,14016363369500822533,poiNode__ruin_lvl1_north_alpha
1868,2919,2,2,4,Crossing,,2,,17576595532914463501,poiNode__crossing_lvl2_alpha
688,2920,1,1,1,Ruin,,1,01,14016363369500822533,poiNode__ruin_lvl1_north_alpha
1496,2923,5,1,5,Bridge,,3,1f,4908333263510868557,poiNode__bridge_5hex_lvl3_alpha
1871,2923,1,2,2,Crossing,,2,03,17576595532914463501,poiNode__crossing_lvl2_alpha
1598,2924,2,2,4,Crossing,,3,,11761877450986962679,poiNode__crossing_lvl3_alpha
1101,2925,1,1,1,Ruin,,1,01,14016363369500822533,poiNode__ruin_lvl1_north_alpha
1125,2926,1,1,1,Ruin,,1,01,14016363369500822533,poiNode__ruin_lvl1_north_alpha
870,2927,2,2,4,Settlement (Town),,1,07,7249207862318925494,poiNode__town_lvl1_food_north_alpha
1238,2927,2,2,4,Tunnel,,2,,16475068238536626065,poiNode__tunnel_lvl2_north_alpha
1247,2927,1,2,2,Tunnel,,2,03,16475068238536626065,poiNode__tunnel_lvl2_north_alpha
1797,2929,1,1,1,Ruin,,1,01,14016363369500822533,poiNode__ruin_lvl1_north_alpha
1187,2930,1,1,1,Ruin,,1,01,14016363369500822533,poiNode__ruin_lvl1_north_alpha
1361,2931,1,1,1,Ruin,,1,01,14016363369500822533,poiNode__ruin_lvl1_north_alpha
1536,2932,2,2,4,Settlement (Town),,3,0b,17762478834029834315,poiNode__town_lvl3_wood_north_alpha
1398,2933,1,1,1,Ruin,,1,01,14016363369500822533,poiNode__ruin_lvl1_north_alpha
1426,2933,1,1,1,Ruin,,1,01,14016363369500822533,poiNode__ruin_lvl1_north_alpha
1563,2938,1,1,1,Ruin,,1,01,14016363369500822533,poiNode__ruin_lvl1_north_alpha
1181,2940,2,2,4,Tunnel,,2,06,16475068238536626065,poiNode__tunnel_lvl2_north_alpha
1303,2940,1,1,1,Ruin,,1,01,14016363369500822533,poiNode__ruin_lvl1_north_alpha
1431,2940,2,2,4,Tunnel,,3,06,3387329098093684800,poiNode__tunnel_lvl3_north_alpha
1715,2940,1,1,1,Ruin,,1,01,14016363369500822533,poiNode__ruin_lvl1_north_alpha
1738,2940,1,1,1,Ruin,,1,01,14016363369500822533,poiNode__ruin_lvl1_north_alpha
1143,2941,1,1,1,Ruin,,1,01,14016363369500822533,poiNode__ruin_lvl1_north_alpha
1399,2943,1,1,1,Ruin,,1,01,14016363369500822533,poiNode__ruin_lvl1_north_alpha
1876,2943,1,1,1,Ruin,,1,01,14016363369500822533,poiNode__ruin_lvl1_north_alpha
1594,2944,1,1,1,Ruin,,1,01,14016363369500822533,poiNode__ruin_lvl1_north_alpha
1895,2944,1,1,1,Ruin,,1,01,14016363369500822533,poiNode__ruin_lvl1_north_alpha
1176,2945,2,1,2,Tunnel,,2,03,16475068238536626065,poiNode__tunnel_lvl2_north_alpha
1362,2946,1,1,1,Ruin,,1,01,14016363369500822533,poiNode__ruin_lvl1_north_alpha
1628,2946,1,1,1,Ruin,,1,01,14016363369500822533,poiNode__ruin_lvl1_north_alpha
1119,2947,1,2,2,Tunnel,,2,03,16475068238536626065,poiNode__tunnel_lvl2_north_alpha
1428,2947,1,2,2,Tunnel,,3,03,3387329098093684800,poiNode__tunnel_lvl3_north_alpha
1321,2948,1,2,2,Tunnel,,2,03,16475068238536626065,poiNode__tunnel_lvl2_north_alpha
1491,2949,1,2,2,Crossing,,3,03,11761877450986962679,poiNode__crossing_lvl3_alpha
1545,2949,1,1,1,Ruin,,1,01,14016363369500822533,poiNode__ruin_lvl1_north_alpha
1141,2950,2,2,4,Tunnel,,2,06,16475068238536626065,poiNode__tunnel_lvl2_north_alpha
1416,2950,1,1,1,Ruin,,1,01,14016363369500822533,poiNode__ruin_lvl1_north_alpha
1462,2950,1,1,1,Ruin,,1,01,14016363369500822533,poiNode__ruin_lvl1_north_alpha
1523,2950,2,2,4,Settlement (Town),,3,0b,3771084310201406384,poiNode__town_lvl3_food_north_alpha
1116,2952,1,2,2,Tunnel,,2,03,16475068238536626065,poiNode__tunnel_lvl2_north_alpha
1325,2952,2,1,2,Tunnel,,2,03,16475068238536626065,poiNode__tunnel_lvl2_north_alpha
1877,2952,2,2,4,Settlement (Town),,2,0b,11324976608404560005,poiNode__town_lvl2_stone_north_alpha
1485,2953,2,2,4,Crossing,,3,06,11761877450986962679,poiNode__crossing_lvl3_alpha
1998,2953,1,1,1,Ruin,,1,01,14016363369500822533,poiNode__ruin_lvl1_north_alpha
1195,2954,1,1,1,Ruin,,1,01,14016363369500822533,poiNode__ruin_lvl1_north_alpha
1684,2955,1,1,1,Ruin,,1,01,14016363369500822533,poiNode__ruin_lvl1_north_alpha
1137,2956,2,1,2,Tunnel,,2,03,16475068238536626065,poiNode__tunnel_lvl2_north_alpha
1546,2956,1,2,2,Crossing,,3,03,11761877450986962679,poiNode__crossing_lvl3_alpha
1287,2957,1,1,1,Ruin,,1,01,14016363369500822533,poiNode__ruin_lvl1_north_alpha
1354,2957,2,2,4,Tunnel,,2,,16475068238536626065,poiNode__tunnel_lvl2_north_alpha
1647,2957,1,1,1,Ruin,,1,01,14016363369500822533,poiNode__ruin_lvl1_north_alpha
1179,2958,1,1,1,Ruin,,1,01,14016363369500822533,poiNode__ruin_lvl1_north_alpha
1432,2958,1,2,2,Tunnel,,3,03,3387329098093684800,poiNode__tunnel_lvl3_north_alpha
1615,2958,1,1,1,Ruin,,1,01,14016363369500822533,poiNode__ruin_lvl1_north_alpha
1436,2959,2,1,2,Tunnel,,3,03,3387329098093684800,poiNode__tunnel_lvl3_north_alpha
1453,2959,1,1,1,Ruin,,1,01,14016363369500822533,poiNode__ruin_lvl1_north_alpha
1774,2959,1,1,1,Ruin,,1,01,14016363369500822533,poiNode__ruin_lvl1_north_alpha
661,2962,1,2,2,Crossing,,1,03,186484103584441603,poiNode__crossing_lvl1_alpha
1358,2962,2,1,2,Tunnel,,2,03,16475068238536626065,poiNode__tunnel_lvl2_north_alpha
1417,2962,1,1,1,Ruin,,1,01,14016363369500822533,poiNode__ruin_lvl1_north_alpha
1269,2964,1,1,1,Ruin,,1,01,14016363369500822533,poiNode__ruin_lvl1_north_alpha
1375,2964,1,1,1,Ruin,,1,01,14016363369500822533,poiNode__ruin_lvl1_north_alpha
1480,2964,1,1,1,Ruin,,1,01,14016363369500822533,poiNode__ruin_lvl1_north_alpha
1212,2965,1,2,2,Tunnel,,2,03,16475068238536626065,poiNode__tunnel_lvl2_north_alpha
1549,2965,1,2,2,Crossing,,3,03,11761877450986962679,poiNode__crossing_lvl3_alpha
1401,2967,1,1,1,Ruin,,1,01,14016363369500822533,poiNode__ruin_lvl1_north_alpha
1097,2968,1,1,1,Ruin,,1,01,14016363369500822533,poiNode__ruin_lvl1_north_alpha
1189,2968,2,2,4,Settlement (Town),,2,0b,11324976608404560005,poiNode__town_lvl2_stone_north_alpha
857,2969,2,2,4,Crossing,,2,,17576595532914463501,poiNode__crossing_lvl2_alpha
669,2970,2,2,4,Crossing,,1,,186484103584441603,poiNode__crossing_lvl1_alpha
1293,2972,2,2,4,Tunnel,,2,06,16475068238536626065,poiNode__tunnel_lvl2_north_alpha
1434,2972,3,3,9,Castle,,3,9f00,17957650485302241871,poiNode__castle_lvl3_north_alpha
1624,2972,1,1,1,Ruin,,1,01,14016363369500822533,poiNode__ruin_lvl1_north_alpha
706,2973,1,1,1,Ruin,,1,01,14016363369500822533,poiNode__ruin_lvl1_north_alpha
1665,2973,1,1,1,Ruin,,1,01,14016363369500822533,poiNode__ruin_lvl1_north_alpha
1840,2973,1,1,1,Ruin,,1,01,14016363369500822533,poiNode__ruin_lvl1_north_alpha
1827,2974,3,3,9,Castle,,2,9f00,3645493891009056158,poiNode__castle_lvl2_north_alpha
716,2975,2,2,4,Crossing,,2,06,17576595532914463501,poiNode__crossing_lvl2_alpha
733,2975,1,2,2,Crossing,,2,03,17576595532914463501,poiNode__crossing_lvl2_alpha
1211,2975,1,2,2,Tunnel,,2,03,16475068238536626065,poiNode__tunnel_lvl2_north_alpha
692,2976,1,2,2,Crossing,,2,03,17576595532914463501,poiNode__crossing_lvl2_alpha
1278,2977,2,2,4,Tunnel,,2,,16475068238536626065,poiNode__tunnel_lvl2_north_alpha
1310,2977,1,2,2,Tunnel,,2,03,16475068238536626065,poiNode__tunnel_lvl2_north_alpha
1364,2977,2,2,4,Crossing,,2,,17576595532914463501,poiNode__crossing_lvl2_alpha
1470,2977,1,1,1,Ruin,,1,01,14016363369500822533,poiNode__ruin_lvl1_north_alpha
739,2978,1,1,1,Ruin,,1,01,14016363369500822533,poiNode__ruin_lvl1_north_alpha
754,2979,1,1,1,Ruin,,1,01,14016363369500822533,poiNode__ruin_lvl1_north_alpha
1102,2979,1,1,1,Ruin,,1,01,14016363369500822533,poiNode__ruin_lvl1_north_alpha
1290,2979,2,2,4,Tunnel,,2,06,16475068238536626065,poiNode__tunnel_lvl2_north_alpha
1749,2979,1,1,1,Ruin,,1,01,14016363369500822533,poiNode__ruin_lvl1_north_alpha
705,2980,2,2,4,Crossing,,2,06,17576595532914463501,poiNode__crossing_lvl2_alpha
867,2980,2,2,4,Crossing,,2,,17576595532914463501,poiNode__crossing_lvl2_alpha
1126,2980,3,3,9,Castle,,2,9f00,3645493891009056158,poiNode__castle_lvl2_north_alpha
1444,2981,1,1,1,Ruin,,1,01,14016363369500822533,poiNode__ruin_lvl1_north_alpha
1261,2982,2,2,4,Tunnel,,2,06,16475068238536626065,poiNode__tunnel_lvl2_north_alpha
1284,2982,2,1,2,Tunnel,,2,03,16475068238536626065,poiNode__tunnel_lvl2_north_alpha
1403,2982,1,1,1,Ruin,,1,01,14016363369500822533,poiNode__ruin_lvl1_north_alpha
871,2983,1,1,1,Ruin,,1,01,14016363369500822533,poiNode__ruin_lvl1_north_alpha
1255,2983,2,2,4,Tunnel,,2,,16475068238536626065,poiNode__tunnel_lvl2_north_alpha
1367,2983,1,2,2,Crossing,,2,03,17576595532914463501,poiNode__crossing_lvl2_alpha
747,2984,1,1,1,Ruin,,1,01,14016363369500822533,poiNode__ruin_lvl1_north_alpha
1244,2984,1,1,1,Ruin,,1,01,14016363369500822533,poiNode__ruin_lvl1_north_alpha
1809,2984,1,1,1,Ruin,,1,01,14016363369500822533,poiNode__ruin_lvl1_north_alpha
1309,2985,2,2,4,Tunnel,,2,06,16475068238536626065,poiNode__tunnel_lvl2_north_alpha
1374,2986,1,1,1,Ruin,,1,01,14016363369500822533,poiNode__ruin_lvl1_north_alpha
1424,2986,1,1,1,Ruin,,1,01,14016363369500822533,poiNode__ruin_lvl1_north_alpha
1488,2986,1,1,1,Ruin,,1,01,14016363369500822533,poiNode__ruin_lvl1_north_alpha
1637,2986,1,1,1,Ruin,,1,01,14016363369500822533,poiNode__ruin_lvl1_north_alpha
1068,2988,1,1,1,Ruin,,1,01,14016363369500822533,poiNode__ruin_lvl1_north_alpha
1103,2988,2,2,4,Settlement (Town),,2,0b,1070278196290862951,poiNode__town_lvl2_iron_north_alpha
762,2990,1,2,2,Crossing,,2,03,17576595532914463501,poiNode__crossing_lvl2_alpha
867,2990,2,2,4,Crossing,,2,06,17576595532914463501,poiNode__crossing_lvl2_alpha
1541,2990,2,2,4,Settlement (Town),,2,0b,2031811420817545523,poiNode__town_lvl2_food_north_alpha
1438,2991,2,3,6,Bridge,,3,%,782753266235643662,poiNode__bridge_3hex_lvl3_alpha
1478,2993,1,1,1,Ruin,,1,01,14016363369500822533,poiNode__ruin_lvl1_north_alpha
1565,2993,1,1,1,Ruin,,1,01,14016363369500822533,poiNode__ruin_lvl1_north_alpha
1655,2993,1,1,1,Ruin,,1,01,14016363369500822533,poiNode__ruin_lvl1_north_alpha
1848,2993,1,1,1,Ruin,,1,01,14016363369500822533,poiNode__ruin_lvl1_north_alpha
1288,2995,1,1,1,Ruin,,1,01,14016363369500822533,poiNode__ruin_lvl1_north_alpha
1422,2995,1,1,1,Ruin,,1,01,14016363369500822533,poiNode__ruin_lvl1_north_alpha
1238,2996,3,3,9,Castle,,2,9f00,3645493891009056158,poiNode__castle_lvl2_north_alpha
1247,2996,3,4,12,Seat of Power,Highpoint,,fe07,13072136550693530289,poiNode__sop_Highpoint_alpha
1633,2996,1,1,1,Ruin,,1,01,14016363369500822533,poiNode__ruin_lvl1_north_alpha
1642,2996,3,5,15,Bridge,,2,9412,1498553686271999927,poiNode__bridge_5hex_lvl2_alpha
1091,2997,1,1,1,Ruin,,1,01,14016363369500822533,poiNode__ruin_lvl1_north_alpha
1213,2998,1,1,1,Ruin,,1,01,14016363369500822533,poiNode__ruin_lvl1_north_alpha
1403,2998,1,1,1,Ruin,,1,01,14016363369500822533,poiNode__ruin_lvl1_north_alpha
1415,2999,1,1,1,Ruin,,1,01,14016363369500822533,poiNode__ruin_lvl1_north_alpha
1677,3001,1,1,1,Ruin,,1,01,14016363369500822533,poiNode__ruin_lvl1_north_alpha
766,3002,2,2,4,Crossing,,2,,17576595532914463501,poiNode__crossing_lvl2_alpha
866,3004,1,2,2,Crossing,,2,03,17576595532914463501,poiNode__crossing_lvl2_alpha
1536,3004,1,1,1,Ruin,,1,01,14016363369500822533,poiNode__ruin_lvl1_north_alpha
1666,3005,1,1,1,Ruin,,1,01,14016363369500822533,poiNode__ruin_lvl1_north_alpha
1692,3005,3,5,15,Bridge,,2,a414,1498553686271999927,poiNode__bridge_5hex_lvl2_alpha
1130,3007,1,1,1,Ruin,,1,01,14016363369500822533,poiNode__ruin_lvl1_north_alpha
855,3008,1,1,1,Ruin,,1,01,14016363369500822533,poiNode__ruin_lvl1_north_alpha
1222,3008,3,2,6,Dragon Sanctum,,4,1e,7332369791193790217,poiNode__dragonsanctum_lv04_north_alpha
1777,3008,2,2,4,Settlement (Town),,2,0b,1070278196290862951,poiNode__town_lvl2_iron_north_alpha
1071,3009,1,1,1,Ruin,,1,01,14016363369500822533,poiNode__ruin_lvl1_north_alpha
1259,3009,2,2,4,Tunnel,,2,,16475068238536626065,poiNode__tunnel_lvl2_north_alpha
879,3010,1,1,1,Ruin,,1,01,14016363369500822533,poiNode__ruin_lvl1_north_alpha
1461,3010,1,2,2,Crossing,,3,03,11761877450986962679,poiNode__crossing_lvl3_alpha
1174,3011,1,1,1,Ruin,,1,01,14016363369500822533,poiNode__ruin_lvl1_north_alpha
773,3012,1,1,1,Ruin,,1,01,14016363369500822533,poiNode__ruin_lvl1_north_alpha
867,3012,1,1,1,Ruin,,1,01,14016363369500822533,poiNode__ruin_lvl1_north_alpha
1189,3013,1,1,1,Ruin,,1,01,14016363369500822533,poiNode__ruin_lvl1_north_alpha
1396,3013,1,1,1,Ruin,,1,01,14016363369500822533,poiNode__ruin_lvl1_north_alpha
1522,3013,1,1,1,Ruin,,1,01,14016363369500822533,poiNode__ruin_lvl1_north_alpha
1263,3014,2,1,2,Tunnel,,2,03,16475068238536626065,poiNode__tunnel_lvl2_north_alpha
823,3015,1,1,1,Ruin,,1,01,14016363369500822533,poiNode__ruin_lvl1_north_alpha
1125,3015,1,1,1,Ruin,,1,01,14016363369500822533,poiNode__ruin_lvl1_north_alpha
1409,3015,1,1,1,Ruin,,1,01,14016363369500822533,poiNode__ruin_lvl1_north_alpha
1463,3015,1,2,2,Crossing,,3,03,11761877450986962679,poiNode__crossing_lvl3_alpha
1752,3016,2,2,4,Settlement (Town),,2,0b,11324976608404560005,poiNode__town_lvl2_stone_north_alpha
1227,3017,2,2,4,Settlement (Town),,2,07,11324976608404560005,poiNode__town_lvl2_stone_north_alpha
776,3019,2,2,4,Crossing,,2,,17576595532914463501,poiNode__crossing_lvl2_alpha
801,3019,1,1,1,Ruin,,1,01,14016363369500822533,poiNode__ruin_lvl1_north_alpha
813,3019,3,3,9,Castle,,2,b700,3645493891009056158,poiNode__castle_lvl2_north_alpha
1316,3019,2,2,4,Tunnel,,2,,16475068238536626065,poiNode__tunnel_lvl2_north_alpha
860,3020,2,2,4,Settlement (Town),,2,0b,11324976608404560005,poiNode__town_lvl2_stone_north_alpha
1299,3021,1,1,1,Ruin,,1,01,14016363369500822533,poiNode__ruin_lvl1_north_alpha
788,3022,2,2,4,Crossing,,2,,17576595532914463501,poiNode__crossing_lvl2_alpha
852,3022,1,1,1,Ruin,,1,01,14016363369500822533,poiNode__ruin_lvl1_north_alpha
1554,3023,1,1,1,Ruin,,1,01,14016363369500822533,poiNode__ruin_lvl1_north_alpha
1536,3025,2,2,4,Settlement (Town),,2,07,1070278196290862951,poiNode__town_lvl2_iron_north_alpha
820,3026,2,2,4,Settlement (Town),,2,0b,2031811420817545523,poiNode__town_lvl2_food_north_alpha
862,3026,1,1,1,Ruin,,1,01,14016363369500822533,poiNode__ruin_lvl1_north_alpha
833,3027,1,1,1,Ruin,,1,01,14016363369500822533,poiNode__ruin_lvl1_north_alpha
880,3027,1,1,1,Ruin,,1,01,14016363369500822533,poiNode__ruin_lvl1_north_alpha
892,3027,2,2,4,Settlement (Town),,2,07,16061776806202440392,poiNode__town_lvl2_wood_north_alpha
1230,3027,1,1,1,Ruin,,1,01,14016363369500822533,poiNode__ruin_lvl1_north_alpha
793,3028,2,2,4,Settlement (Town),,2,0b,2031811420817545523,poiNode__town_lvl2_food_north_alpha
1713,3028,3,4,12,Bridge,,2,9402,14462941546211862082,poiNode__bridge_4hex_lvl2_alpha
804,3029,1,1,1,Ruin,,1,01,14016363369500822533,poiNode__ruin_lvl1_north_alpha
1316,3029,1,2,2,Tunnel,,2,03,16475068238536626065,poiNode__tunnel_lvl2_north_alpha
1663,3029,1,1,1,Ruin,,1,01,14016363369500822533,poiNode__ruin_lvl1_north_alpha
1609,3032,1,1,1,Ruin,,1,01,14016363369500822533,poiNode__ruin_lvl1_north_alpha
1559,3033,1,1,1,Ruin,,1,01,14016363369500822533,poiNode__ruin_lvl1_north_alpha
1497,3034,1,1,1,Ruin,,1,01,14016363369500822533,poiNode__ruin_lvl1_north_alpha
1657,3034,1,1,1,Ruin,,1,01,14016363369500822533,poiNode__ruin_lvl1_north_alpha
825,3035,1,1,1,Ruin,,1,01,14016363369500822533,poiNode__ruin_lvl1_north_alpha
1281,3035,2,2,4,Tunnel,,2,,16475068238536626065,poiNode__tunnel_lvl2_north_alpha
879,3037,1,1,1,Ruin,,1,01,14016363369500822533,poiNode__ruin_lvl1_north_alpha
897,3037,1,1,1,Ruin,,1,01,14016363369500822533,poiNode__ruin_lvl1_north_alpha
1336,3038,2,2,4,Tunnel,,2,06,16475068238536626065,poiNode__tunnel_lvl2_north_alpha
798,3039,1,1,1,Ruin,,1,01,14016363369500822533,poiNode__ruin_lvl1_north_alpha
810,3039,2,2,4,Dragon Sanctum,,4,0f,7332369791193790217,poiNode__dragonsanctum_lv04_north_alpha
1301,3039,1,2,2,Tunnel,,2,03,16475068238536626065,poiNode__tunnel_lvl2_north_alpha
1663,3039,1,1,1,Ruin,,1,01,14016363369500822533,poiNode__ruin_lvl1_north_alpha
837,3040,1,1,1,Ruin,,1,01,14016363369500822533,poiNode__ruin_lvl1_north_alpha
859,3040,1,1,1,Ruin,,1,01,14016363369500822533,poiNode__ruin_lvl1_north_alpha
889,3040,3,3,9,Castle,,2,9f00,3645493891009056158,poiNode__castle_lvl2_north_alpha
914,3040,1,1,1,Ruin,,1,01,14016363369500822533,poiNode__ruin_lvl1_north_alpha
1282,3040,2,1,2,Tunnel,,2,03,16475068238536626065,poiNode__tunnel_lvl2_north_alpha
1565,3040,3,3,9,Castle,,2,9f00,3645493891009056158,poiNode__castle_lvl2_north_alpha
1630,3040,1,1,1,Ruin,,1,01,14016363369500822533,poiNode__ruin_lvl1_north_alpha
943,3041,2,2,4,Crossing,,2,06,17576595532914463501,poiNode__crossing_lvl2_alpha
957,3042,2,2,4,Crossing,,2,,17576595532914463501,poiNode__crossing_lvl2_alpha
1598,3042,1,1,1,Ruin,,1,01,14016363369500822533,poiNode__ruin_lvl1_north_alpha
784,3043,1,1,1,Ruin,,1,01,14016363369500822533,poiNode__ruin_lvl1_north_alpha
820,3043,1,1,1,Ruin,,1,01,14016363369500822533,poiNode__ruin_lvl1_north_alpha
1297,3044,1,2,2,Tunnel,,2,03,16475068238536626065,poiNode__tunnel_lvl2_north_alpha
1337,3044,2,2,4,Tunnel,,2,,16475068238536626065,poiNode__tunnel_lvl2_north_alpha
1356,3045,1,1,1,Ruin,,1,01,14016363369500822533,poiNode__ruin_lvl1_north_alpha
1234,3046,1,1,1,Ruin,,1,01,14016363369500822533,poiNode__ruin_lvl1_north_alpha
814,3048,1,1,1,Ruin,,1,01,14016363369500822533,poiNode__ruin_lvl1_north_alpha
831,3049,1,1,1,Ruin,,1,01,14016363369500822533,poiNode__ruin_lvl1_north_alpha
860,3049,1,1,1,Ruin,,1,01,14016363369500822533,poiNode__ruin_lvl1_north_alpha
907,3049,1,1,1,Ruin,,1,01,14016363369500822533,poiNode__ruin_lvl1_north_alpha
967,3049,1,1,1,Ruin,,1,01,14016363369500822533,poiNode__ruin_lvl1_north_alpha
1720,3050,1,1,1,Ruin,,1,01,14016363369500822533,poiNode__ruin_lvl1_north_alpha
807,3051,2,2,4,Settlement (Town),,2,07,16061776806202440392,poiNode__town_lvl2_wood_north_alpha
1681,3051,1,1,1,Ruin,,1,01,14016363369500822533,poiNode__ruin_lvl1_north_alpha
1144,3052,2,2,4,Tunnel,,2,06,16475068238536626065,poiNode__tunnel_lvl2_north_alpha
1433,3052,3,2,6,Dragon Sanctum,,4,1e,7332369791193790217,poiNode__dragonsanctum_lv04_north_alpha
1617,3052,5,1,5,Bridge,,2,1f,1498553686271999927,poiNode__bridge_5hex_lvl2_alpha
844,3053,1,1,1,Ruin,,1,01,14016363369500822533,poiNode__ruin_lvl1_north_alpha
891,3054,3,2,6,Dragon Sanctum,,1,1e,9624288521539490250,poiNode__dragonsanctum_lv01_north_alpha
1487,3054,3,4,12,Seat of Power,Last Hearth,,fb0d,1392230185812947114,poiNode__sop_LastHearth_alpha
912,3055,2,2,4,Crossing,,2,,17576595532914463501,poiNode__crossing_lvl2_alpha
1547,3055,1,1,1,Ruin,,1,01,14016363369500822533,poiNode__ruin_lvl1_north_alpha
815,3057,1,1,1,Ruin,,1,01,14016363369500822533,poiNode__ruin_lvl1_north_alpha
968,3057,2,2,4,Crossing,,2,,17576595532914463501,poiNode__crossing_lvl2_alpha
1638,3057,1,1,1,Ruin,,1,01,14016363369500822533,poiNode__ruin_lvl1_north_alpha
825,3058,1,1,1,Ruin,,1,01,14016363369500822533,poiNode__ruin_lvl1_north_alpha
1095,3058,1,1,1,Ruin,,1,01,14016363369500822533,poiNode__ruin_lvl1_north_alpha
1427,3058,2,2,4,Crossing,,2,06,17576595532914463501,poiNode__crossing_lvl2_alpha
932,3059,1,1,1,Ruin,,1,01,14016363369500822533,poiNode__ruin_lvl1_north_alpha
1109,3060,3,3,9,Castle,,2,9f00,3645493891009056158,poiNode__castle_lvl2_north_alpha
1395,3060,1,1,1,Ruin,,1,01,14016363369500822533,poiNode__ruin_lvl1_north_alpha
786,3061,2,2,4,Settlement (Town),,2,07,2031811420817545523,poiNode__town_lvl2_food_north_alpha
865,3061,1,1,1,Ruin,,1,01,14016363369500822533,poiNode__ruin_lvl1_north_alpha
900,3061,1,1,1,Ruin,,1,01,14016363369500822533,poiNode__ruin_lvl1_north_alpha
1134,3061,2,1,2,Tunnel,,2,03,16475068238536626065,poiNode__tunnel_lvl2_north_alpha
1247,3061,1,2,2,Tunnel,,2,03,16475068238536626065,poiNode__tunnel_lvl2_north_alpha
886,3062,2,2,4,Settlement (Town),,2,0b,16061776806202440392,poiNode__town_lvl2_wood_north_alpha
1238,3063,2,2,4,Tunnel,,2,,16475068238536626065,poiNode__tunnel_lvl2_north_alpha
1275,3063,1,1,1,Ruin,,1,01,14016363369500822533,poiNode__ruin_lvl1_north_alpha
1420,3063,2,2,4,Crossing,,2,06,17576595532914463501,poiNode__crossing_lvl2_alpha
805,3064,1,1,1,Ruin,,1,01,14016363369500822533,poiNode__ruin_lvl1_north_alpha
922,3066,2,2,4,Crossing,,2,,17576595532914463501,poiNode__crossing_lvl2_alpha
999,3066,2,2,4,Crossing,,2,06,17576595532914463501,poiNode__crossing_lvl2_alpha
1624,3066,2,2,4,Settlement (Town),,2,0b,2031811420817545523,poiNode__town_lvl2_food_north_alpha
1682,3067,2,2,4,Settlement (Town),,2,07,11324976608404560005,poiNode__town_lvl2_stone_north_alpha
785,3068,1,1,1,Ruin,,1,01,14016363369500822533,poiNode__ruin_lvl1_north_alpha
1269,3069,1,2,2,Tunnel,,2,03,16475068238536626065,poiNode__tunnel_lvl2_north_alpha
1344,3069,2,2,4,Crossing,,1,,186484103584441603,poiNode__crossing_lvl1_alpha
1688,3069,1,1,1,Ruin,,1,01,14016363369500822533,poiNode__ruin_lvl1_north_alpha
899,3070,1,1,1,Ruin,,1,01,14016363369500822533,poiNode__ruin_lvl1_north_alpha
1009,3070,1,2,2,Crossing,,2,03,17576595532914463501,poiNode__crossing_lvl2_alpha
1351,3070,2,2,4,Crossing,,1,,186484103584441603,poiNode__crossing_lvl1_alpha
887,3071,1,1,1,Ruin,,1,01,14016363369500822533,poiNode__ruin_lvl1_north_alpha
1263,3071,2,2,4,Tunnel,,2,,16475068238536626065,poiNode__tunnel_lvl2_north_alpha
817,3072,1,1,1,Ruin,,1,01,14016363369500822533,poiNode__ruin_lvl1_north_alpha
857,3072,1,1,1,Ruin,,1,01,14016363369500822533,poiNode__ruin_lvl1_north_alpha
927,3072,1,1,1,Ruin,,1,01,14016363369500822533,poiNode__ruin_lvl1_north_alpha
806,3073,1,1,1,Ruin,,1,01,14016363369500822533,poiNode__ruin_lvl1_north_alpha
875,3073,1,1,1,Ruin,,1,01,14016363369500822533,poiNode__ruin_lvl1_north_alpha
987,3073,2,2,4,Crossing,,2,06,17576595532914463501,poiNode__crossing_lvl2_alpha
1398,3073,1,2,2,Tunnel,,2,03,16475068238536626065,poiNode__tunnel_lvl2_north_alpha
797,3075,1,1,1,Ruin,,1,01,14016363369500822533,poiNode__ruin_lvl1_north_alpha
969,3075,1,2,2,Crossing,,2,03,17576595532914463501,poiNode__crossing_lvl2_alpha
980,3075,1,1,1,Ruin,,1,01,14016363369500822533,poiNode__ruin_lvl1_north_alpha
840,3077,1,1,1,Ruin,,1,01,14016363369500822533,poiNode__ruin_lvl1_north_alpha
906,3077,1,1,1,Ruin,,1,01,14016363369500822533,poiNode__ruin_lvl1_north_alpha
1550,3077,1,1,1,Ruin,,1,01,14016363369500822533,poiNode__ruin_lvl1_north_alpha
790,3078,1,1,1,Ruin,,1,01,14016363369500822533,poiNode__ruin_lvl1_north_alpha
1542,3078,1,1,1,Ruin,,1,01,14016363369500822533,poiNode__ruin_lvl1_north_alpha
849,3079,3,3,9,Castle,,2,b700,3645493891009056158,poiNode__castle_lvl2_north_alpha
1394,3079,2,1,2,Tunnel,,2,03,16475068238536626065,poiNode__tunnel_lvl2_north_alpha
891,3080,1,1,1,Ruin,,1,01,14016363369500822533,poiNode__ruin_lvl1_north_alpha
1564,3081,1,1,1,Ruin,,1,01,14016363369500822533,poiNode__ruin_lvl1_north_alpha
826,3082,1,1,1,Ruin,,1,01,14016363369500822533,poiNode__ruin_lvl1_north_alpha
857,3082,1,1,1,Ruin,,1,01,14016363369500822533,poiNode__ruin_lvl1_north_alpha
1133,3082,1,1,1,Ruin,,1,01,14016363369500822533,poiNode__ruin_lvl1_north_alpha
809,3083,1,1,1,Ruin,,1,01,14016363369500822533,poiNode__ruin_lvl1_north_alpha
1248,3083,2,2,4,Settlement (Town),,2,07,16061776806202440392,poiNode__town_lvl2_wood_north_alpha
1705,3085,1,1,1,Ruin,,1,01,14016363369500822533,poiNode__ruin_lvl1_north_alpha
1015,3086,2,2,4,Crossing,,2,,17576595532914463501,poiNode__crossing_lvl2_alpha
1372,3087,1,1,1,Ruin,,1,01,14016363369500822533,poiNode__ruin_lvl1_north_alpha
872,3089,2,2,4,Settlement (Town),,2,07,2031811420817545523,poiNode__town_lvl2_food_north_alpha
1048,3090,2,2,4,Crossing,,2,,17576595532914463501,poiNode__crossing_lvl2_alpha
1441,3090,1,2,2,Tunnel,,2,03,16475068238536626065,poiNode__tunnel_lvl2_north_alpha
859,3091,1,1,1,Ruin,,1,01,14016363369500822533,poiNode__ruin_lvl1_north_alpha
1082,3091,2,2,4,Settlement (Town),,2,07,2031811420817545523,poiNode__town_lvl2_food_north_alpha
836,3092,1,1,1,Ruin,,1,01,14016363369500822533,poiNode__ruin_lvl1_north_alpha
1120,3092,2,2,4,Settlement (Town),,2,0b,16061776806202440392,poiNode__town_lvl2_wood_north_alpha
822,3094,2,2,4,Settlement (Town),,2,0b,16061776806202440392,poiNode__town_lvl2_wood_north_alpha
1032,3095,2,2,4,Crossing,,2,06,17576595532914463501,poiNode__crossing_lvl2_alpha
852,3097,2,2,4,Settlement (Town),,2,07,2031811420817545523,poiNode__town_lvl2_food_north_alpha
1528,3097,1,1,1,Ruin,,1,01,14016363369500822533,poiNode__ruin_lvl1_north_alpha
1542,3097,3,5,15,Bridge,,2,a414,1498553686271999927,poiNode__bridge_5hex_lvl2_alpha
874,3099,1,1,1,Ruin,,1,01,14016363369500822533,poiNode__ruin_lvl1_north_alpha
1481,3100,1,1,1,Ruin,,1,01,14016363369500822533,poiNode__ruin_lvl1_north_alpha
845,3101,1,1,1,Ruin,,1,01,14016363369500822533,poiNode__ruin_lvl1_north_alpha
1444,3101,1,2,2,Tunnel,,2,03,16475068238536626065,poiNode__tunnel_lvl2_north_alpha
861,3102,1,1,1,Ruin,,1,01,14016363369500822533,poiNode__ruin_lvl1_north_alpha
1150,3102,2,2,4,Tunnel,,2,06,16475068238536626065,poiNode__tunnel_lvl2_north_alpha
1075,3103,1,1,1,Ruin,,1,01,14016363369500822533,poiNode__ruin_lvl1_north_alpha
1306,3103,1,2,2,Tunnel,,2,03,16475068238536626065,poiNode__tunnel_lvl2_north_alpha
1125,3104,1,1,1,Ruin,,1,01,14016363369500822533,poiNode__ruin_lvl1_north_alpha
1385,3104,1,1,1,Ruin,,1,01,14016363369500822533,poiNode__ruin_lvl1_north_alpha
833,3105,1,1,1,Ruin,,1,01,14016363369500822533,poiNode__ruin_lvl1_north_alpha
1409,3106,1,1,1,Ruin,,1,01,14016363369500822533,poiNode__ruin_lvl1_north_alpha
1349,3107,2,2,4,Tunnel,,2,,16475068238536626065,poiNode__tunnel_lvl2_north_alpha
1540,3107,1,1,1,Ruin,,1,01,14016363369500822533,poiNode__ruin_lvl1_north_alpha
1601,3107,1,1,1,Ruin,,1,01,14016363369500822533,poiNode__ruin_lvl1_north_alpha
1532,3108,1,1,1,Ruin,,1,01,14016363369500822533,poiNode__ruin_lvl1_north_alpha
1140,3109,2,2,4,Tunnel,,2,,16475068238536626065,poiNode__tunnel_lvl2_north_alpha
1356,3110,2,1,2,Tunnel,,2,03,16475068238536626065,poiNode__tunnel_lvl2_north_alpha
1376,3110,2,2,4,Tunnel,,2,06,16475068238536626065,poiNode__tunnel_lvl2_north_alpha
1303,3113,2,2,4,Tunnel,,2,06,16475068238536626065,poiNode__tunnel_lvl2_north_alpha
1103,3114,1,1,1,Ruin,,1,01,14016363369500822533,poiNode__ruin_lvl1_north_alpha
1670,3115,1,1,1,Ruin,,1,01,14016363369500822533,poiNode__ruin_lvl1_north_alpha
1602,3119,1,2,2,Crossing,,2,03,17576595532914463501,poiNode__crossing_lvl2_alpha
1466,3120,1,1,1,Ruin,,1,01,14016363369500822533,poiNode__ruin_lvl1_north_alpha
1374,3121,2,2,4,Tunnel,,2,06,16475068238536626065,poiNode__tunnel_lvl2_north_alpha
1607,3121,1,2,2,Crossing,,2,03,17576595532914463501,poiNode__crossing_lvl2_alpha
1646,3121,1,1,1,Ruin,,1,01,14016363369500822533,poiNode__ruin_lvl1_north_alpha
1239,3122,2,2,4,Tunnel,,2,06,16475068238536626065,poiNode__tunnel_lvl2_north_alpha
1575,3122,1,1,1,Ruin,,1,01,14016363369500822533,poiNode__ruin_lvl1_north_alpha
1231,3123,2,2,4,Tunnel,,2,,16475068238536626065,poiNode__tunnel_lvl2_north_alpha
1262,3123,2,2,4,Tunnel,,2,,16475068238536626065,poiNode__tunnel_lvl2_north_alpha
1301,3123,1,1,1,Ruin,,1,01,14016363369500822533,poiNode__ruin_lvl1_north_alpha
1605,3126,1,2,2,Crossing,,2,03,17576595532914463501,poiNode__crossing_lvl2_alpha
1597,3127,1,1,1,Ruin,,1,01,14016363369500822533,poiNode__ruin_lvl1_north_alpha
1439,3128,1,1,1,Ruin,,1,01,14016363369500822533,poiNode__ruin_lvl1_north_alpha
1309,3129,1,1,1,Ruin,,1,01,14016363369500822533,poiNode__ruin_lvl1_north_alpha
1218,3130,3,3,9,Castle,,2,9f00,3645493891009056158,poiNode__castle_lvl2_north_alpha
1556,3130,1,1,1,Ruin,,1,01,14016363369500822533,poiNode__ruin_lvl1_north_alpha
1684,3130,1,1,1,Ruin,,1,01,14016363369500822533,poiNode__ruin_lvl1_north_alpha
1672,3131,2,2,4,Settlement (Town),,2,07,16061776806202440392,poiNode__town_lvl2_wood_north_alpha
1267,3132,2,1,2,Tunnel,,2,03,16475068238536626065,poiNode__tunnel_lvl2_north_alpha
1429,3134,1,1,1,Ruin,,1,01,14016363369500822533,poiNode__ruin_lvl1_north_alpha
1650,3134,1,1,1,Ruin,,1,01,14016363369500822533,poiNode__ruin_lvl1_north_alpha
1462,3137,3,3,9,Castle,,2,b700,3645493891009056158,poiNode__castle_lvl2_north_alpha
1220,3140,3,2,6,Dragon Sanctum,,1,1e,9624288521539490250,poiNode__dragonsanctum_lv01_north_alpha
1710,3140,1,1,1,Ruin,,1,01,14016363369500822533,poiNode__ruin_lvl1_north_alpha
1529,3142,1,1,1,Ruin,,1,01,14016363369500822533,poiNode__ruin_lvl1_north_alpha
1343,3143,1,1,1,Ruin,,1,01,14016363369500822533,poiNode__ruin_lvl1_north_alpha
1506,3144,1,1,1,Ruin,,1,01,14016363369500822533,poiNode__ruin_lvl1_north_alpha
1520,3144,2,2,4,Settlement (Town),,2,0b,11324976608404560005,poiNode__town_lvl2_stone_north_alpha
1467,3146,2,2,4,Settlement (Town),,2,0b,2031811420817545523,poiNode__town_lvl2_food_north_alpha
1701,3149,3,3,9,Castle,,2,b700,3645493891009056158,poiNode__castle_lvl2_north_alpha
1252,3150,1,1,1,Ruin,,1,01,14016363369500822533,poiNode__ruin_lvl1_north_alpha
1261,3150,1,1,1,Ruin,,1,01,14016363369500822533,poiNode__ruin_lvl1_north_alpha
1567,3150,1,1,1,Ruin,,1,01,14016363369500822533,poiNode__ruin_lvl1_north_alpha
1272,3151,1,1,1,Ruin,,1,01,14016363369500822533,poiNode__ruin_lvl1_north_alpha
1336,3152,1,1,1,Ruin,,1,01,14016363369500822533,poiNode__ruin_lvl1_north_alpha
1226,3154,1,1,1,Ruin,,1,01,14016363369500822533,poiNode__ruin_lvl1_north_alpha
1326,3158,2,2,4,Settlement (Town),,2,0b,16061776806202440392,poiNode__town_lvl2_wood_north_alpha
1536,3160,1,1,1,Ruin,,1,01,14016363369500822533,poiNode__ruin_lvl1_north_alpha
1607,3166,1,1,1,Ruin,,1,01,14016363369500822533,poiNode__ruin_lvl1_north_alpha
1512,3168,1,1,1,Ruin,,1,01,14016363369500822533,poiNode__ruin_lvl1_north_alpha
1643,3169,1,1,1,Ruin,,1,01,14016363369500822533,poiNode__ruin_lvl1_north_alpha
1200,3171,2,2,4,Settlement (Town),,2,07,11324976608404560005,poiNode__town_lvl2_stone_north_alpha
1350,3171,1,1,1,Ruin,,1,01,14016363369500822533,poiNode__ruin_lvl1_north_alpha
1268,3173,2,2,4,Tunnel,,2,,16475068238536626065,poiNode__tunnel_lvl2_north_alpha
1212,3175,2,2,4,Tunnel,,2,,16475068238536626065,poiNode__tunnel_lvl2_north_alpha
1380,3175,2,2,4,Settlement (Town),,2,07,2031811420817545523,poiNode__town_lvl2_food_north_alpha
1470,3175,1,1,1,Ruin,,1,01,14016363369500822533,poiNode__ruin_lvl1_north_alpha
1601,3176,3,3,9,Castle,,2,9f00,3645493891009056158,poiNode__castle_lvl2_north_alpha
1691,3178,1,1,1,Ruin,,1,01,14016363369500822533,poiNode__ruin_lvl1_north_alpha
1273,3179,1,2,2,Tunnel,,2,03,16475068238536626065,poiNode__tunnel_lvl2_north_alpha
1568,3179,1,1,1,Ruin,,1,01,14016363369500822533,poiNode__ruin_lvl1_north_alpha
1647,3179,3,5,15,Bridge,,2,a414,1498553686271999927,poiNode__bridge_5hex_lvl2_alpha
1246,3180,3,3,9,Castle,,2,9f00,3645493891009056158,poiNode__castle_lvl2_north_alpha
1218,3184,2,1,2,Tunnel,,2,03,16475068238536626065,poiNode__tunnel_lvl2_north_alpha
1283,3186,2,2,4,Settlement (Town),,2,0b,11324976608404560005,poiNode__town_lvl2_stone_north_alpha
1415,3191,1,1,1,Ruin,,1,01,14016363369500822533,poiNode__ruin_lvl1_north_alpha
1610,3191,1,1,1,Ruin,,1,01,14016363369500822533,poiNode__ruin_lvl1_north_alpha
1533,3192,2,2,4,Settlement (Town),,2,0b,16061776806202440392,poiNode__town_lvl2_wood_north_alpha
1517,3199,1,1,1,Ruin,,1,01,14016363369500822533,poiNode__ruin_lvl1_north_alpha
1301,3200,2,2,4,Tunnel,,2,06,16475068238536626065,poiNode__tunnel_lvl2_north_alpha
1362,3200,1,1,1,Ruin,,1,01,14016363369500822533,poiNode__ruin_lvl1_north_alpha
1611,3201,1,1,1,Ruin,,1,01,14016363369500822533,poiNode__ruin_lvl1_north_alpha
1295,3205,2,2,4,Tunnel,,2,,16475068238536626065,poiNode__tunnel_lvl2_north_alpha
1586,3206,3,2,6,Dragon Sanctum,,1,1e,9624288521539490250,poiNode__dragonsanctum_lv01_north_alpha
1410,3208,1,1,1,Ruin,,1,01,14016363369500822533,poiNode__ruin_lvl1_north_alpha
1655,3208,2,2,4,Settlement (Town),,2,0b,1070278196290862951,poiNode__town_lvl2_iron_north_alpha
1379,3214,1,1,1,Ruin,,1,01,14016363369500822533,poiNode__ruin_lvl1_north_alpha
1392,3218,1,1,1,Ruin,,1,01,14016363369500822533,poiNode__ruin_lvl1_north_alpha
1571,3218,1,1,1,Ruin,,1,01,14016363369500822533,poiNode__ruin_lvl1_north_alpha
1542,3222,1,1,1,Ruin,,1,01,14016363369500822533,poiNode__ruin_lvl1_north_alpha
1664,3227,1,1,1,Ruin,,1,01,14016363369500822533,poiNode__ruin_lvl1_north_alpha
1605,3228,2,2,4,Settlement (Town),,2,0b,2031811420817545523,poiNode__town_lvl2_food_north_alpha
1350,3229,1,1,1,Ruin,,1,01,14016363369500822533,poiNode__ruin_lvl1_north_alpha
1594,3231,3,3,9,Castle,,2,b700,3645493891009056158,poiNode__castle_lvl2_north_alpha
1330,3232,1,1,1,Ruin,,1,01,14016363369500822533,poiNode__ruin_lvl1_north_alpha
1382,3235,1,1,1,Ruin,,1,01,14016363369500822533,poiNode__ruin_lvl1_north_alpha
1310,3242,1,1,1,Ruin,,1,01,14016363369500822533,poiNode__ruin_lvl1_north_alpha
1370,3245,1,1,1,Ruin,,1,01,14016363369500822533,poiNode__ruin_lvl1_north_alpha
1602,3254,1,1,1,Ruin,,1,01,14016363369500822533,poiNode__ruin_lvl1_north_alpha
