key,name,description,icon,ability_key
habit_dragon_solstryker_slot1_01,Champion's Brilliance,"<style=""Inline_Bold"">At Level 16+ and deployed in the</style> <style=""Inline_Vanguard"">Vanguard</style>
Increase your <style=""Inline_Dragon_Strength"">Strength</style>, <style=""Inline_Dragon_Intelligence"">Intelligence</style>, and <style=""Inline_Dragon_Instinct"">Instinct</style> by <style=""Inline_Positive"">+15</style>. Reduce Damage Received by <style=""Inline_Positive"">-8%</style> of the Ally deployed in the <style=""Inline_RightFlank"">Right Flank</style>. ",Icon_DragonAbility_Habit_ChampionsBrilliance_03.png,ability_habit_rare_championsbrilliance_01
habit_dragon_solstryker_slot2_01,Steady Erosion,"At the start of each round, add 1 Stack of Steady Erosion (Max 10 Stacks) to all Enemies.

Each Stack of Steady Erosion reduces the target's <style=""Inline_Dragon_Strength"">Strength</style> by  {effect_group=1:effect=1:base_mod} (enhanced by <style=""Inline_Dragon_Strength"">Strength</style>) until the end of combat.",Icon_DragonAbility_Habit_SteadyErosion_03.png,ability_habit_rare_steadyerosion_01
habit_dragon_solstryker_slot3_01,Energy Drain,"<style=""Inline_Underline"">Round 1</style>: Reduce <style=""Inline_Dragon_Strength"">Strength</style> and <style=""Inline_Dragon_Speed"">Initiative</style> by {effect_group=1:effect=1:base_mod} of {effect_group=1:number_of_targets} {effect_group=1:target_type} {effect_group=1:target_range} (enhanced by <style=""Inline_Dragon_Instinct"">Instinct</style>) for {effect_group=1:duration_rounds} round(s). ",Icon_DragonAbility_Habit_EnergyDrain_03.png,ability_habit_rare_energydrain_01
habit_dragon_solstryker_slot4_01,Oppressive Onslaught,"<style=""Inline_Underline"">Each Round</style>: {effect_group=1:trigger_chance} chance to afflict <style=""Inline_Debuff"">Overwhelm</style> on {effect_group=1:number_of_targets} {effect_group=1:target_type} {effect_group=1:target_range} for {effect_group=1:duration_rounds} round(s). <style=""Inline_Bold"">Overwhelm</style> prevents the target from using Active <style=""Inline_Command"">Commands</style> and <style=""Inline_Habit"">Habits</style> on their turn.",Icon_DragonAbility_Habit_OppressiveOnslaught_03.png,ability_habit_rare_oppressiveonslaught_01
habit_dragon_solstryker_slot5_01,Robust Insight,"<style=""Inline_Underline"">Start of Combat</style>: Increase your <style=""Inline_Dragon_Strength"">Strength</style> and <style=""Inline_Dragon_Instinct"">Instinct</style> by {effect_group=1:effect=1:base_mod} until the end of combat.",Icon_DragonAbility_Habit_RobustInsight_05.png,ability_habit_rare_robustinsight_01
habit_dragon_solstryker_slot6_01,Amplified Drain,"<style=""Inline_Underline"">Round 4</style>: Reduce <style=""Inline_Dragon_Strength"">Strength</style> and <style=""Inline_Dragon_Speed"">Initiative</style> by {effect_group=1:effect=1:base_mod} of {effect_group=1:number_of_targets} {effect_group=1:target_type} {effect_group=1:target_range} (enhanced by <style=""Inline_Dragon_Instinct"">Instinct</style>) for {effect_group=1:duration_rounds} round(s).",Icon_DragonAbility_Habit_AmplifiedDrain_03.png,ability_habit_rare_amplifieddrain_01
habit_dragon_bevlorin_slot1_01,Champion's Vigor,"<style=""Inline_Bold"">At Level 16+ and deployed in the</style> <style=""Inline_Vanguard"">Vanguard</style>
Increase your <style=""Inline_Recovery"">Recovery</style> Dealt by  <color=green>+15%</color> and <style=""Inline_Dragon_Speed"">Initiative</style> by <style=""Inline_Positive"">+25</style>. Increase the Damage Dealt by <color=green>+8%</color> of the ally deployed in the <style=""Inline_RightFlank"">Right Flank</style>.",Icon_DragonAbility_Habit_ChampionsVigor_03.png,ability_habit_rare_championsvigor_01
habit_dragon_bevlorin_slot2_01,Fire Ward,"<style=""Inline_Underline"">Start of Combat</style>: Grant yourself and 1 other Ally within adjacency 1 stack of <style=""Inline_Buff"">Fire Ward</style>. At the start of each round, if the target Ally retreated in the previous round, grant yourself 1 stack of <style=""Inline_Buff"">Fire Ward</style>.

Each stack of <style=""Inline_Buff"">Fire Ward</style> reduces the target's <style=""Inline_Damage_Fire"">Fire</style> Damage Received by {effect_group=1:effect=1:base_mod} until the end of combat.",Icon_DragonAbility_Habit_FireWard_03.png,ability_habit_rare_fireward_01
habit_dragon_bevlorin_slot3_01,Dragon's Fury,"At the start of combat, increase your <style=""Inline_Damage_Physical"">Physical</style> (<style=""Inline_Command""></style><style=""Inline_Habit""></style>) and <style=""Inline_Damage_Fire"">Fire</style> Damage Dealt by {effect_group=1:effect=1:base_mod} until the end of combat.",Icon_DragonAbility_Habit_DragonsFury_03.png,ability_habit_rare_dragonsfury_01
habit_dragon_bevlorin_slot4_01,Renewal,"<style=""Inline_Command"">Nature's Reckoning</style> gains:
Odd-numbered rounds: Apply <style=""Inline_Recovery"">Recovery</style> (enhanced by <style=""Inline_Dragon_Strength"">Strength</style>) to {ability=ability_command_rare_naturesreckoning_01:effect_group=4:number_of_targets} {ability=ability_command_rare_naturesreckoning_01:effect_group=4:target_type} {ability=ability_command_rare_naturesreckoning_01:effect_group=4:target_range} (Recovery Rate: {ability=ability_command_rare_naturesreckoning_01:effect_group=4:effect=1:base_mod}).",Icon_DragonAbility_Habit_Renewal_03.png,ability_habit_rare_null_01
habit_dragon_bevlorin_slot5_01,Vital Essence,"At the start of combat, increase your <style=""Inline_Dragon_Strength"">Strength</style> by {effect_group=1:effect=1:base_mod} and your </style><style=""Inline_Recovery""></style>Recovery</style> Dealt by {effect_group=1:effect=2:base_mod} until the end of combat.",Icon_DragonAbility_Habit_VitalEssence_03.png,ability_habit_rare_vitalessence_01
habit_dragon_bevlorin_slot6_01,Bountiful Gifts,"Each round, {effect_group=1:trigger_chance} chance to increase the <style=""Inline_Dragon_Strength"">Strength</style> of the Ally with the highest <style=""Inline_Dragon_Strength"">Strength</style>, the <style=""Inline_Dragon_Intelligence"">Intelligence</style> of the Ally with the highest <style=""Inline_Dragon_Intelligence"">Intelligence</style>, the <style=""Inline_Dragon_Instinct"">Instinct</style> of the Ally with the highest <style=""Inline_Dragon_Instinct"">Instinct</style>, and the <style=""Inline_Dragon_Speed"">Initiative</style> of the Ally with the highest <style=""Inline_Dragon_Speed"">Initiative</style> by {effect_group=1:effect=1:base_mod} (enhanced by <style=""Inline_Dragon_Intelligence"">Intelligence</style>) for {effect_group=1:duration_rounds} round(s). The chance is checked separately per target.",Icon_DragonAbility_Habit_BountifulGifts_03.png,ability_habit_rare_bountifulgifts_01
habit_dragon_arulix_slot1_01,Champion's Brilliance,"<style=""Inline_Bold"">At Level 16+ and deployed in the</style> <style=""Inline_Vanguard"">Vanguard</style>
Increase your <style=""Inline_Dragon_Strength"">Strength</style>, <style=""Inline_Dragon_Intelligence"">Intelligence</style>, and <style=""Inline_Dragon_Instinct"">Instinct</style> by <style=""Inline_Positive"">+15</style>. Reduce Damage Received by <style=""Inline_Positive"">-8%</style> of the Ally deployed in the <style=""Inline_RightFlank"">Right Flank</style>. ",Icon_DragonAbility_Habit_ChampionsBrilliance_03.png,ability_habit_rare_championsbrilliance_01
habit_dragon_arulix_slot2_01,Hypnotic Helix,"<style=""Inline_Underline"">Rounds 1, 3, 6, 8</style>: {effect_group=1:trigger_chance} chance to <style=""Inline_Debuff"">Overwhelm</style> {effect_group=1:number_of_targets} {effect_group=1:target_type} {effect_group=1:target_range} for {effect_group=1:duration_rounds} round(s) (prioritize <style=""Inline_Damage_Fire"">Fire</style> Damage dealers).
<style=""Inline_Debuff"">Overwhelm</style> prevents the target from using <style=""Inline_Command"">Active Commands</style> and <style=""Inline_Habit"">Habits</style> on their turn.

<style=""Inline_Underline"">Rounds 2, 4, 7, 9</style>: {effect_group=2:trigger_chance} chance to <style=""Inline_Debuff"">Stagger</style> {effect_group=2:number_of_targets} {effect_group=2:target_type} {effect_group=2:target_range} for {effect_group=2:duration_rounds} round(s) (prioritize <style=""Inline_Damage_Physical"">Physical</style> Damage dealers).
<style=""Inline_Debuff"">Stagger</style> prevents the target from using <style=""Inline_Command"">Attack Modifier Commands</style> or launching <style=""Inline_Attack"">Basic Attacks</style> on their turn.",Icon_DragonAbility_Habit_HypnoticHelix_03.png,ability_habit_rare_hypnotichelix_01
habit_dragon_arulix_slot3_01,Battle Cunning,"<style=""Inline_Underline"">Start of Combat</style>: Reduce <style=""Inline_Dragon_Strength"">Strength</style> and <style=""Inline_Dragon_Intelligence"">Intelligence</style> by {effect_group=1:effect=1:base_mod} (enhanced by <style=""Inline_Dragon_Instinct"">Instinct</style>) of 3 Enemies in any lane until the end of combat.",Icon_DragonAbility_Habit_BattleCunning_05.png,ability_habit_rare_battlecunning_01
habit_dragon_arulix_slot4_01,Spiral Surge,"<style=""Inline_Underline"">Rounds 1, 2, 3, 5, 8</style>: Deal <style=""Inline_Damage_Physical"">Physical</style> Damage to {ability=ability_command_rare_gleamingspiral_01:effect_group=3:number_of_targets} {ability=ability_command_rare_gleamingspiral_01:effect_group=3:target_type} {ability=ability_command_rare_gleamingspiral_01:effect_group=3:target_range} (Damage Rate:{ability=ability_command_rare_gleamingspiral_01:effect_group=3:effect=1:base_mod}). This damage is increased by 1.5x ({ability=ability_command_rare_gleamingspiral_01:effect_group=4:effect=1:base_mod}) on Round 5 and by 2x ({ability=ability_command_rare_gleamingspiral_01:effect_group=5:effect=1:base_mod}) on Round 8.",Icon_DragonAbility_Habit_SpiralSurge_03.png,ability_habit_dpsphysical_01
habit_dragon_arulix_slot5_01,Iron Shell,"<style=""Inline_Underline"">Start of Combat:</style> Reduce <style=""Inline_Damage_Physical"">Physical</style> Damage Received (excluding <style=""Inline_Attack"">Basic Attacks</style>) and <style=""Inline_Damage_Fire"">Fire</style> Damage Received of {effect_group=1:number_of_targets} {effect_group=1:target_type} {effect_group=1:target_range} by {effect_group=1:effect=1:base_mod} until the end of combat.",Icon_DragonAbility_Habit_IronShell_04.png,ability_habit_rare_ironshell_01
habit_dragon_arulix_slot6_01,Mimicry,"<style=""Inline_Underline"">Start of each Round:</style> If any ally is afflicted with <style=""Inline_Debuff"">Weakened</style> or <style=""Inline_Debuff"">Vulnerable</style>, there is a {effect_group=3:trigger_chance} chance to apply that same effect to {effect_group=3:number_of_targets} {effect_group=3:target_type} {effect_group=3:target_range} for {effect_group=3:duration_rounds} round(s).

<style=""Inline_Underline"">Start of each Round:</style> If any enemy is enhanced by <style=""Inline_Buff"">Advantage</style> or <style=""Inline_Buff"">Resistance</style>, there is a {effect_group=1:trigger_chance} chance to apply that same effect to {effect_group=1:number_of_targets} {effect_group=1:target_type} {effect_group=1:target_range} for {effect_group=1:duration_rounds} round(s).",Icon_DragonAbility_Habit_Mimicry_03.png,ability_habit_rare_mimicry_01
habit_dragon_nyrena_slot1_01,Champion's Brilliance,"<style=""Inline_Bold"">At Level 16+ and deployed in the</style> <style=""Inline_Vanguard"">Vanguard</style>
Increase your <style=""Inline_Dragon_Strength"">Strength</style>, <style=""Inline_Dragon_Intelligence"">Intelligence</style>, and <style=""Inline_Dragon_Instinct"">Instinct</style> by <style=""Inline_Positive"">+15</style>. Reduce Damage Received by <style=""Inline_Positive"">-8%</style> of the Ally deployed in the <style=""Inline_RightFlank"">Right Flank</style>. ",Icon_DragonAbility_Habit_ChampionsBrilliance_03.png,ability_habit_rare_championsbrilliance_01
habit_dragon_nyrena_slot2_01,Battle Dread,"<style=""Inline_Underline"">Start of Combat:</style> Reduce the <style=""Inline_Dragon_Strength"">Strength</style> and <style=""Inline_Dragon_Speed"">Initiative</style> (enhanced by <style=""Inline_Dragon_Intelligence"">Intelligence</style>) of {effect_group=1:number_of_targets} {effect_group=1:target_type} {effect_group=1:target_range} by {effect_group=1:effect=1:base_mod} until the end of combat.",Icon_DragonAbility_Habit_BattleDread_04.png,ability_habit_rare_battledread_01
habit_dragon_nyrena_slot3_01,Mindful Synergy,"<style=""Inline_Underline"">Start of Combat:</style> Increase the <style=""Inline_Dragon_Intelligence"">Intelligence</style> and <style=""Inline_Dragon_Instinct"">Instinct</style> (enhanced by <style=""Inline_Dragon_Speed"">Initiative</style>) of {effect_group=1:number_of_targets} {effect_group=1:target_type} {effect_group=1:target_range} by {effect_group=1:effect=1:base_mod} until the end of combat.",Icon_DragonAbility_Habit_MindfulSynergy_04.png,ability_habit_rare_mindfulsynergy_01
habit_dragon_nyrena_slot4_01,Deepen The Breach,"<style=""Inline_Underline"">Start of Round 1</style>: Increase your <style=""Inline_Damage_Fire"">Fire</style> Damage Dealt by {effect_group=2:effect=1:base_mod} for {effect_group=2:duration_rounds} round(s).

<style=""Inline_Underline"">Start of Round 6</style>: Increase the <style=""Inline_Damage_Fire"">Fire</style> Damage Dealt of {effect_group=3:number_of_targets} {effect_group=3:target_type} {effect_group=3:target_range} by {effect_group=3:effect=1:base_mod} for {effect_group=3:duration_rounds} round(s).

<style=""Inline_Underline"">After Combat</style>: Increase your <style=""Inline_Durability"">Tile Damage</style> Dealt to the tile's durability.",Icon_DragonAbility_Habit_DeepenTheBreach_03.png,ability_habit_rare_deepenthebreach_01
habit_dragon_nyrena_slot5_01,Dragon's Ire,"<style=""Inline_Underline"">Start of Combat</style>: Increase your <style=""Inline_Damage_Tactical"">Tactical</style> and <style=""Inline_Damage_Fire"">Fire</style> Damage Dealt by {effect_group=1:effect=1:base_mod} until the end of combat.",Icon_DragonAbility_Habit_DragonsIre_03.png,ability_habit_rare_dragonsire_01
habit_dragon_nyrena_slot6_01,The Long Siege,"<style=""Inline_Underline"">Start of Rounds 6-10</style>: Reduce the <style=""Inline_Damage_Physical"">Physical</style> Damage Received of {effect_group=1:number_of_targets} {effect_group=1:target_type} {effect_group=1:target_range} by {effect_group=1:effect=1:base_mod} until the end of the round.  <style=""Inline_Bold"">When Defending</style>, double this effect ({effect_group=2:effect=1:base_mod}).",Icon_DragonAbility_Habit_TheLongSiege_03.png,ability_habit_rare_thelongsiege_01
habit_dragon_antares_slot1_01,Hunter's Wrath,"<style=""Inline_Bold"">At Level 16+ and deployed in the</style> <style=""Inline_Vanguard"">Vanguard</style>
Increase your <style=""Inline_Damage_Fire"">Fire Damage</style> Dealt by <style=""Inline_Positive"">+16%</style>. Increase <style=""Inline_Dragon_Strength"">Strength</style> and <style=""Inline_Dragon_Speed"">Initiative</style> by <style=""Inline_Positive"">+20</style> of the Ally deployed in the <style=""Inline_RightFlank"">Right Flank</style>.",Icon_DragonAbility_Habit_HuntersWrath_03.png,ability_habit_rare_hunterswrath_01
habit_dragon_antares_slot2_01,Blazing Onslaught,"<style=""Inline_Underline"">Start of Round 1</style>: Increase <style=""Inline_Damage_Fire"">Fire</style> Damage Received of {effect_group=1:number_of_targets} {effect_group=1:target_type} {effect_group=1:target_range} (prioritizes the <style=""Inline_LeftFlank"">Left Flank</style>) and  <style=""Inline_Damage_Physical"">Physical</style> Damage Received (excluding <style=""Inline_Attack"">Basic Attacks</style>) of {effect_group=2:number_of_targets} {effect_group=2:target_type} {effect_group=2:target_range} (prioritizes the <style=""Inline_RightFlank"">Right Flank</style>) by {effect_group=1:effect=1:base_mod} for {effect_group=1:duration_rounds} round(s).",Icon_DragonAbility_Habit_BlazingOnslaught_04.png,ability_habit_rare_blazingonslaught_01
habit_dragon_antares_slot3_01,Dragon's Flair,"<style=""Inline_Underline"">Start of Combat</style>: Increase your <style=""Inline_Damage_Fire"">Fire Damage</style> Dealt by {effect_group=1:effect=1:base_mod} until the end of combat.",Icon_DragonAbility_Habit_DragonsFlair_05.png,ability_habit_rare_dragonsflair_01
habit_dragon_antares_slot4_01,Fiery Precision,"<style=""Inline_Command"">Relentless Pursuit</style> gains:
Each round, deal {ability=ability_command_rare_relentlesspursuit_01:effect_group=3:effect=1:damage_type} Damage to {ability=ability_command_rare_relentlesspursuit_01:effect_group=3:number_of_targets} {ability=ability_command_rare_relentlesspursuit_01:effect_group=3:target_type} {ability=ability_command_rare_relentlesspursuit_01:effect_group=3:target_range} afflicted with <style=""Inline_Debuff"">Slow</style> (Damage Rate: {ability=ability_command_rare_relentlesspursuit_01:effect_group=3:effect=1:base_mod}).",Icon_DragonAbility_Habit_FieryPrecision_03.png,ability_habit_rare_null_01
habit_dragon_antares_slot5_01,Dragon's Intellect,"<style=""Inline_Underline"">Start of Combat</style>: Reduce your Damage Received by {effect_group=1:effect=1:base_mod} and increase your <style=""Inline_Dragon_Intelligence"">Intelligence</style> by {effect_group=1:effect=2:base_mod} until the end of combat.",Icon_DragonAbility_Habit_DragonsIntellect_03.png,ability_habit_rare_dragonsintellect_01
habit_dragon_antares_slot6_01,Redemption,"<style=""Inline_Underline"">Start of Combat</style>: Increase your <style=""Inline_Dragon_Intelligence"">Intelligence</style> and <style=""Inline_Dragon_Speed"">Initiative</style> by {effect_group=1:effect=1:base_mod} until the end of combat.

Start of <style=""Inline_Underline"">Each Round</style>: {effect_group=2:trigger_chance} chance to grant yourself <style=""Inline_Buff"">Immunity</style> to both <style=""Inline_Debuff"">Vulnerable</style> and <style=""Inline_Debuff"">Weakened</style> for {effect_group=2:duration_rounds} round(s).",Icon_DragonAbility_Habit_Redemption_03.png,ability_habit_rare_redemption_01
habit_dragon_jagadrix_slot1_01,Hunter's Wrath,"<style=""Inline_Bold"">At Level 16+ and deployed in the</style> <style=""Inline_Vanguard"">Vanguard</style>
Increase your <style=""Inline_Damage_Fire"">Fire Damage</style> Dealt by <style=""Inline_Positive"">+16%</style>. Increase <style=""Inline_Dragon_Strength"">Strength</style> and <style=""Inline_Dragon_Speed"">Initiative</style> by <style=""Inline_Positive"">+20</style> of the Ally deployed in the <style=""Inline_RightFlank"">Right Flank</style>.",Icon_DragonAbility_Habit_HuntersWrath_03.png,ability_habit_rare_hunterswrath_01
habit_dragon_jagadrix_slot2_01,Enervate,"<style=""Inline_Underline"">Start of Combat</style>: Reduce <style=""Inline_Damage_Tactical"">Tactical</style> Damage Dealt by {effect_group=1:effect=1:base_mod} of 1 Enemy that deals <style=""Inline_Damage_Tactical"">Tactical</style> Damage until the end of combat.",Icon_DragonAbility_Habit_Enervate_03.png,ability_habit_rare_enervate_01
habit_dragon_jagadrix_slot3_01,Second Wind,"<style=""Inline_Underline"">Round 6</style>: Increase your <style=""Inline_Bold"">Damage Dealt</style> by {effect_group=1:effect=1:base_mod} until the end of combat. Additionally, apply <style=""Inline_Recovery"">Recovery</style> (Recovery Rate: {effect_group=2:effect=1:base_mod}) to yourself. Then, afflict yourself with <style=""Inline_Debuff"">Nullify Recovery</style> until the end of combat. <style=""Inline_Debuff"">Nullify Recovery</style> prevents the target from receiving <style=""Inline_Recovery"">Recovery</style>.",Icon_DragonAbility_Habit_SecondWind_03.png,ability_habit_rare_secondwind_01
habit_dragon_jagadrix_slot4_01,Whispering Sabotage,"<style=""Inline_Underline"">Each Round</style>: {effect_group=1:trigger_chance} chance to afflict {effect_group=1:number_of_targets} {effect_group=1:target_type} {effect_group=1:target_range} with <style=""Inline_Debuff"">Weakened</style> ({effect_group=1:effect=1:base_mod}) for {effect_group=1:duration_rounds} round(s).

<style=""Inline_Debuff"">Weakened</style> reduces the target's Damage Dealt.",Icon_DragonAbility_Habit_WhisperingSabotage_03.png,ability_habit_rare_whisperingsabotage_01
habit_dragon_jagadrix_slot5_01,Quick-Witted,"<style=""Inline_Underline"">Start of Combat</style>: Increase your <style=""Inline_Dragon_Intelligence"">Intelligence</style> and <style=""Inline_Dragon_Speed"">Initiative</style> by {effect_group=1:effect=1:base_mod} until the end of combat.",Icon_DragonAbility_Habit_QuickWitted_05.png,ability_habit_rare_quickwitted_01
habit_dragon_jagadrix_slot6_01,Echoes of Deceit,"<style=""Inline_Command"">Cunning Whispers</style> gains:
<style=""Inline_Underline"">Round 1</style>: Reduce the <style=""Inline_Dragon_Instinct"">Instinct</style> and <style=""Inline_Dragon_Speed"">Initiative</style> by {ability=ability_command_rare_cunningwhispers_01:effect_group=3:effect=1:base_mod} (enhanced by <style=""Inline_Dragon_Speed"">Initiative</style>) of the enemy with the highest <style=""Inline_Dragon_Instinct"">Instinct</style> until the end of combat.

<style=""Inline_Underline"">Rounds 3, 6, 9</style>: Deal {ability=ability_command_rare_cunningwhispers_01:effect_group=4:effect=1:damage_type} Damage to all enemies that deal <style=""Inline_Damage_Tactical"">Tactical</style> Damage (Damage Rate: {ability=ability_command_rare_cunningwhispers_01:effect_group=4:effect=1:base_mod}). This damage is doubled if the target is afflicted with <style=""Inline_Damage_Tactical"">Panic</style>.",Icon_DragonAbility_Habit_EchoesofDeceit_03.png,ability_habit_rare_null_01
habit_dragon_shimmer_slot1_01,Sentinel's Presence,"<style=""Inline_Bold"">At Level 16+ and deployed in the</style> <style=""Inline_Vanguard"">Vanguard</style>
Increase your <style=""Inline_Recovery"">Recovery</style> Dealt by <style=""Inline_Positive"">+15%</style> and <style=""Inline_Dragon_Instinct"">Instinct</style> by <style=""Inline_Positive"">+25</style>. Increase <style=""Inline_Damage_Fire"">Fire Damage</style> Dealt by <style=""Inline_Positive"">+16%</style> of the Ally deployed in the <style=""Inline_LeftFlank"">Left Flank</style>.",Icon_DragonAbility_Habit_SentinelsPresence_03.png,ability_habit_rare_sentinelspresence_01
habit_dragon_shimmer_slot2_01,Crushing Force,"<style=""Inline_Underline"">Start of Round 1</style>: Increase the <style=""Inline_Damage_Physical"">Physical</style> Damage Dealt (<style=""Inline_Command""></style><style=""Inline_Habit""></style>) of {effect_group=1:number_of_targets} {effect_group=1:target_type} {effect_group=1:target_range} (prioritizes the <style=""Inline_LeftFlank"">Left Flank</style>) and the <style=""Inline_Damage_Tactical"">Tactical</style> Damage Dealt of {effect_group=2:number_of_targets} {effect_group=2:target_type} {effect_group=2:target_range} (prioritizes the <style=""Inline_RightFlank"">Right Flank</style>) by {effect_group=1:effect=1:base_mod} for {effect_group=1:duration_rounds} round(s).",Icon_DragonAbility_Habit_CrushingForce_03.png,ability_habit_rare_crushingforce_01
habit_dragon_shimmer_slot3_01,Dragon's Insight,"<style=""Inline_Underline"">Start of Combat</style>: Reduce your Damage Received by {effect_group=1:effect=1:base_mod} and increase your <style=""Inline_Dragon_Instinct"">Instinct</style> by {effect_group=1:effect=2:base_mod} until the end of combat.",Icon_DragonAbility_Habit_DragonsInsight_03.png,ability_habit_rare_dragonsinsight_01
habit_dragon_shimmer_slot4_01,Loyal Shield,"<style=""Inline_Command"">Unbreakable Loyalty</style> gains:
<style=""Inline_Underline"">Rounds 2, 4, 7, 9</style>: Apply <style=""Inline_Recovery"">Recovery</style> to {ability=ability_command_rare_unbreakableloyalty_01:effect_group=3:number_of_targets} {ability=ability_command_rare_unbreakableloyalty_01:effect_group=3:target_type} {ability=ability_command_rare_unbreakableloyalty_01:effect_group=3:target_range} (Recovery Rate: {ability=ability_command_rare_unbreakableloyalty_01:effect_group=3:effect=1:base_mod}, enhanced by <style=""Inline_Dragon_Instinct"">Instinct</style>). The amount of <style=""Inline_Recovery"">Recovery</style> is doubled if the target has <style=""Inline_Buff"">Resistance</style> (Recovery Rate: {ability=ability_command_rare_unbreakableloyalty_01:effect_group=4:effect=1:base_mod}, enhanced by <style=""Inline_Dragon_Instinct"">Instinct</style>).",Icon_DragonAbility_Habit_LoyalShield_03.png,ability_habit_rare_null_01
habit_dragon_shimmer_slot5_01,Unbroken Devotion,"<style=""Inline_Underline"">Start of Combat</style>: Increase <style=""Inline_Recovery"">Recovery</style> Received by {effect_group=1:effect=1:base_mod} of {effect_group=1:number_of_targets} {effect_group=1:target_type} {effect_group=1:target_range} until the end of combat.",Icon_DragonAbility_Habit_UnbrokenDevotion_03.png,ability_habit_rare_unbrokendevotion_01
habit_dragon_shimmer_slot6_01,Sneak Attack,"<style=""Inline_Underline"">Each Round</style>: {effect_group=1:trigger_chance} chance to increase <style=""Inline_Damage_Physical"">Physical</style> Damage Dealt by {effect_group=1:effect=1:base_mod} and grant <style=""Inline_Buff"">First-Strike</style> to the Other Ally with the highest <style=""Inline_Dragon_Strength"">Strength</style> for {effect_group=1:duration_rounds} round(s). <style=""Inline_Buff"">First-Strike</style> causes the target to attack before all other combatants each round.",Icon_DragonAbility_Habit_SneakAttack_03.png,ability_habit_rare_sneakattack_01
habit_dragon_vesper_slot1_01,Sentinel's Wit,"<style=""Inline_Bold"">At Level 16+ and deployed in the</style> <style=""Inline_Vanguard"">Vanguard</style>
Increase your <style=""Inline_Damage_Tactical"">Tactical Damage</style> Dealt by <style=""Inline_Positive"">+16%</style>. Increase <style=""Inline_Dragon_Instinct"">Instinct</style> and <style=""Inline_Dragon_Speed"">Initiative</style> by <style=""Inline_Positive"">+20</style> of the Ally deployed in the <style=""Inline_LeftFlank"">Left Flank</style>.",Icon_DragonAbility_Habit_SentinelsWit_03.png,ability_habit_rare_sentinelswit_01
habit_dragon_vesper_slot2_01,Strategic Leader,"<style=""Inline_Underline"">Start of Combat</style>: Increase <style=""Inline_Damage_Tactical"">Tactical</style> Damage Dealt by {effect_group=1:effect=1:base_mod} of 1 Ally in any lane (prioritizes the <style=""Inline_Vanguard"">Vanguard</style>) until the end of combat.",Icon_DragonAbility_Habit_StrategicLeader_03.png,ability_habit_rare_strategicleader_01
habit_dragon_vesper_slot3_01,Dragon's Insight,"<style=""Inline_Underline"">Start of Combat</style>: Reduce your Damage Received by {effect_group=1:effect=1:base_mod} and increase your <style=""Inline_Dragon_Instinct"">Instinct</style> by {effect_group=1:effect=2:base_mod} until the end of combat.",Icon_DragonAbility_Habit_DragonsInsight_03.png,ability_habit_rare_dragonsinsight_01
habit_dragon_vesper_slot4_01,Savior's Waltz,"<style=""Inline_Underline"">Each Round</style>: {effect_group=1:trigger_chance} chance to apply <style=""Inline_Buff"">Resistance</style> ({effect=1:base_mod}) to yourself and 1 other Ally within adjacency for {effect_group=1:duration_rounds} round(s). <style=""Inline_Buff"">Resistance</style> reduces the target's Damage Received.",Icon_DragonAbility_Habit_SaviorsWaltz_03.png,ability_habit_rare_saviorswaltz_01
habit_dragon_vesper_slot5_01,Insightful Allies,"<style=""Inline_Underline"">Start of Combat</style>: Increase <style=""Inline_Dragon_Instinct"">Instinct</style> by {effect_group=1:effect=1:base_mod} (enhanced by <style=""Inline_Dragon_Instinct"">Instinct</style>) of 3 Allies in any lane until the end of combat.",Icon_DragonAbility_Habit_InsightfulAllies_04.png,ability_habit_rare_insightfulallies_01
habit_dragon_vesper_slot6_01,Midnight Onslaught,"<style=""Inline_Underline"">Rounds 6-10</style>: {effect_group=1:trigger_chance} chance to afflict <style=""Inline_Debuff"">Confusion</style> on {effect_group=1:number_of_targets} {effect_group=1:target_type} {effect_group=1:target_range} for {effect_group=1:duration_rounds} round(s). <style=""Inline_Debuff"">Confusion</style> causes the target to have a 50% chance to mistake Allies for Enemies and vice versa each time they activate a <style=""Inline_Command"">Command</style> or <style=""Inline_Habit"">Habit</style>, or launch a <style=""Inline_Attack"">Basic Attack</style> on their turn.",Icon_DragonAbility_Habit_MidnightOnslaught_03.png,ability_habit_rare_midnightonslaught_01
habit_dragon_dawnseeker_slot1_01,Sentinel's Presence,"<style=""Inline_Bold"">At Level 16+ and deployed in the</style> <style=""Inline_Vanguard"">Vanguard</style>
Increase your <style=""Inline_Recovery"">Recovery</style> Dealt by <style=""Inline_Positive"">+15%</style> and <style=""Inline_Dragon_Instinct"">Instinct</style> by <style=""Inline_Positive"">+25</style>. Increase <style=""Inline_Damage_Fire"">Fire Damage</style> Dealt by <style=""Inline_Positive"">+16%</style> of the Ally deployed in the <style=""Inline_LeftFlank"">Left Flank</style>.",Icon_DragonAbility_Habit_SentinelsPresence_03.png,ability_habit_rare_sentinelspresence_01
habit_dragon_dawnseeker_slot2_01,Tactical Inferno,"<style=""Inline_Underline"">Start of Round 1:</style> Increase the <style=""Inline_Damage_Tactical"">Tactical</style> Damage Dealt of {effect_group=1:number_of_targets} {effect_group=1:target_type} {effect_group=1:target_range} (prioritizes the <style=""Inline_LeftFlank"">Left Flank</style>) and the <style=""Inline_Damage_Fire"">Fire</style> Damage Dealt of {effect_group=2:number_of_targets} {effect_group=2:target_type} {effect_group=2:target_range} (prioritizes the <style=""Inline_RightFlank"">Right Flank</style>) by {effect_group=2:effect=1:base_mod} for {effect_group=1:duration_rounds} round(s).",Icon_DragonAbility_Habit_TacticalInferno_03.png,ability_habit_rare_tacticalinferno_01
habit_dragon_dawnseeker_slot3_01,Unbroken Devotion,"<style=""Inline_Underline"">Start of Combat</style>: Increase <style=""Inline_Recovery"">Recovery</style> Received by {effect_group=1:effect=1:base_mod} of {effect_group=1:number_of_targets} {effect_group=1:target_type} {effect_group=1:target_range} until the end of combat.",Icon_DragonAbility_Habit_UnbrokenDevotion_03.png,ability_habit_rare_unbrokendevotion_01
habit_dragon_dawnseeker_slot4_01,Sunbreak,"<style=""Inline_Command"">Radiant Wings</style> gains:
<style=""Inline_Underline"">Rounds 1, 2</style>: Increase the <style=""Inline_Damage_Tactical"">Tactical</style> Damage Rate to {ability=ability_command_rare_radiantwings_01: effect_group=6:effect=1:base_mod}, and increase the <style=""Inline_Recovery"">Recovery</style> Rate to {ability=ability_command_rare_radiantwings_01: effect_group=7:effect=1:base_mod}.",Icon_DragonAbility_Habit_Sunbreak_03.png,ability_habit_rare_null_01
habit_dragon_dawnseeker_slot5_01,Wind's Favor,"<style=""Inline_Underline"">Start of Combat</style>: Increase <style=""Inline_Dragon_Speed"">Initiative</style> by {effect_group=1:effect=1:base_mod} (enhanced by <style=""Inline_Dragon_Speed"">Initiative</style>) of {effect_group=1:number_of_targets} {effect_group=1:target_type} {effect_group=1:target_range} until the end of combat.",Icon_DragonAbility_Habit_WindsFavor_05.png,ability_habit_rare_windsfavor_01
habit_dragon_dawnseeker_slot6_01,First Light,"<style=""Inline_Underline"">Start of Round 1</style>: Increase <style=""Inline_Dragon_Intelligence""> Intelligence</style> and <style=""Inline_Dragon_Instinct""> Instinct</style> (enhanced by <style=""Inline_Dragon_Speed"">Initiative</style>) by {effect_group=1:effect=1:base_mod} of {effect_group=1:number_of_targets} {effect_group=1:target_type} {effect_group=1:target_range} for {effect_group=1:duration_rounds} round(s). 

<style=""Inline_Underline"">Start of Rounds 1-3</style>: {effect_group=2:trigger_chance} chance to grant <style=""Inline_Buff"">First-Strike</style> to {effect_group=2:number_of_targets} {effect_group=2:target_type} {effect_group=2:target_range} until the end of the round.

<style=""Inline_Buff"">First-Strike</style> causes the target to attack before all other combatants each round.",Icon_DragonAbility_Habit_FirstLight_03.png,ability_habit_rare_firstlight_01
habit_dragon_thunderstrike_slot1_01,Warrior's Zeal,"<style=""Inline_Bold"">At Level 16+ and deployed in the</style> <style=""Inline_Vanguard"">Vanguard</style>
Increase your <style=""Inline_Damage_Physical"">Physical Damage (</style><style=""Inline_Command""></style><style=""Inline_Habit""></style><style=""Inline_Negative"">)</style> Dealt by <style=""Inline_Positive"">+16%</style>. Increase <style=""Inline_Dragon_Instinct"">Instinct</style> and <style=""Inline_Dragon_Speed"">Initiative</style> by <style=""Inline_Positive"">+20</style> of the Ally deployed in the <style=""Inline_LeftFlank"">Left Flank</style>.",Icon_DragonAbility_Habit_WarriorsZeal_03.png,ability_habit_rare_warriorszeal_01
habit_dragon_thunderstrike_slot2_01,Battle Rush,"At the start of round 1, increase your <style=""Inline_Dragon_Speed"">Initiative</style> by {effect_group=1:effect=1:base_mod} and reduce <style=""Inline_Dragon_Instinct"">Instinct</style> by {effect_group=2:effect=1:base_mod} (enhanced by <style=""Inline_Dragon_Strength"">Strength</style>) of {effect_group=2:number_of_targets} {effect_group=2:target_type} {effect_group=2:target_range}. Each effect lasts for 3 rounds.",Icon_DragonAbility_Habit_BattleRush_03.png,ability_habit_rare_battlerush_01
habit_dragon_thunderstrike_slot3_01,Dragon's Might,"<style=""Inline_Underline"">Start of Combat</style>: Increase your <style=""Inline_Damage_Physical"">Physical Damage (</style><style=""Inline_Command""></style><style=""Inline_Habit""></style><style=""Inline_Negative"">)</style> Dealt by {effect_group=1:effect=1:base_mod} until the end of combat.",Icon_DragonAbility_Habit_DragonsMight_03.png,ability_habit_rare_dragonsmight_01
habit_dragon_thunderstrike_slot4_01,Barbed Lash,"<style=""Inline_Command"">Tail Whip</style> gains:
<style=""Inline_Underline"">Even-numbered Rounds</style>: Deal {ability=ability_command_rare_tailwhip_01:effect_group=2:effect=1:damage_type} Damage to {ability=ability_command_rare_tailwhip_01:effect_group=2:number_of_targets} {ability=ability_command_rare_tailwhip_01:effect_group=2:target_type} {ability=ability_command_rare_tailwhip_01:effect_group=2:target_range} (Damage Rate: {ability=ability_command_rare_tailwhip_01:effect_group=2:effect=1:base_mod}). Additionally, there is a {ability=ability_command_rare_tailwhip_01:effect_group=3:trigger_chance} chance to afflict the target with <style=""Inline_Damage_Physical"">Bleed</style> for {ability=ability_command_rare_tailwhip_01:effect_group=3:duration_rounds} round(s) (Damage Rate: {ability=ability_command_rare_tailwhip_01:effect_group=3:effect=1:base_mod}). <style=""Inline_Bold"">Bleed</style> deals <style=""Inline_Damage_Physical"">Physical</style> Damage to the target each round.",Icon_DragonAbility_Habit_BarbedLash_03.png,ability_habit_rare_null_01
habit_dragon_thunderstrike_slot5_01,Armor Break,"<style=""Inline_Underline"">Start of Combat</style>: Increase the <style=""Inline_Damage_Physical"">Physical</style> Damage Received by {effect_group=1:effect=1:base_mod} of 1 opposing Enemy until the end of combat.",Icon_DragonAbility_Habit_ArmorBreak_03.png,ability_habit_rare_armorbreak_01
habit_dragon_thunderstrike_slot6_01,Staggering Assault,"<style=""Inline_Underline"">Each Round</style>: {effect_group=1:trigger_chance} to afflict <style=""Inline_Debuff"">Stagger</style> on {effect_group=1:number_of_targets} {effect_group=1:target_type} {effect_group=1:target_range} for 
{effect_group=1:duration_rounds} round(s). The duration is doubled ({effect_group=2:duration_rounds} rounds) if you have <style=""Inline_Buff"">Advantage</style>.
<style=""Inline_Debuff"">Stagger</style> prevents the target from using Attack Modifier <style=""Inline_Command"">Commands</style> or launching <style=""Inline_Attack"">Basic Attacks</style> on their turn.",Icon_DragonAbility_Habit_StaggeringAssault_03.png,ability_habit_rare_staggeringassault_01
habit_dragon_shadowrend_slot1_01,Warrior's Zeal,"<style=""Inline_Bold"">At Level 16+ and deployed in the</style> <style=""Inline_Vanguard"">Vanguard</style>
Increase your <style=""Inline_Damage_Physical"">Physical Damage (</style><style=""Inline_Command""></style><style=""Inline_Habit""></style><style=""Inline_Negative"">)</style> Dealt by <style=""Inline_Positive"">+16%</style>. Increase <style=""Inline_Dragon_Instinct"">Instinct</style> and <style=""Inline_Dragon_Speed"">Initiative</style> by <style=""Inline_Positive"">+20</style> of the Ally deployed in the <style=""Inline_LeftFlank"">Left Flank</style>.",Icon_DragonAbility_Habit_WarriorsZeal_03.png,ability_habit_rare_warriorszeal_01
habit_dragon_shadowrend_slot2_01,Midnight Aura,"<style=""Inline_Underline"">Start of Rounds 7-10</style>: Increase <style=""Inline_Dragon_Strength"">Strength</style>, and <style=""Inline_Dragon_Instinct"">Instinct</style> by {effect_group=1:effect=1:base_mod} (enhanced by <style=""Inline_Dragon_Speed"">Initiative</style>) of {effect_group=1:number_of_targets} {effect_group=1:target_type} {effect_group=1:target_range} until the end of the round.",Icon_DragonAbility_Habit_MidnightAura_03.png,ability_habit_rare_midnightaura_01
habit_dragon_shadowrend_slot3_01,Nimble Resilience,"<style=""Inline_Underline"">Start of Combat</style>: Reduce your Damage Received by {effect_group=1:effect=1:base_mod} and increase your <style=""Inline_Dragon_Speed"">Initiative</style> by {effect_group=1:effect=2:base_mod} until the end of combat.",Icon_DragonAbility_Habit_NimbleResilience_05.png,ability_habit_rare_nimbleresilience_01
habit_dragon_shadowrend_slot4_01,Fueled by Darkness,"<style=""Inline_Underline"">Each Round</style>: {effect_group=1:trigger_chance} chance to grant <style=""Inline_Buff"">Advantage</style> ({effect_group=1:effect=1:base_mod}) to {effect_group=1:number_of_targets} {effect_group=1:target_type} {effect_group=1:target_range} for {effect_group=1:duration_rounds} round(s). This chance is doubled ({effect_group=2:trigger_chance}) when <style=""Inline_Habit"">Midnight Aura</style> is active (Rounds 7-10).",Icon_DragonAbility_Habit_FueledbyDarkness_03.png,ability_habit_rare_fueledbydarkness_01
habit_dragon_shadowrend_slot5_01,Midnight Mastery,"<style=""Inline_Underline"">Start of Rounds 7-10</style>: Increase the <style=""Inline_Damage_Physical"">Physical</style> and <style=""Inline_Damage_Tactical"">Tactical</style> Damage Dealt by {effect_group=1:effect=1:base_mod} of {effect_group=1:number_of_targets} {effect_group=1:target_type} {effect_group=1:target_range} until the end of the round.",Icon_DragonAbility_Habit_MidnightMastery_03.png,ability_habit_rare_midnightmastery_01
habit_dragon_shadowrend_slot6_01,Event Horizon,"<style=""Inline_Command"">Eclipse Fervor</style> gains:
<style=""Inline_Underline"">On Round 9</style>: Deal {ability=ability_command_rare_eclipsefervor_01:effect_group=3:effect=1:damage_type} and {ability=ability_command_rare_eclipsefervor_01:effect_group=3:effect=2:damage_type} Damage to {ability=ability_command_rare_eclipsefervor_01:effect_group=3:number_of_targets} {ability=ability_command_rare_eclipsefervor_01:effect_group=3:target_type} {ability=ability_command_rare_eclipsefervor_01:effect_group=3:target_range} (Damage Rate: {ability=ability_command_rare_eclipsefervor_01:effect_group=3:effect=1:base_mod} per type).",Icon_DragonAbility_Habit_EventHorizon_03.png,ability_habit_dpstactical_01
habit_dragon_arrax_slot1_01,Warrior's Resilience,"<style=""Inline_Bold"">At Level 16+ and deployed in the</style> <style=""Inline_Vanguard"">Vanguard</style>
Reduce your Damage Received by <style=""Inline_Positive"">-8%</style>. Increase <style=""Inline_Damage_Tactical"">Tactical Damage</style> Dealt by <style=""Inline_Positive"">+16%</style> of the Ally deployed in the <style=""Inline_LeftFlank"">Left Flank</style>.",Icon_DragonAbility_Habit_WarriorsResilience_03.png,ability_habit_rare_warriorsresilience_01
habit_dragon_arrax_slot2_01,Headlong Into Danger,"<style=""Inline_Underline"">Start of Round 4</style>: Increase your <style=""Inline_Dragon_Strength"">Strength</style> by {effect_group=1:effect=2:base_mod}, <style=""Inline_Dragon_Speed"">Initiative</style> by {effect_group=1:effect=3:base_mod}, and <style=""Inline_Damage_Physical"">Physical</style> Damage Dealt by {effect_group=1:effect=1:base_mod} for {effect_group=1:duration_rounds} round(s). 
However, also increase your <style=""Inline_Damage_Physical"">Physical</style> Damage Received by {effect_group=2:effect=1:base_mod} and reduce your <style=""Inline_Dragon_Instinct"">Instinct</style> by {effect_group=2:effect=2:base_mod} for {effect_group=2:duration_rounds} round(s).",Icon_DragonAbility_Habit_HeadlongIntoDanger_03.png,ability_habit_rare_headlongintodanger_01
habit_dragon_arrax_slot3_01,Stone Bulwark,"<style=""Inline_Underline"">Start of Combat</style>: Reduce the <style=""Inline_Damage_Tactical"">Tactical</style> and <style=""Inline_Damage_Fire"">Fire</style> Damage Received of {effect_group=1:number_of_targets} {effect_group=1:target_type} {effect_group=1:target_range} by {effect_group=1:effect=1:base_mod} until the end of combat.",Icon_DragonAbility_Habit_StoneBulwark_03.png,ability_habit_rare_stonebulwark_01
habit_dragon_arrax_slot4_01,Adaptive Guard,"<style=""Inline_Bold"">When leading <style=""Inline_Troop_Archers"">Archers</style></style>
<style=""Inline_Underline"">Start of Round 4</style>: Reduce the <style=""Inline_Damage_Tactical"">Tactical</style> Damage Received of {effect_group=1:number_of_targets} {effect_group=1:target_type} {effect_group=1:target_range} by {effect_group=1:effect=1:base_mod} for {effect_group=1:duration_rounds} round(s).

<style=""Inline_Bold"">When leading <style=""Inline_Troop_Shields"">Shieldbearers</style></style>
<style=""Inline_Underline"">Start of Round 4</style>: Reduce the <style=""Inline_Damage_Fire"">Fire</style> Damage Received of {effect_group=2:number_of_targets} {effect_group=2:target_type} {effect_group=2:target_range} by {effect_group=2:effect=1:base_mod} for {effect_group=2:duration_rounds} round(s).",Icon_DragonAbility_Habit_AdaptiveGuard_03.png,ability_habit_rare_adaptiveguard_01
habit_dragon_arrax_slot5_01,Fire Ward,"<style=""Inline_Underline"">Start of Combat</style>: Grant yourself and 1 other Ally within adjacency 1 stack of <style=""Inline_Buff"">Fire Ward</style>. At the start of each round, if the target Ally retreated in the previous round, grant yourself 1 stack of <style=""Inline_Buff"">Fire Ward</style>.

Each stack of <style=""Inline_Buff"">Fire Ward</style> reduces the target's <style=""Inline_Damage_Fire"">Fire</style> Damage Received by {effect_group=1:effect=1:base_mod} until the end of combat.",Icon_DragonAbility_Habit_FireWard_03.png,ability_habit_rare_fireward_01
habit_dragon_arrax_slot6_01,Turn the Line,"<style=""Inline_Underline"">Start of Round 4</style>: Increase the <style=""Inline_Damage_Physical"">Physical</style> Damage Received of {effect_group=1:number_of_targets} {effect_group=1:target_type} {effect_group=1:target_range} by {effect_group=1:effect=1:base_mod} for {effect_group=1:duration_rounds} round(s).",Icon_DragonAbility_Habit_TurntheLine_03.png,ability_habit_rare_turntheline_01
habit_dragon_feskar_slot1_01,Champion's Brilliance,"<style=""Inline_Bold"">At Level 16+ and deployed in the</style> <style=""Inline_Vanguard"">Vanguard</style>
Increase your <style=""Inline_Dragon_Strength"">Strength</style>, <style=""Inline_Dragon_Intelligence"">Intelligence</style>, and <style=""Inline_Dragon_Instinct"">Instinct</style> by <style=""Inline_Positive"">+15</style>. Reduce Damage Received by <style=""Inline_Positive"">-8%</style> of the Ally deployed in the <style=""Inline_RightFlank"">Right Flank</style>. ",Icon_DragonAbility_Habit_ChampionsBrilliance_03.png,ability_habit_rare_championsbrilliance_01
habit_dragon_feskar_slot2_01,Resilient Bond,"<style=""Inline_Underline"">Start of Combat</style>: Grant yourself and 1 other Ally within adjacency 1 stack of <style=""Inline_Buff"">Resilient Bond</style>. At the start of each round, if the target Ally retreated in the previous round, grant yourself 1 stack of <style=""Inline_Buff"">Resilient Bond</style>.

Each stack of <style=""Inline_Buff"">Resilient Bond</style> reduces the target's <style=""Inline_Damage_Physical"">Physical</style> Damage Received (excluding </style><style=""Inline_Attack"">Basic Attacks</style>) by {effect_group=1:effect=1:base_mod} until the end of combat.",Icon_DragonAbility_Habit_ResilientBond_04.png,ability_habit_epic_resilientbond_01
habit_dragon_feskar_slot3_01,Insightful Allies,"<style=""Inline_Underline"">Start of Combat</style>: Increase <style=""Inline_Dragon_Instinct"">Instinct</style> by {effect_group=1:effect=1:base_mod} (enhanced by <style=""Inline_Dragon_Instinct"">Instinct</style>) of 3 Allies in any lane until the end of combat.",Icon_DragonAbility_Habit_InsightfulAllies_04.png,ability_habit_epic_insightfulallies_01
habit_dragon_feskar_slot4_01,Emerald Inferno,"<style=""Inline_Command"">Calculated Assault</style> gains:
<style=""Inline_Underline"">Rounds 3, 5, 8, 10</style>: Deal {ability=ability_command_epic_calculatedassault_01:effect_group=3:effect=1:damage_type} Damage to all Enemies that deal <style=""Inline_Damage_Physical"">Physical</style> Damage (excluding <style=""Inline_Attack>Basic Attacks</style>) (Damage Rate: {ability=ability_command_epic_calculatedassault_01:effect_group=3:effect=1:base_mod}). This damage is increased by 1.5x against targets afflicted with <style=""Inline_Damage_Fire"">Burn</style> (Damage Rate: {ability=ability_command_epic_calculatedassault_01:effect_group=4:effect=1:base_mod}).",Icon_DragonAbility_Habit_EmeraldInferno_04.png,ability_habit_dpsdragonfire_01
habit_dragon_feskar_slot5_01,Quick-Witted,"<style=""Inline_Underline"">Start of Combat</style>: Increase your <style=""Inline_Dragon_Intelligence"">Intelligence</style> and <style=""Inline_Dragon_Speed"">Initiative</style> by {effect_group=1:effect=1:base_mod} until the end of combat.",Icon_DragonAbility_Habit_QuickWitted_03.png,ability_habit_epic_quickwitted_01
habit_dragon_feskar_slot6_01,Unyielding Grasp,"<style=""Inline_Underline"">Each Round</style>: {effect_group=1:trigger_chance} chance to <style=""Inline_Debuff"">Stagger</style> {effect_group=1:number_of_targets} {effect_group=1:target_type} {effect_group=1:target_range} (prioritizes <style=""Inline_Breed_Warrior"">Warriors</style>) for {effect_group=1:duration_rounds} round(s).

<style=""Inline_Debuff"">Stagger</style> prevents the target from using <style=""Inline_Command"">Attack Modifier Commands</style> or launching <style=""Inline_Attack"">Basic Attacks</style> on their turn.",Icon_DragonAbility_Habit_UnyieldingGrasp_04.png,ability_habit_epic_unyieldinggrasp_01
habit_dragon_rhysarion_slot1_01,Champion's Vigor,"<style=""Inline_Bold"">At Level 16+ and deployed in the</style> <style=""Inline_Vanguard"">Vanguard</style>
Increase your <style=""Inline_Recovery"">Recovery</style> Dealt by  <color=green>+15%</color> and <style=""Inline_Dragon_Speed"">Initiative</style> by <style=""Inline_Positive"">+25</style>. Increase the Damage Dealt by <color=green>+8%</color> of the ally deployed in the <style=""Inline_RightFlank"">Right Flank</style>.",Icon_DragonAbility_Habit_ChampionsVigor_03.png,ability_habit_rare_championsvigor_01
habit_dragon_rhysarion_slot2_01,Ebbing Fury,"<style=""Inline_Underline"">Start of Round 1</style>: Reduce Damage Dealt of all Enemies <style=""Inline_Negative"">AND</style> Allies by {effect_group=1:effect=1:base_mod} for 3 rounds.

<style=""Inline_Underline"">Start of Round 4</style>: Apply <style=""Inline_Recovery"">Recovery</style> (Recovery Rate: {effect_group=3:effect=1:base_mod}, enhanced by <style=""Inline_Dragon_Strength"">Strength</style>) to 3 Allies in any lane.",Icon_DragonAbility_Habit_EbbingFury_04.png,ability_habit_epic_ebbingfury_01
habit_dragon_rhysarion_slot3_01,Sharp Resolve,"<style=""Inline_Underline"">Start of Combat</style>: Increase your <style=""Inline_Dragon_Strength"">Strength</style> and <style=""Inline_Dragon_Intelligence"">Intelligence</style> by {effect_group=1:effect=1:base_mod} until the end of combat.",Icon_DragonAbility_Habit_SharpResolve_04.png,ability_habit_epic_sharpresolve_01
habit_dragon_rhysarion_slot4_01,Echoing Melody,"<style=""Inline_Command"">Dawnsong</style> gains:
<style=""Inline_Underline"">Rounds 2, 5, 8</style>: Apply <style=""Inline_Recovery"">Recovery</style> to {ability=ability_command_epic_dawnsong_01:effect_group=4:number_of_targets} {ability=ability_command_epic_dawnsong_01:effect_group=4:target_type} {ability=ability_command_epic_dawnsong_01:effect_group=4:target_range} (Recovery Rate: {ability=ability_command_epic_dawnsong_01:effect_group=4:effect=1:base_mod}, enhanced by <style=""Inline_Dragon_Intelligence"">Intelligence</style>).",Icon_DragonAbility_Habit_EchoingMelody_04.png,ability_habit_rare_null_01
habit_dragon_rhysarion_slot5_01,Unbroken Devotion,"<style=""Inline_Underline"">Start of Combat</style> Increase <style=""Inline_Recovery"">Recovery</style> Received by {effect_group=1:effect=1:base_mod} of {effect_group=1:number_of_targets} {effect_group=1:target_type} {effect_group=1:target_range} until the end of combat.",Icon_DragonAbility_Habit_UnbrokenDevotion_03.png,ability_habit_epic_unbrokendevotion_01
habit_dragon_rhysarion_slot6_01,Inspiring Melody,"<style=""Inline_Underline"">Each Round</style>: {effect_group=1:trigger_chance} chance to increase <style=""Inline_Dragon_Speed"">Initiative</style> by {effect_group=1:effect=1:base_mod} (enhanced by <style=""Inline_Dragon_Intelligence"">Intelligence</style>) and grant <style=""Inline_Buff"">Resistance</style> ({effect_group=1:effect=2:base_mod}) to {effect_group=1:number_of_targets} {effect_group=1:target_type} {effect_group=1:target_range} for {effect_group=1:duration_rounds} round(s).

<style=""Inline_Buff"">Resistance</style> reduces the target's Damage Received.",Icon_DragonAbility_Habit_InspiringMelody_04.png,ability_habit_epic_inspiringmelody_01
habit_dragon_tessarion_slot1_01,Champion's Brilliance,"<style=""Inline_Bold"">At Level 16+ and deployed in the</style> <style=""Inline_Vanguard"">Vanguard</style>
Increase your <style=""Inline_Dragon_Strength"">Strength</style>, <style=""Inline_Dragon_Intelligence"">Intelligence</style>, and <style=""Inline_Dragon_Instinct"">Instinct</style> by <style=""Inline_Positive"">+15</style>. Reduce Damage Received by <style=""Inline_Positive"">-8%</style> of the Ally deployed in the <style=""Inline_RightFlank"">Right Flank</style>. ",Icon_DragonAbility_Habit_ChampionsBrilliance_03.png,ability_habit_rare_championsbrilliance_01
habit_dragon_tessarion_slot2_01,Sharpened Beauty,"<style=""Inline_Underline"">Start of Each Round:</style> Increase your <style=""Inline_Damage_Physical"">Physical</style> and <style=""Inline_Damage_Fire"">Fire</style> Damage Dealt by {effect_group=1:effect=1:base_mod} until the end of the round. Double these effects ({effect_group=2:effect=1:base_mod}) if you are <style=""Inline_Bold"">above 75% Troop Capacity</style> or if you have <style=""Inline_Buff"">Advantage</style>.",Icon_DragonAbility_Habit_SharpenedBeauty_04.png,ability_habit_epic_sharpenedbeauty_01
habit_dragon_tessarion_slot3_01,Blazing Leader,"<style=""Inline_Underline"">Start of Combat</style>: Increase the <style=""Inline_Damage_Fire"">Fire</style> Damage Dealt by {effect_group=1:effect=1:base_mod} of 1 Ally in any lane (prioritizes the <style=""Inline_LeftFlank"">Left Flank</style>) until the end of combat.",Icon_DragonAbility_Habit_BlazingLeader_03.png,ability_habit_epic_blazingleader_01
habit_dragon_tessarion_slot4_01,Molten Armor,"<style=""Inline_Underline"">Start of Odd-numbered Rounds:</style> {effect_group=1:trigger_chance} chance to increase your <style=""Inline_Damage_Fire"">Fire</style> Damage Dealt by {effect_group=1:effect=1:base_mod} and reduce the <style=""Inline_Damage_Physical"">Physical</style> Damage Received by {effect_group=2:effect=1:base_mod} of {effect_group=2:number_of_targets} {effect_group=2:target_type} {effect_group=2:target_range}. If you are afflicted with <style=""Inline_Damage_Tactical"">Panic</style>, also apply the reduced <style=""Inline_Damage_Physical"">Physical</style> Damage Received effect to yourself. Each effect lasts for {effect_group=1:duration_rounds} round(s).",Icon_DragonAbility_Habit_MoltenArmor_04.png,ability_habit_epic_moltenarmor_01
habit_dragon_tessarion_slot5_01,Clever Maneuver,"<style=""Inline_Underline"">Start of Combat</style>: Increase <style=""Inline_Dragon_Intelligence"">Intelligence</style> by {effect_group=1:effect=1:base_mod} and <style=""Inline_Dragon_Speed"">Initiative</style> by {effect_group=1:effect=2:base_mod} of the Ally with the highest <style=""Inline_Dragon_Intelligence"">Intelligence</style> until the end of combat. Both effects are enhanced by <style=""Inline_Dragon_Instinct"">Instinct</style>.",Icon_DragonAbility_Habit_CleverManeuver_05.png,ability_habit_epic_clevermaneuver_01
habit_dragon_tessarion_slot6_01,The Blue Queen,"<style=""Inline_Underline"">Start of Odd-numbered Rounds:</style> {effect_group=1:trigger_chance} chance to reduce the Damage Received by {effect_group=1:effect=2:base_mod} and increase the <style=""Inline_Dragon_Intelligence"">Intelligence</style> (enhanced by <style=""Inline_Dragon_Intelligence"">Intelligence</style>) by {effect_group=1:effect=1:base_mod} of {effect_group=1:number_of_targets} {effect_group=1:target_type} {effect_group=1:target_range} that deals <style=""Inline_Damage_Fire"">Fire</style> Damage for {effect_group=1:duration_rounds} round(s).
If you are <style=""Inline_Bold"">above 75% Troop Capacity</style>, double the Damage Received reduction ({effect_group=2:effect=2:base_mod}) and <style=""Inline_Dragon_Intelligence"">Intelligence</style> increase ({effect_group=2:effect=1:base_mod}).",Icon_DragonAbility_Habit_TheBlueQueen_05.png,ability_habit_epic_bluequeen_01
habit_dragon_moonsheen_slot1_01,<color=purple>Work in Progress</color>,<color=purple>Work in Progress</color>,Icon_DragonAbility_BasicAttack.png,ability_habit_rare_null_01
habit_dragon_moonsheen_slot2_01,<color=purple>Work in Progress</color>,<color=purple>Work in Progress</color>,Icon_DragonAbility_BasicAttack.png,ability_habit_rare_null_01
habit_dragon_moonsheen_slot3_01,<color=purple>Work in Progress</color>,<color=purple>Work in Progress</color>,Icon_DragonAbility_BasicAttack.png,ability_habit_rare_null_01
habit_dragon_moonsheen_slot4_01,<color=purple>Work in Progress</color>,<color=purple>Work in Progress</color>,Icon_DragonAbility_BasicAttack.png,ability_habit_rare_null_01
habit_dragon_moonsheen_slot5_01,<color=purple>Work in Progress</color>,<color=purple>Work in Progress</color>,Icon_DragonAbility_BasicAttack.png,ability_habit_rare_null_01
habit_dragon_moonsheen_slot6_01,<color=purple>Work in Progress</color>,<color=purple>Work in Progress</color>,Icon_DragonAbility_BasicAttack.png,ability_habit_rare_null_01
habit_dragon_shadowsong_slot1_01,Hunter's Wrath,"<style=""Inline_Bold"">At Level 16+ and deployed in the</style> <style=""Inline_Vanguard"">Vanguard</style>
Increase your <style=""Inline_Damage_Fire"">Fire Damage</style> Dealt by <style=""Inline_Positive"">+16%</style>. Increase <style=""Inline_Dragon_Strength"">Strength</style> and <style=""Inline_Dragon_Speed"">Initiative</style> by <style=""Inline_Positive"">+20</style> of the Ally deployed in the <style=""Inline_RightFlank"">Right Flank</style>.",Icon_DragonAbility_Habit_HuntersWrath_03.png,ability_habit_rare_hunterswrath_01
habit_dragon_shadowsong_slot2_01,Ensnare,"<style=""Inline_Underline"">Round 1</style>: Reduce <style=""Inline_Dragon_Instinct"">Instinct</style> and <style=""Inline_Dragon_Speed"">Initiative</style> by {effect_group=1:effect=1:base_mod} (enhanced by <style=""Inline_Dragon_Intelligence"">Intelligence</style>) of {effect_group=1:number_of_targets} {effect_group=1:target_type} {effect_group=1:target_range} for {effect_group=1:duration_rounds} round(s).",Icon_DragonAbility_Habit_Ensnare_04.png,ability_habit_epic_ensnare_01
habit_dragon_shadowsong_slot3_01,Blazing Onslaught,"<style=""Inline_Underline"">Start of Round 1</style>: Increase <style=""Inline_Damage_Fire"">Fire</style> Damage Received of {effect_group=1:number_of_targets} {effect_group=1:target_type} {effect_group=1:target_range} (prioritizes the <style=""Inline_LeftFlank"">Left Flank</style>) and  <style=""Inline_Damage_Physical"">Physical</style> Damage Received (excluding <style=""Inline_Attack"">Basic Attacks</style>) of {effect_group=2:number_of_targets} {effect_group=2:target_type} {effect_group=2:target_range} (prioritizes the <style=""Inline_RightFlank"">Right Flank</style>) by {effect_group=1:effect=1:base_mod} for {effect_group=1:duration_rounds} round(s).",Icon_DragonAbility_Habit_BlazingOnslaught_04.png,ability_habit_epic_blazingonslaught_01
habit_dragon_shadowsong_slot4_01,Scorched Earth,"<style=""Inline_Underline"">Each Round</style>: {effect_group=2:trigger_chance} chance to afflict <style=""Inline_Debuff"">Vulnerable</style> ({effect_group=2:effect=1:base_mod}) on {effect_group=1:number_of_targets} {effect_group=1:target_type} {effect_group=1:target_range} for {effect_group=2:duration_rounds} round(s). This chance is doubled ({effect_group=3:trigger_chance}) against targets afflicted with <style=""Inline_Damage_Tactical"">Panic</style>.

<style=""Inline_Debuff"">Vulnerable</style> increases the target's Damage Received.",Icon_DragonAbility_Habit_ScorchedEarth_04.png,ability_habit_epic_scorchedearth_01
habit_dragon_shadowsong_slot5_01,Dragon's Intellect,"<style=""Inline_Underline"">Start of Combat</style>: Reduce your Damage Received by {effect_group=1:effect=1:base_mod} and increase your <style=""Inline_Dragon_Intelligence"">Intelligence</style> by {effect_group=1:effect=2:base_mod} until the end of combat.",Icon_DragonAbility_Habit_DragonsIntellect_03.png,ability_habit_epic_dragonsintellect_01
habit_dragon_shadowsong_slot6_01,Blazing Conductor,"<style=""Inline_Command"">Breath of Fire</style> gains:
<style=""Inline_Underline"">Rounds 2, 5, 8</style>: Deal {ability=ability_command_epic_breathoffire_01:effect_group=4:effect=1:damage_type} Damage to {ability=ability_command_epic_breathoffire_01:effect_group=4:number_of_targets} {ability=ability_command_epic_breathoffire_01:effect_group=4:target_type} {ability=ability_command_epic_breathoffire_01:effect_group=4:target_range} (Damage Rate: {ability=ability_command_epic_breathoffire_01:effect_group=4:effect=1:base_mod}) and there is a {ability=ability_command_epic_breathoffire_01:effect_group=5:trigger_chance} chance to afflict the target with <style=""Inline_Damage_Fire"">Burn</style> for {ability=ability_command_epic_breathoffire_01:effect_group=5:duration_rounds} round(s). Then deal {ability=ability_command_epic_breathoffire_01:effect_group=6:effect=1:damage_type} Damage to a different {ability=ability_command_epic_breathoffire_01:effect_group=6:target_type} {ability=ability_command_epic_breathoffire_01:effect_group=6:target_range} (Damage Rate: {ability=ability_command_epic_breathoffire_01:effect_group=6:effect=1:base_mod}) and there is a {ability=ability_command_epic_breathoffire_01:effect_group=7:trigger_chance} chance to afflict the target with <style=""Inline_Damage_Fire"">Burn</style> for {ability=ability_command_epic_breathoffire_01:effect_group=7:duration_rounds} round(s).

<style=""Inline_Damage_Fire"">Burn</style> deals <style=""Inline_Damage_Fire"">Fire</style> Damage to the target each round.",Icon_DragonAbility_Habit_BlazingConductor_04.png,ability_habit_rare_null_01
habit_dragon_tashix_slot1_01,Hunter's Cunning,"<style=""Inline_Bold"">At Level 16+ and deployed in the</style> <style=""Inline_Vanguard"">Vanguard</style>
Increase your <style=""Inline_Recovery"">Recovery</style> Received by <style=""Inline_Positive"">+20%</style> and <style=""Inline_Dragon_Intelligence"">Intelligence</style> by <style=""Inline_Positive"">+25</style>. Increase <style=""Inline_Damage_Physical"">Physical Damage</style> Dealt by <style=""Inline_Positive"">+10%</style> of the Ally deployed in the <style=""Inline_RightFlank"">Right Flank</style>.",Icon_DragonAbility_Habit_HuntersCunning_03.png,ability_habit_rare_hunterscunning_01
habit_dragon_tashix_slot2_01,Enervate,"<style=""Inline_Underline"">Start of Combat</style>: Reduce <style=""Inline_Damage_Tactical"">Tactical</style> Damage Dealt by {effect_group=1:effect=1:base_mod} of 1 Enemy that deals <style=""Inline_Damage_Tactical"">Tactical</style> Damage until the end of combat.",Icon_DragonAbility_Habit_Enervate_03.png,ability_habit_epic_enervate_01
habit_dragon_tashix_slot3_01,Dragon's Cunning,"<style=""Inline_Underline"">Start of Combat</style>: Increase your <style=""Inline_Dragon_Intelligence"">Intelligence</style> by {effect_group=1:effect=1:base_mod} and reduce <style=""Inline_Dragon_Instinct"">Instinct</style> by {effect_group=2:effect=1:base_mod} (enhanced by <style=""Inline_Dragon_Speed"">Initiative</style>) of 2 Enemies within adjacency. Each effect lasts until the end of combat.",Icon_DragonAbility_Habit_DragonsCunning_04.png,ability_habit_epic_dragonscunning_01
habit_dragon_tashix_slot4_01,Cunning Ruse,"<style=""Inline_Underline"">Each Round</style>: {effect_group=1:trigger_chance} chance to gain 1 stack of <style=""Inline_Buff"">Mirage</style> (Max 10 Stacks).

Each stack of <style=""Inline_Buff"">Mirage</style> increases your <style=""Inline_Damage_Fire"">Fire Damage</style> Dealt by {effect_group=1:effect=1:base_mod} until the end of combat.

<style=""Inline_Underline"">Each Round</style> If you have 4 or more stacks of <style=""Inline_Buff"">Mirage</style>, there is a {effect_group=2:trigger_chance} chance to afflict 3 Enemies in any lane with <style=""Inline_Debuff"">Weakened</style> ({effect_group=2:effect=1:base_mod}) for {effect_group=2:duration_rounds} round(s). This chance is checked separately for each target and is doubled ({effect_group=5:trigger_chance}) against targets that deal <style=""Inline_Damage_Tactical"">Tactical</style> Damage.

<style=""Inline_Debuff"">Weakened</style> reduces the target's Damage Dealt.",Icon_DragonAbility_Habit_CunningRuse_04.png,ability_habit_epic_cunningruse_01
habit_dragon_tashix_slot5_01,Battle Guile,"<style=""Inline_Underline"">Start of Combat</style> Reduce <style=""Inline_Dragon_Instinct"">Instinct</style> and <style=""Inline_Dragon_Speed"">Initiative</style> by {effect_group=1:effect=1:base_mod} (enhanced by <style=""Inline_Dragon_Speed"">Initiative</style>) of {effect_group=1:number_of_targets} {effect_group=1:target_type} {effect_group=1:target_range} until the end of combat.",Icon_DragonAbility_Habit_BattleGuile_04.png,ability_habit_epic_battleguile_01
habit_dragon_tashix_slot6_01,Veiled Ambush,"<style=""Inline_Underline"">Each Round</style>: {effect_group=1:trigger_chance} chance to gain 1 stack of <style=""Inline_Buff"">Mirage</style> (Max 10 Stacks).

Each stack of <style=""Inline_Buff"">Mirage</style> increases your <style=""Inline_Damage_Fire"">Fire</style> Damage Dealt by {effect_group=1:effect=1:base_mod} until the end of combat.

<style=""Inline_Underline"">Each Round</style>: If you 7 or more stacks of <style=""Inline_Buff"">Mirage</style>, deal <style=""Inline_Damage_Fire"">Fire</style> Damage (Damage Rate: {effect_group=2:effect=1:base_mod}) to the Enemy with the most troops. This effect can only trigger once per combat.",Icon_DragonAbility_Habit_VeiledAmbush_04.png,ability_habit_epic_veiledambush_01
habit_dragon_smoketail_slot1_01,Hunter's Wrath,"<style=""Inline_Bold"">At Level 16+ and deployed in the</style> <style=""Inline_Vanguard"">Vanguard</style>
Increase your <style=""Inline_Damage_Fire"">Fire Damage</style> Dealt by <style=""Inline_Positive"">+16%</style>. Increase <style=""Inline_Dragon_Strength"">Strength</style> and <style=""Inline_Dragon_Speed"">Initiative</style> by <style=""Inline_Positive"">+20</style> of the Ally deployed in the <style=""Inline_RightFlank"">Right Flank</style>.",Icon_DragonAbility_Habit_HuntersWrath_03.png,ability_habit_rare_hunterswrath_01
habit_dragon_smoketail_slot2_01,Ember Snare,"At the start of round 1, reduce <style=""Inline_Dragon_Speed"">Initiative</style> by {effect_group=1:effect=1:base_mod} (enhanced by <style=""Inline_Dragon_Intelligence"">Intelligence</style>) of 1 Enemy in any lane (prioritizes the <style=""Inline_LeftFlank"">Left Flank</style>) until the end of combat. Also, at the start of each round, there is a {effect_group=2:trigger_chance} chance to afflict 1 Enemy in any lane (prioritizes the <style=""Inline_LeftFlank"">Left Flank</style>) with <style=""Inline_Debuff"">Burn</style> (Damage Rate: {effect_group=2:effect=1:base_mod}) for 2 rounds. This effect only triggers once per combat.",Icon_DragonAbility_BasicAttack.png,ability_habit_epic_embersnare_01
habit_dragon_smoketail_slot3_01,Ashen Phantom,"At the start of each round, reduce the <style=""Inline_Damage_Fire"">Fire</style> and <style=""Inline_Damage_Tactical"">Tactical</style> Damage Dealt by <style=""Inline_Negative"">{effect_group=1:effect=1:base_mod}</style> of all Enemies below 50% max troop capacity until the end of the round.",Icon_DragonAbility_BasicAttack.png,ability_habit_epic_ashenphantom_01
habit_dragon_smoketail_slot4_01,Champion's Scourge,"<style=""Inline_Command"">Veilflame</style> has a {ability=ability_command_epic_veilflame_01:effect_group=3:trigger_chance} chance to deal <style=""Inline_Damage_Fire"">Fire Damage</style> (Damage Rate: {effect_group=3:effect=1:base_mod}) to {effect_group=3:number_of_targets} {effect_group=3:target_type} {effect_group=3:target_range}. If the target is a Champion, this damage is tripled.",Icon_DragonAbility_BasicAttack.png,ability_habit_rare_null_01
habit_dragon_smoketail_slot5_01,Backdraft,"At the start of combat, increase the <style=""Inline_Damage_Fire"">Fire Damage</style> Received by {effect_group=1:effect=1:base_mod} of {effect_group=1:number_of_targets} {effect_group=1:target_type} {effect_group=1:target_range} until the end of combat.",Icon_DragonAbility_BasicAttack.png,ability_habit_epic_backdraft_01
habit_dragon_smoketail_slot6_01,Unraveled,"At the start of each round, for each enemy below 25% max troop capacity (includes enemies that have retreated), reduce the <style=""Inline_Dragon_Intelligence"">Intelligence</style>, <style=""Inline_Dragon_Speed"">Initiative</style>, and <style=""Inline_Dragon_Instinct"">Instinct</style> of {effect_group=7:number_of_targets} {effect_group=7:target_type} {effect_group=7:target_range} by <style=""Inline_Negative"">{effect_group=7:effect=1:base_mod}</style> (enhanced by <style=""Inline_Dragon_Strength"">Strength</style>) until the end of the round.",Icon_DragonAbility_BasicAttack.png,ability_habit_epic_unraveled_01
habit_dragon_tairax_slot1_01,Hunter's Wrath,"<style=""Inline_Bold"">At Level 16+ and deployed in the</style> <style=""Inline_Vanguard"">Vanguard</style>
Increase your <style=""Inline_Damage_Fire"">Fire Damage</style> Dealt by <style=""Inline_Positive"">+16%</style>. Increase <style=""Inline_Dragon_Strength"">Strength</style> and <style=""Inline_Dragon_Speed"">Initiative</style> by <style=""Inline_Positive"">+20</style> of the Ally deployed in the <style=""Inline_RightFlank"">Right Flank</style>.",Icon_DragonAbility_Habit_HuntersWrath_03.png,ability_habit_rare_hunterswrath_01
habit_dragon_tairax_slot2_01,Whisper of Ash,"<u>Start of Round 1</u>: Reduce the <style=""Inline_Dragon_Strength"">Strength</style> and <style=""Inline_Dragon_Speed"">Initiative</style> by {effect_group=1:effect=1:base_mod} (enhanced by <style=""Inline_Dragon_Intelligence"">Intelligence</style>) of {effect_group=1:number_of_targets} {effect_group=1:target_type} {effect_group=1:target_range} for {effect_group=1:duration_rounds} round(s).

<u>Start of Round 6</u>: Increase your <style=""Inline_Dragon_Intelligence"">Intelligence</style> and <style=""Inline_Dragon_Speed"">Initiative</style> by {effect_group=2:effect=1:base_mod} for {effect_group=2:duration_rounds} round(s).",Icon_DragonAbility_Habit_WhisperofAsh_04.png,ability_habit_epic_whisperofash_01
habit_dragon_tairax_slot3_01,Sunder,"<u>Start of Each Round</u>: Increase the <style=""Inline_Bold"">Damage Received</style> by {effect_group=1:effect=1:base_mod} of all enemies afflicted with a <style=""Inline_Debuff"">Control</style> effect until the end of the round.
<style=""Inline_Debuff"">Control</style> effects include Stun, Stagger, Overwhelm, and Confusion.",Icon_DragonAbility_Habit_Sunder_03.png,ability_habit_epic_sunder_01
habit_dragon_tairax_slot4_01,Gleamstrike,"<style=""Inline_Command"">Burning Ward</style> gains:
<u>Odd-numbered Rounds</u>: Increase chance to afflict <style=""Inline_Debuff"">Stagger</style> to {ability=ability_command_epic_burningward_01:effect_group=4:trigger_chance}.
<style=""Inline_Debuff"">Stagger</style> prevents the target from using Attack Modifier Commands or launching <style=""Inline_Attack"">Basic Attacks</style>.

<u>Each Round</u>: Deal {ability=ability_command_epic_burningward_01:effect_group=5:effect=1:damage_type} Damage to all Enemies afflicted with a <style=""Inline_Debuff"">Control</style> effect (Damage Rate: {ability=ability_command_epic_burningward_01:effect_group=5:effect=1:base_mod}).
<style=""Inline_Debuff"">Control</style> effects include Stun, Stagger, Overwhelm, and Confusion.",Icon_DragonAbility_Habit_Gleamstrike_04.png,ability_habit_dpsphysical_01
habit_dragon_tairax_slot5_01,Gift of Fire,"<style=""Inline_Underline"">Start of each Round</style>: For each enemy afflicted with <style=""Inline_Damage_Fire"">Burn</style>, {effect_group=4:trigger_chance} chance to apply <style=""Inline_Buff"">Resistance</style> ({effect_group=4:effect=1:base_mod}) to {effect_group=4:number_of_targets} {effect_group=4:target_type} {effect_group=4:target_range} for {effect_group=4:duration_rounds} round(s) (prioritizes targets not already affected by <style=""Inline_Buff"">Resistance</style>).

<style=""Inline_Buff"">Resistance</style> reduces the target's Damage Received.",Icon_DragonAbility_Habit_GiftofFire_04.png,ability_habit_epic_giftoffire_01
habit_dragon_tairax_slot6_01,Moonlit Hunt,"<style=""Inline_Underline"">Start of Round 1</style>: Grant yourself <style=""Inline_Buff"">Evade</style> for {effect_group=1:duration_rounds} round(s).
<style=""Inline_Buff"">Evade</style> causes each instance of damage against the target to have a chance to be ignored.

<style=""Inline_Underline"">Start of Round 6</style>: Increase your <style=""Inline_Damage_Fire"">Fire</style> Damage Dealt by {effect_group=2:effect=1:base_mod} for {effect_group=2:duration_rounds} round(s).",Icon_DragonAbility_Habit_MoonlitHunt_04.png,ability_habit_epic_moonlithunt_01
habit_dragon_velar_slot1_01,Sentinel's Wit,"<style=""Inline_Bold"">At Level 16+ and deployed in the</style> <style=""Inline_Vanguard"">Vanguard</style>
Increase your <style=""Inline_Damage_Tactical"">Tactical Damage</style> Dealt by <style=""Inline_Positive"">+16%</style>. Increase <style=""Inline_Dragon_Instinct"">Instinct</style> and <style=""Inline_Dragon_Speed"">Initiative</style> by <style=""Inline_Positive"">+20</style> of the Ally deployed in the <style=""Inline_LeftFlank"">Left Flank</style>.",Icon_DragonAbility_Habit_SentinelsWit_03.png,ability_habit_rare_sentinelswit_01
habit_dragon_velar_slot2_01,Strategic Leader,"<style=""Inline_Underline"">Start of Combat</style>: Increase <style=""Inline_Damage_Tactical"">Tactical</style> Damage Dealt by {effect_group=1:effect=1:base_mod} of 1 Ally in any lane (prioritizes the <style=""Inline_Vanguard"">Vanguard</style>) until the end of combat.",Icon_DragonAbility_Habit_StrategicLeader_04.png,ability_habit_epic_strategicleader_01
habit_dragon_velar_slot3_01,Quick Reflexes,"<style=""Inline_Underline"">Start of Combat</style>: Increase your <style=""Inline_Dragon_Instinct"">Instinct</style> and <style=""Inline_Dragon_Speed"">Initiative</style> by {effect_group=1:effect=1:base_mod} until the end of combat.",Icon_DragonAbility_Habit_QuickReflexes_03.png,ability_habit_epic_quickreflexes_01
habit_dragon_velar_slot4_01,Gales of Power,"<style=""Inline_Underline"">Rounds 2, 4, 6, 8</style>: {effect_group=1:trigger_chance} chance to grant <style=""Inline_Buff"">First-Strike</style> to {effect_group=1:number_of_targets} {effect_group=1:target_type} {effect_group=1:target_range} and afflict <style=""Inline_Debuff"">Slow</style> on {effect_group=4:number_of_targets} {effect_group=4:target_type} {effect_group=4:target_range}. Each effect is checked separately per target and lasts for {effect_group=1:duration_rounds} round(s).

<style=""Inline_Buff"">First-Strike</style> causes the target to attack before all other combatants each round.
<style=""Inline_Debuff"">Slow</style> causes the target to attack after all other combatants each round.",Icon_DragonAbility_Habit_GalesofPower_04.png,ability_habit_epic_galesofpower_01
habit_dragon_velar_slot5_01,Fierce Unity,"<style=""Inline_Underline"">Start of Combat</style>: Increase <style=""Inline_Dragon_Strength"">Strength</style> and <style=""Inline_Dragon_Instinct"">Instinct</style> by {effect_group=1:effect=1:base_mod} (enhanced by <style=""Inline_Dragon_Speed"">Initiative</style>) of 3 Allies in any lane until the end of combat.",Icon_DragonAbility_Habit_FierceUnity_04.png,ability_habit_epic_fierceunity_01
habit_dragon_velar_slot6_01,Breath of Renewal,"<style=""Inline_Command"">Whirlwind</style> gains:
<style=""Inline_Underline"">Each Round</style>: {ability=ability_command_epic_whirlwind_01:effect_group=4:trigger_chance} chance to <style=""Inline_Buff"">Cleanse</style> 1 instance of <style=""Inline_Damage_Physical"">Bleed</style>, <style=""Inline_Damage_Tactical"">Panic</style>, or <style=""Inline_Damage_Fire"">Burn</style> from each Ally. This chance is checked separately per target.

<style=""Inline_Underline"">Rounds 2, 4, 6, 8</style>: Apply <style=""Inline_Recovery"">Recovery</style> to {ability=ability_command_epic_whirlwind_01:effect_group=3:number_of_targets} {ability=ability_command_epic_whirlwind_01:effect_group=3:target_type} {ability=ability_command_epic_whirlwind_01:effect_group=3:target_range} (Recovery Rate: {ability=ability_command_epic_whirlwind_01:effect_group=3:effect=1:base_mod}, enhanced by <style=""Inline_Dragon_Speed"">Initiative</style>).",Icon_DragonAbility_Habit_BreathofRenewal_04.png,ability_habit_rare_null_01
habit_dragon_zivern_slot1_01,Sentinel's Wit,"<style=""Inline_Bold"">At Level 16+ and deployed in the</style> <style=""Inline_Vanguard"">Vanguard</style>
Increase your <style=""Inline_Damage_Tactical"">Tactical Damage</style> Dealt by <style=""Inline_Positive"">+16%</style>. Increase <style=""Inline_Dragon_Instinct"">Instinct</style> and <style=""Inline_Dragon_Speed"">Initiative</style> by <style=""Inline_Positive"">+20</style> of the Ally deployed in the <style=""Inline_LeftFlank"">Left Flank</style>.",Icon_DragonAbility_Habit_SentinelsWit_03.png,ability_habit_rare_sentinelswit_01
habit_dragon_zivern_slot2_01,Battle Mastery,"<style=""Inline_Underline"">Start of Combat</style>: Reduce the <style=""Inline_Dragon_Strength"">Strength</style> and <style=""Inline_Dragon_Instinct"">Instinct</style> (enhanced by <style=""Inline_Dragon_Intelligence"">Intelligence</style>) of 3 enemies by {effect_group=1:effect=1:base_mod} until the end of combat.",Icon_DragonAbility_Habit_BattleMastery_03.png,ability_habit_epic_battlemastery_01
habit_dragon_zivern_slot3_01,Keen Instinct,"<style=""Inline_Underline"">Start of Combat</style>: Increase your <style=""Inline_Dragon_Intelligence"">Intelligence</style> and <style=""Inline_Dragon_Instinct"">Instinct</style> by {effect_group=1:effect=2:base_mod} until the end of combat.",Icon_DragonAbility_Habit_KeenInstincts_03.png,ability_habit_epic_keeninstincts_01
habit_dragon_zivern_slot4_01,Fearsome Reach,"<style=""Inline_Underline"">Odd-numbered Rounds</style>: {effect_group=1:trigger_chance} chance to reduce the <style=""Inline_Dragon_Instinct"">Instinct</style> (enhanced by <style=""Inline_Dragon_Intelligence"">Intelligence</style>) by {effect_group=1:effect=1:base_mod} and afflict <style=""Inline_Damage_Tactical"">Panic</style> (Damage Rate: {effect_group=2:effect=1:base_mod}) on {effect_group=1:number_of_targets} {effect_group=1:target_type} {effect_group=1:target_range} for {effect_group=1:duration_rounds} round(s).

<style=""Inline_Damage_Tactical"">Panic</style> deals <style=""Inline_Damage_Tactical"">Tactical</style> Damage to the target each round.",Icon_DragonAbility_Habit_FearsomeReach_04.png,ability_habit_epic_fearsomereach_01
habit_dragon_zivern_slot5_01,Steel Shroud,"<style=""Inline_Underline"">Start of Combat</style>: Reduce <style=""Inline_Damage_Physical"">Physical</style> Damage Received (excluding <style=""Inline_Attack"">Basic Attacks</style>) and <style=""Inline_Damage_Tactical"">Tactical</style> Damage Received by {effect_group=1:effect=1:base_mod} of 2 other Allies in any lane until the end of combat.",Icon_DragonAbility_Habit_SteelShroud_04.png,ability_habit_epic_steelshroud_01
habit_dragon_zivern_slot6_01,Cloak of Terror,"<style=""Inline_Underline"">Odd-numbered Rounds</style>: {effect_group=2:trigger_chance} chance to afflict <style=""Inline_Debuff"">Overwhelm</style> on {effect_group=2:number_of_targets} {effect_group=2:target_type} {effect_group=2:target_range} for {effect_group=2:duration_rounds} round(s). This chance is doubled ({effect_group=3:trigger_chance}) if the target is afflicted with <style=""Inline_Debuff"">Vulnerable</style>.

<style=""Inline_Debuff"">Overwhelm</style> prevents the target from using <style=""Inline_Command"">Active Commands</style> and <style=""Inline_Habit"">Habits</style> on their turn.",Icon_DragonAbility_Habit_CloakofTerror_04.png,ability_habit_epic_cloakofterror_01
habit_dragon_starshower_slot1_01,Sentinel's Wit,"<style=""Inline_Bold"">At Level 16+ and deployed in the</style> <style=""Inline_Vanguard"">Vanguard</style>
Increase your <style=""Inline_Damage_Tactical"">Tactical Damage</style> Dealt by <style=""Inline_Positive"">+16%</style>. Increase <style=""Inline_Dragon_Instinct"">Instinct</style> and <style=""Inline_Dragon_Speed"">Initiative</style> by <style=""Inline_Positive"">+20</style> of the Ally deployed in the <style=""Inline_LeftFlank"">Left Flank</style>.",Icon_DragonAbility_Habit_SentinelsWit_03.png,ability_habit_rare_sentinelswit_01
habit_dragon_starshower_slot2_01,Night Guardian,"<style=""Inline_Underline"">Each Round</style>: {effect_group=1:trigger_chance} chance to <style=""Inline_Buff"">Cleanse</style> 1 <style=""Inline_Debuff"">Negative</style> effect from {effect_group=1:number_of_targets} {effect_group=1:target_type} {effect_group=1:target_range} and grant them <style=""Inline_Buff"">Evade</style> (Rate: 10%) for {effect_group=2:duration_rounds} round(s).
<style=""Inline_Buff"">Evade</style> causes each instance of damage against the target to have a chance to be ignored.",Icon_DragonAbility_Habit_NightGuardian_04.png,ability_habit_epic_nightguardian_01
habit_dragon_starshower_slot3_01,Battle Subversion,"<style=""Inline_Underline"">Start of Combat</style>: Reduce the <style=""Inline_Dragon_Intelligence"">Intelligence</style> and <style=""Inline_Dragon_Speed"">Initiative</style> (enhanced by <style=""Inline_Dragon_Instinct"">Instinct</style>) of {effect_group=1:number_of_targets} {effect_group=1:target_type} {effect_group=1:target_range} by {effect_group=1:effect=1:base_mod} until the end of combat.",Icon_DragonAbility_Habit_BattleSubversion_03.png,ability_habit_epic_battlesubversion_01
habit_dragon_starshower_slot4_01,Ill Portents,"<style=""Inline_Command"">Starfall</style> gains:
<style=""Inline_Underline"">Each Round</style>: Increase the <style=""Inline_Damage_Tactical"">Tactical</style> Damage dealt when consuming <style=""Inline_Debuff"">Solar Flare</style> to {ability=ability_command_epic_starfall_01:effect_group=7:effect=1:base_mod}. 

<style=""Inline_Underline"">Rounds 6-10</style>: <style=""Inline_Bold"">If no Enemy has <style=""Inline_Debuff"">Solar Flare</style></style>, mark {ability=ability_command_epic_starfall_01:effect_group=3:number_of_targets} {ability=ability_command_epic_starfall_01:effect_group=3:target_type} {ability=ability_command_epic_starfall_01:effect_group=3:target_range} with <style=""Inline_Debuff"">Solar Flare</style>. This effect can only trigger once per combat.",Icon_DragonAbility_Habit_IllPortents_04.png,ability_habit_rare_null_01
habit_dragon_starshower_slot5_01,Tactical Breach,"<style=""Inline_Underline"">Start of Combat</style>: Increase the <style=""Inline_Damage_Tactical"">Tactical</style> Damage Received by {effect_group=1:effect=1:base_mod} of {effect_group=1:number_of_targets} {effect_group=1:target_type} {effect_group=1:target_range} until the end of combat.",Icon_DragonAbility_Habit_TacticalBreach_05.png,ability_habit_epic_tacticalbreach_01
habit_dragon_starshower_slot6_01,Wishkeeper's Grace,"<style=""Inline_Command"">Starfall</style> gains:
<style=""Inline_Underline"">When you consume a <style=""Inline_Debuff"">Solar Flare</style> mark</style>: Reduce the <style=""Inline_Buff""></style>Damage Received by {ability=ability_command_epic_starfall_01:effect_group=9:effect=1:base_mod} of {ability=ability_command_epic_starfall_01:effect_group=9:number_of_targets} {ability=ability_command_epic_starfall_01:effect_group=9:target_type} {ability=ability_command_epic_starfall_01:effect_group=9:target_range} for {ability=ability_command_epic_starfall_01:effect_group=9:duration_rounds} round(s).
If you have <style=""Inline_Buff"">Resistance</style>, increase this effect by 1.5x ({ability=ability_command_epic_starfall_01:effect_group=12:effect=1:base_mod}).
If you have <style=""Inline_Buff"">Advantage</style>, this effect instead applies to {ability=ability_command_epic_starfall_01:effect_group=12:number_of_targets} {ability=ability_command_epic_starfall_01:effect_group=12:target_type} {ability=ability_command_epic_starfall_01:effect_group=12:target_range}.",Icon_DragonAbility_Habit_WishkeepersGrace_04.png,ability_habit_rare_null_01
habit_dragon_vaeldra_slot1_01,Warrior's Resilience,"<style=""Inline_Bold"">At Level 16+ and deployed in the</style> <style=""Inline_Vanguard"">Vanguard</style>
Reduce your Damage Received by <style=""Inline_Positive"">-8%</style>. Increase <style=""Inline_Damage_Tactical"">Tactical Damage</style> Dealt by <style=""Inline_Positive"">+16%</style> of the Ally deployed in the <style=""Inline_LeftFlank"">Left Flank</style>.",Icon_DragonAbility_Habit_WarriorsResilience_03.png,ability_habit_rare_warriorsresilience_01
habit_dragon_vaeldra_slot2_01,Dragon's Valor,"<style=""Inline_Underline"">Start of Combat</style>: Reduce your Damage Received by {effect_group=1:effect=1:base_mod} and increase your <style=""Inline_Dragon_Strength"">Strength</style> by {effect_group=1:effect=2:base_mod} until the end of combat.",Icon_DragonAbility_Habit_DragonsValor_04.png,ability_habit_epic_dragonsvalor_01
habit_dragon_vaeldra_slot3_01,Ensnare,"<style=""Inline_Underline"">Round 1</style>: Reduce <style=""Inline_Dragon_Instinct"">Instinct</style> and <style=""Inline_Dragon_Speed"">Initiative</style> by {effect_group=1:effect=1:base_mod} (enhanced by <style=""Inline_Dragon_Intelligence"">Intelligence</style>) of {effect_group=1:number_of_targets} {effect_group=1:target_type} {effect_group=1:target_range} for {effect_group=1:duration_rounds} round(s).",Icon_DragonAbility_Habit_Ensnare_04.png,ability_habit_epic_ensnare_01
habit_dragon_vaeldra_slot4_01,Tempting Distraction,"<style=""Inline_Underline"">When you afflict an Enemy with <style=""Inline_Debuff"">Taunt</style></style>: Increase their <style=""Inline_Damage_Physical"">Physical</style> Damage Received (excluding <style=""Inline_Attack"">Basic Attacks</style>) and <style=""Inline_Damage_Fire"">Fire</style> Damage Received by {ability=ability_command_epic_lure_01:effect_group=3:effect=1:base_mod} for {ability=ability_command_epic_lure_01:effect_group=3:duration_rounds} round(s).",Icon_DragonAbility_Habit_TemptingDistraction_04.png,ability_habit_rare_null_01
habit_dragon_vaeldra_slot5_01,Infernal Force,"<style=""Inline_Underline"">Start of Round 1</style>: Increase the <style=""Inline_Damage_Fire"">Fire</style> Damage Dealt of 1 Ally in any lane (prioritizes the <style=""Inline_LeftFlank"">Left Flank</style>) and the <style=""Inline_Damage_Physical"">Physical</style> Damage Dealt (excluding <style=""Inline_Attack"">Basic Attacks</style> ) of 1 Ally in any lane (prioritizes the <style=""Inline_RightFlank"">Right Flank</style>) by {effect_group=2:effect=1:base_mod}. Each effect lasts for 3 rounds.",Icon_DragonAbility_Habit_InfernalForce_04.png,ability_habit_epic_infernalforce_01
habit_dragon_vaeldra_slot6_01,Siren's Call,"<style=""Inline_Underline"">Start of Round 1</style>: Reduce your <style=""Inline_Damage_Physical"">Physical</style> Damage Received by {effect_group=1:effect=1:base_mod} for {effect_group=1:duration_rounds} round(s).

<style=""Inline_Underline"">Start of Rounds 1-3</style>: {effect_group=2:trigger_chance} chance to <style=""Inline_Debuff"">Taunt</style> all Enemies until the end of the round. Targets that are already afflicted with <style=""Inline_Debuff"">Taunt</style> will be afflicted with <style=""Inline_Debuff"">Stagger</style> instead.

<style=""Inline_Debuff"">Taunt</style> forces the target to launch their <style=""Inline_Attack"">Basic Attacks</style> against this dragon.
<style=""Inline_Debuff"">Stagger</style> prevents the target from using Attack Modifier <style=""Inline_Command"">Commands</style> or launching <style=""Inline_Attack"">Basic Attacks</style> on their turn.",Icon_DragonAbility_Habit_SirensCall_04.png,ability_habit_epic_sirenscall_01
habit_dragon_daemoros_slot1_01,Warrior's Zeal,"<style=""Inline_Bold"">At Level 16+ and deployed in the</style> <style=""Inline_Vanguard"">Vanguard</style>
Increase your <style=""Inline_Damage_Physical"">Physical Damage (</style><style=""Inline_Command""></style><style=""Inline_Habit""></style><style=""Inline_Negative"">)</style> Dealt by <style=""Inline_Positive"">+16%</style>. Increase <style=""Inline_Dragon_Instinct"">Instinct</style> and <style=""Inline_Dragon_Speed"">Initiative</style> by <style=""Inline_Positive"">+20</style> of the Ally deployed in the <style=""Inline_LeftFlank"">Left Flank</style>.",Icon_DragonAbility_Habit_WarriorsZeal_03.png,ability_habit_rare_warriorszeal_01
habit_dragon_daemoros_slot2_01,Instill Fear,"<style=""Inline_Underline"">Each Round</style>: {effect_group=1:trigger_chance} chance to reduce <style=""Inline_Dragon_Intelligence"">Intelligence</style> and <style=""Inline_Dragon_Instinct"">Instinct</style> by {effect_group=1:effect=1:base_mod} (enhanced by <style=""Inline_Dragon_Strength"">Strength</style>) and afflict <style=""Inline_Damage_Tactical"">Panic</style> (Damage Rate: {effect_group=2:effect=1:base_mod}) on {effect_group=1:number_of_targets} {effect_group=1:target_type} {effect_group=1:target_range} (prioritizes the <style=""Inline_RightFlank"">Right Flank</style>). Each effect lasts for {effect_group=1:duration_rounds} round(s).

<style=""Inline_Damage_Tactical"">Panic</style> deals <style=""Inline_Damage_Tactical"">Tactical</style> Damage to the target each round.",Icon_DragonAbility_Habit_InstillFear_04.png,ability_habit_epic_instillfear_01
habit_dragon_daemoros_slot3_01,Powerful Reflexes,"<style=""Inline_Underline"">Start of Combat</style>: Increase your <style=""Inline_Dragon_Strength"">Strength</style> and <style=""Inline_Dragon_Speed"">Initiative</style> by {effect_group=1:effect=1:base_mod} until the end of combat.",Icon_DragonAbility_Habit_PowerfulReflexes_04.png,ability_habit_epic_powerfulreflexes_01
habit_dragon_daemoros_slot4_01,Shroud of Shadows,"<style=""Inline_Underline"">Odd-numbered Rounds</style>: {effect_group=1:trigger_chance} chance to afflict <style=""Inline_Debuff"">Confusion</style> on {effect_group=1:number_of_targets} {effect_group=1:target_type} {effect_group=1:target_range} for {effect_group=1:duration_rounds} round(s). 

<style=""Inline_Debuff"">Confusion</style> causes the target to have a 50% chance to mistake Allies for Enemies and vice versa each time they activate a <style=""Inline_Command"">Command</style> or <style=""Inline_Habit"">Habit</style>,  or launch a <style=""Inline_Attack"">Basic Attack</style> on their turn.",Icon_DragonAbility_Habit_ShroudOfShadows_04.png,ability_habit_epic_shroudofshadows_01
habit_dragon_daemoros_slot5_01,Darkening Fear,"<style=""Inline_Underline"">Each Round</style>: {effect_group=1:trigger_chance} chance to reduce <style=""Inline_Dragon_Intelligence"">Intelligence</style> and <style=""Inline_Dragon_Instinct"">Instinct</style> by {effect_group=1:effect=1:base_mod} (enhanced by <style=""Inline_Dragon_Strength"">Strength</style>) and afflict <style=""Inline_Damage_Tactical"">Panic</style> (Damage Rate: {effect_group=2:effect=1:base_mod}) on {effect_group=1:number_of_targets} {effect_group=1:target_type} {effect_group=1:target_range} (prioritizes the <style=""Inline_LeftFlank"">Left Flank</style>). Each effect lasts for {effect_group=1:duration_rounds} round(s).

<style=""Inline_Damage_Tactical"">Panic</style> deals <style=""Inline_Damage_Tactical"">Tactical</style> Damage to the target each round.",Icon_DragonAbility_Habit_DarkeningFear_04.png,ability_habit_epic_darkeningfear_01
habit_dragon_daemoros_slot6_01,Phantom's Veil,"<style=""Inline_Underline"">Start of Each Round</style> Reduce either your <style=""Inline_Damage_Physical"">Physical</style>, <style=""Inline_Damage_Tactical"">Tactical</style>, OR <style=""Inline_Damage_Fire"">Fire</style> Damage Received by {effect_group=1:effect=1:base_mod} until the end of the round.",Icon_DragonAbility_Habit_PhantomsVeil_04.png,ability_habit_epic_phantomsveil_01
habit_dragon_vermax_slot1_01,Warrior's Zeal,"<style=""Inline_Bold"">At Level 16+ and deployed in the</style> <style=""Inline_Vanguard"">Vanguard</style>
Increase your <style=""Inline_Damage_Physical"">Physical Damage (</style><style=""Inline_Command""></style><style=""Inline_Habit""></style><style=""Inline_Negative"">)</style> Dealt by <style=""Inline_Positive"">+16%</style>. Increase <style=""Inline_Dragon_Instinct"">Instinct</style> and <style=""Inline_Dragon_Speed"">Initiative</style> by <style=""Inline_Positive"">+20</style> of the Ally deployed in the <style=""Inline_LeftFlank"">Left Flank</style>.",Icon_DragonAbility_Habit_WarriorsZeal_03.png,ability_habit_rare_warriorszeal_01
habit_dragon_vermax_slot2_01,Trial by Flame,"<u>Start of Each Round</u>: Reduce the <style=""Inline_Damage_Fire"">Fire</style> Damage Received of all allies <b>below 75% troop capacity</b> by {effect_group=1:effect=1:base_mod} until the end of the round. This effect is doubled ({effect_group=2:effect=1:base_mod}) for target's <b>below 50% troop capacity</b>, and tripled ({effect_group=3:effect=1:base_mod}) for targets <b>below 25% troop capacity</b>.",Icon_DragonAbility_Habit_TrialbyFlame_04.png,ability_habit_epic_trialbyflame_01
habit_dragon_vermax_slot3_01,Reactive Instincts,"<u>Start of Combat</u>: Increase <style=""Inline_Dragon_Instinct"">Instinct</style> by {effect_group=1:effect=1:base_mod} and <style=""Inline_Dragon_Speed"">Initiative</style> by {effect_group=1:effect=2:base_mod} of the Ally with the highest <style=""Inline_Dragon_Instinct"">Instinct</style> until the end of combat. Both effects are enhanced by <style=""Inline_Dragon_Strength"">Strength</style>.",Icon_DragonAbility_Habit_ReactiveInstincts_04.png,ability_habit_epic_reactiveinstincts_01
habit_dragon_vermax_slot4_01,Rallying Flame,"<style=""Inline_Underline"">Start of Combat</style>: {effect_group=4:trigger_chance} chance to grant yourself 1 stack of <style=""Inline_Buff"">Rallying Flame</style> (Max 4 Stacks) until the end of combat. Repeat this chance <b>for each enemy</b> that deals <style=""Inline_Damage_Fire"">Fire</style> Damage.

Each stack of <b>Rallying Flame</b> increases your <style=""Inline_Damage_Physical"">Physical</style> Damage Dealt by {effect_group=4:effect=1:base_mod}.

<style=""Inline_Underline"">Start of Combat</style>: {effect_group=8:trigger_chance} chance to grant 1 stack of <style=""Inline_Buff"">Spreading Blaze</style> (Max 10 Stacks) to 1 Ally that deals <style=""Inline_Damage_Tactical"">Tactical</style> Damage until the end of combat. Repeat this chance <b>for each enemy</b> that deals <style=""Inline_Damage_Fire"">Fire</style> Damage.

Each stack of <style=""Inline_Buff"">Spreading Blaze</style> increases the target's <style=""Inline_Damage_Tactical"">Tactical</style> Damage Dealt by {effect_group=8:effect=1:base_mod} until the end of combat.",Icon_DragonAbility_Habit_RallyingFlame_04.png,ability_habit_epic_rallyingflame_01
habit_dragon_vermax_slot5_01,Dragon's Valor,"<style=""Inline_Underline"">Start of Combat</style>: Reduce your Damage Received by {effect_group=1:effect=1:base_mod} and increase your <style=""Inline_Dragon_Strength"">Strength</style> by {effect_group=1:effect=2:base_mod} until the end of combat.",Icon_DragonAbility_Habit_DragonsValor_04.png,ability_habit_epic_dragonsvalor_01
habit_dragon_vermax_slot6_01,Unyielding Resolve,"<style=""Inline_Underline"">Start of Each Round</style>: {effect_group=1:trigger_chance} chance to grant yourself <style=""Inline_Buff"">Advantage</style> ({effect_group=1:effect=1:base_mod}) for {effect_group=1:duration_rounds} round(s). This chance is increased by 1.5x ({effect_group=2:trigger_chance}) if you are afflicted with <style=""Inline_Debuff"">Weakened</style>, and if successful removes the <style=""Inline_Debuff"">Weakened</style> effect.

<style=""Inline_Buff"">Advantage</style> increases the target's Damage Dealt.",Icon_DragonAbility_Habit_UnyieldingResolve_03.png,ability_habit_epic_unyieldingresolve_01
habit_dragon_thrandar_slot1_01,<color=purple>Work in Progress</color>,<color=purple>Work in Progress</color>,Icon_DragonAbility_BasicAttack.png,ability_habit_rare_null_01
habit_dragon_thrandar_slot2_01,<color=purple>Work in Progress</color>,<color=purple>Work in Progress</color>,Icon_DragonAbility_BasicAttack.png,ability_habit_rare_null_01
habit_dragon_thrandar_slot3_01,<color=purple>Work in Progress</color>,<color=purple>Work in Progress</color>,Icon_DragonAbility_BasicAttack.png,ability_habit_rare_null_01
habit_dragon_thrandar_slot4_01,<color=purple>Work in Progress</color>,<color=purple>Work in Progress</color>,Icon_DragonAbility_BasicAttack.png,ability_habit_rare_null_01
habit_dragon_thrandar_slot5_01,<color=purple>Work in Progress</color>,<color=purple>Work in Progress</color>,Icon_DragonAbility_BasicAttack.png,ability_habit_rare_null_01
habit_dragon_thrandar_slot6_01,<color=purple>Work in Progress</color>,<color=purple>Work in Progress</color>,Icon_DragonAbility_BasicAttack.png,ability_habit_rare_null_01
habit_dragon_kalspire_slot1_01,Champion's Brilliance,"<style=""Inline_Bold"">At Level 16+ and deployed in the</style> <style=""Inline_Vanguard"">Vanguard</style>
Increase your <style=""Inline_Dragon_Strength"">Strength</style>, <style=""Inline_Dragon_Intelligence"">Intelligence</style>, and <style=""Inline_Dragon_Instinct"">Instinct</style> by <style=""Inline_Positive"">+15</style>. Reduce Damage Received by <style=""Inline_Positive"">-8%</style> of the Ally deployed in the <style=""Inline_RightFlank"">Right Flank</style>. ",Icon_DragonAbility_Habit_ChampionsBrilliance_03.png,ability_habit_rare_championsbrilliance_01
habit_dragon_kalspire_slot2_01,Robust Insight,"<style=""Inline_Underline"">Start of Combat</style>: Increase your <style=""Inline_Dragon_Strength"">Strength</style> and <style=""Inline_Dragon_Instinct"">Instinct</style> by {effect_group=1:effect=1:base_mod} until the end of combat.",Icon_DragonAbility_Habit_RobustInsight_05.png,ability_habit_legendary_robustinsight_01
habit_dragon_kalspire_slot3_01,Battle Cunning,"<style=""Inline_Underline"">Start of Combat</style>: Reduce <style=""Inline_Dragon_Strength"">Strength</style> and <style=""Inline_Dragon_Intelligence"">Intelligence</style> by {effect_group=1:effect=1:base_mod} (enhanced by <style=""Inline_Dragon_Instinct"">Instinct</style>) of 3 Enemies in any lane until the end of combat.",Icon_DragonAbility_Habit_BattleCunning_05.png,ability_habit_legendary_battlecunning_01
habit_dragon_kalspire_slot4_01,Tactical Assault,"<style=""Inline_Command"">Tactical Strike</style> gains:
<style=""Inline_Underline"">After each <style=""Inline_Attack"">Basic Attack</style></style>: Deal {ability=ability_command_legendary_tacticalstrike_01:effect_group=4:effect=1:damage_type} Damage to {ability=ability_command_legendary_tacticalstrike_01:effect_group=4:number_of_targets} {ability=ability_command_legendary_tacticalstrike_01:effect_group=4:target_type} {ability=ability_command_legendary_tacticalstrike_01:effect_group=4:target_range} that was not the target of your <style=""Inline_Attack"">Basic Attack</style> (Damage Rate: {ability=ability_command_legendary_tacticalstrike_01:effect_group=4:effect=1:base_mod}). Additionally, there is a {ability=ability_command_legendary_tacticalstrike_01:effect_group=6:trigger_chance} chance to afflict the target and {ability=ability_command_legendary_tacticalstrike_01:effect_group=6:number_of_targets} other {ability=ability_command_legendary_tacticalstrike_01:effect_group=6:target_type} {ability=ability_command_legendary_tacticalstrike_01:effect_group=6:target_range} with <style=""Inline_Damage_Tactical"">Panic</style> for {ability=ability_command_legendary_tacticalstrike_01:effect_group=6:duration_rounds} round(s). Chance is checked separately for each target.

<style=""Inline_Damage_Tactical"">Panic</style> deals <style=""Inline_Damage_Tactical"">Tactical</style> Damage to the target each round.",Icon_DragonAbility_Habit_TacticalAssault_05.png,ability_habit_dpsphysical_01
habit_dragon_kalspire_slot5_01,Dragon's Insight,"<style=""Inline_Underline"">Start of Combat</style>: Reduce your Damage Received by {effect_group=1:effect=1:base_mod} and increase your <style=""Inline_Dragon_Instinct"">Instinct</style> by {effect_group=1:effect=2:base_mod} until the end of combat.",Icon_DragonAbility_Habit_DragonsInsight_04.png,ability_habit_legendary_dragonsinsight_01
habit_dragon_kalspire_slot6_01,Radiant Conqueror,"<style=""Inline_Underline"">Start of Round 1</style>: Reduce your Damage Received by {effect_group=1:effect=1:base_mod} for {effect_group=1:duration_rounds} round(s). However, <style=""Inline_Negative"">you are also afflicted with</style> <style=""Inline_Debuff"">Stun</style> for {effect_group=2:duration_rounds} round(s).

<style=""Inline_Debuff"">Stun</style> prevents the target from using <style=""Inline_Command"">Commands</style> and <style=""Inline_Habit"">Habits</style>, or launching <style=""Inline_Attack"">Basic Attacks</style> on their turn.

<style=""Inline_Underline"">Start of Round 2</style>: Reduce the <style=""Inline_Damage_Physical"">Physical</style> Damage Dealt (excluding <style=""Inline_Attack"">Basic Attacks</style>) of the Enemy with the highest <style=""Inline_Dragon_Strength"">Strength</style>, and the <style=""Inline_Damage_Fire"">Fire</style> Damage Dealt of the Enemy with the highest <style=""Inline_Dragon_Intelligence"">Intelligence</style> by {effect_group=3:effect=1:base_mod} for {effect_group=3:duration_rounds} round(s).",Icon_DragonAbility_Habit_RadiantConqueror_05.png,ability_habit_legendary_radiantconqueror_01
habit_dragon_seasmoke_slot1_01,Champion's Brilliance,"<style=""Inline_Bold"">At Level 16+ and deployed in the</style> <style=""Inline_Vanguard"">Vanguard</style>
Increase your <style=""Inline_Dragon_Strength"">Strength</style>, <style=""Inline_Dragon_Intelligence"">Intelligence</style>, and <style=""Inline_Dragon_Instinct"">Instinct</style> by <style=""Inline_Positive"">+15</style>. Reduce Damage Received by <style=""Inline_Positive"">-8%</style> of the Ally deployed in the <style=""Inline_RightFlank"">Right Flank</style>. ",Icon_DragonAbility_Habit_ChampionsBrilliance_03.png,ability_habit_rare_championsbrilliance_01
habit_dragon_seasmoke_slot2_01,Clever Maneuver,"<style=""Inline_Underline"">Start of Combat</style>: Increase <style=""Inline_Dragon_Intelligence"">Intelligence</style> by {effect_group=1:effect=1:base_mod} and <style=""Inline_Dragon_Speed"">Initiative</style> by {effect_group=1:effect=2:base_mod} of the Ally with the highest <style=""Inline_Dragon_Intelligence"">Intelligence</style> until the end of combat. Both effects are enhanced by <style=""Inline_Dragon_Instinct"">Instinct</style>.",Icon_DragonAbility_Habit_CleverManeuver_05.png,ability_habit_legendary_clevermaneuver_01
habit_dragon_seasmoke_slot3_01,Wind's Favor,"<style=""Inline_Underline"">Start of Combat</style>: Increase <style=""Inline_Dragon_Speed"">Initiative</style> by {effect_group=1:effect=1:base_mod} (enhanced by <style=""Inline_Dragon_Speed"">Initiative</style>) of {effect_group=1:number_of_targets} {effect_group=1:target_type} {effect_group=1:target_range} until the end of combat.",Icon_DragonAbility_Habit_WindsFavor_05.png,ability_habit_legendary_windsfavor_01
habit_dragon_seasmoke_slot4_01,Infectious Wrath,"<style=""Inline_Command"">Cleansing Wrath</style> gains:
<style=""Inline_Underline"">Each Round</style>: When you <style=""Inline_Debuff"">Cleanse</style> an enemy, afflict the target with 1 stack of <style=""Inline_Debuff"">Infectious Wrath</style> (Max 3 stacks) for {ability=ability_command_legendary_cleansingwrath_01:effect_group=3:duration_rounds} round(s).

Each stack of <style=""Inline_Debuff"">Infectious Wrath</style> reduces the target's <style=""Inline_Recovery"">Recovery</style> Received by {ability=ability_command_legendary_cleansingwrath_01:effect_group=3:effect=1:base_mod}.

<style=""Inline_Underline"">Rounds 3, 6, 9</style>: Deal {ability=ability_command_legendary_cleansingwrath_01:effect_group=9:effect=1:damage_type} Damage to {ability=ability_command_legendary_cleansingwrath_01:effect_group=9:number_of_targets} {ability=ability_command_legendary_cleansingwrath_01:effect_group=9:target_type} {ability=ability_command_legendary_cleansingwrath_01:effect_group=9:target_range} (Damage Rate: {ability=ability_command_legendary_cleansingwrath_01:effect_group=9:effect=1:base_mod}). This damage is doubled ({ability=ability_command_legendary_cleansingwrath_01:effect_group=10:effect=1:base_mod}) if the target is afflicted with <style=""Inline_Damage_Tactical"">Panic</style>.",Icon_DragonAbility_Habit_InfectiousWrath_03.png,ability_habit_dpsphysical_01
habit_dragon_seasmoke_slot5_01,Cunning Ferocity,"<style=""Inline_Underline"">Start of Combat</style>: Increase the <style=""Inline_Dragon_Intelligence"">Intelligence</style> by {effect_group=1:effect=1:base_mod} (enhanced by <style=""Inline_Dragon_Speed"">Instinct</style>) and the <style=""Inline_Damage_Fire"">Fire</style> Damage Dealt by {effect_group=1:effect=2:base_mod} of {effect_group=1:number_of_targets} {effect_group=1:target_type} {effect_group=1:target_range} until the end of combat.",Icon_DragonAbility_Habit_CunningFerocity_05.png,ability_habit_legendary_cunningferocity_01
habit_dragon_seasmoke_slot6_01,Loyal Bond,"<style=""Inline_Underline"">Each Round</style>: {effect_group=1:trigger_chance} chance to grant <style=""Inline_Buff"">Advantage</style> ({effect_group=1:effect=1:base_mod}) to {effect_group=1:number_of_targets} {effect_group=1:target_type} {effect_group=1:target_range} that are <style=""Inline_Bold"">above 50% troop capacity</style> for {effect_group=1:duration_rounds} round(s).

<style=""Inline_Underline"">Each Round</style>: {effect_group=2:trigger_chance} chance to grant <style=""Inline_Buff"">Resistance</style> ({effect_group=2:effect=1:base_mod}) to {effect_group=2:number_of_targets} {effect_group=2:target_type} {effect_group=2:target_range} that are <style=""Inline_Bold"">below 50% troop capacity</style> for {effect_group=2:duration_rounds} round(s).",Icon_DragonAbility_Habit_LoyalBond_05.png,ability_habit_legendary_loyalbond_01
habit_dragon_vermithor_slot1_01,Champion's Brilliance,"<style=""Inline_Bold"">At Level 16+ and deployed in the</style> <style=""Inline_Vanguard"">Vanguard</style>
Increase your <style=""Inline_Dragon_Strength"">Strength</style>, <style=""Inline_Dragon_Intelligence"">Intelligence</style>, and <style=""Inline_Dragon_Instinct"">Instinct</style> by <style=""Inline_Positive"">+15</style>. Reduce Damage Received by <style=""Inline_Positive"">-8%</style> of the Ally deployed in the <style=""Inline_RightFlank"">Right Flank</style>. ",Icon_DragonAbility_Habit_ChampionsBrilliance_03.png,ability_habit_rare_championsbrilliance_01
habit_dragon_vermithor_slot2_01,Noble Sacrifice,"<style=""Inline_Underline"">Start of Round 1</style>: Increase your <style=""Inline_Debuff""></style><style=""Inline_Damage_Tactical"">Tactical</style> Damage Received by {effect_group=1:effect=1:base_mod} for {effect_group=1:duration_rounds} round(s).

Additionally, reduce the <style=""Inline_Damage_Physical"">Physical</style> Damage Dealt of {effect_group=2:number_of_targets} {effect_group=2:target_type} {effect_group=2:target_range} (prioritizing <style=""Inline_Breed_Warrior"">Warriors</style>) and the <style=""Inline_Damage_Fire"">Fire</style> Damage Dealt of {effect_group=2:number_of_targets} {effect_group=2:target_type} {effect_group=2:target_range} (prioritizing <style=""Inline_Breed_Hunter"">Hunters</style>). Each effect reduces Damage Dealt by {effect_group=2:effect=1:base_mod} and lasts for {effect_group=2:duration_rounds} round(s).",Icon_DragonAbility_Habit_NobleSacrifice_05.png,ability_habit_legendary_noblesacrifice_01
habit_dragon_vermithor_slot3_01,Nimble Resilience,"<style=""Inline_Underline"">Start of Combat</style>: Reduce your Damage Received by {effect_group=1:effect=1:base_mod} and increase your <style=""Inline_Dragon_Speed"">Initiative</style> by {effect_group=1:effect=2:base_mod} until the end of combat.",Icon_DragonAbility_Habit_NimbleResilience_05.png,ability_habit_legendary_nimbleresilience_01
habit_dragon_vermithor_slot4_01,Bronze Bulwark,"<style=""Inline_Command"">Bronze Fury</style> gains:
Increase the amount of <style=""Inline_Damage_Physical"">Physical</style> Damage dealt to {ability=ability_command_legendary_bronzefury_01:effect_group=4:effect=1:base_mod} and the <style=""Inline_Damage_Tactical"">Tactical</style> Damage dealt to {ability=ability_command_legendary_bronzefury_01:effect_group=4:effect=2:base_mod}.

Increase the chance to apply <style=""Inline_Buff"">Protect</style> to {ability=ability_command_legendary_bronzefury_01:effect_group=5:trigger_chance}. Additionally, when you apply <style=""Inline_Buff"">Protect</style>, reduce your <style=""Inline_Damage_Physical"">Physical</style> and <style=""Inline_Damage_Fire"">Fire</style> Damage Received by {ability=ability_command_legendary_bronzefury_01:effect_group=7:effect=1:base_mod} for {ability=ability_command_legendary_bronzefury_01:effect_group=7:duration_rounds} round(s).

<style=""Inline_Buff"">Protect</style> causes damage dealt to the target by <style=""Inline_Command"">Commands</style> and <style=""Inline_Habit"">Habits</style> to be split between them and the dragon that applied <style=""Inline_Buff"">Protect</style>.",Icon_DragonAbility_Habit_IroncladResolve_03.png,ability_habit_rare_null_01
habit_dragon_vermithor_slot5_01,Fury's Poise,"<style=""Inline_Underline"">Start of Combat</style>:
For each <style=""Inline_Breed_Warrior"">Warrior</style> in the enemy army, reduce your <style=""Inline_Damage_Physical"">Physical</style> Damage Received by {effect_group=7:effect=1:base_mod}.
For each <style=""Inline_Breed_Hunter"">Hunter</style> in the enemy army, reduce your <style=""Inline_Damage_Fire"">Fire</style> Damage Received by {effect_group=10:effect=1:base_mod}. 
Each effect lasts until the end of combat.",Icon_DragonAbility_Habit_FurysPoise_05.png,ability_habit_legendary_furyspoise_01
habit_dragon_vermithor_slot6_01,Vengeful Fury ,"<style=""Inline_Underline"">Each Round:</style> If you are <style=""Inline_Bold"">below 50% Max Troop Capacity</style>, deal <style=""Inline_Damage_Physical"">Physical</style> Damage (Damage Rate: {effect_group=1:effect=1:base_mod}) to the enemy with the lowest <style=""Inline_Dragon_Instinct"">Instinct</style> and deal <style=""Inline_Damage_Tactical"">Tactical</style> Damage (Damage Rate: {effect_group=2:effect=1:base_mod}) to the enemy with the lowest  <style=""Inline_Dragon_Intelligence"">Intelligence</style>.
This effect only triggers once per combat.",Icon_DragonAbility_Habit_VengefulFury_05.png,ability_habit_legendary_vengefulfury_01
habit_dragon_dreadfire_slot1_01,<color=purple>Work in Progress</color>,<color=purple>Work in Progress</color>,Icon_DragonAbility_BasicAttack.png,ability_habit_rare_null_01
habit_dragon_dreadfire_slot2_01,<color=purple>Work in Progress</color>,<color=purple>Work in Progress</color>,Icon_DragonAbility_BasicAttack.png,ability_habit_rare_null_01
habit_dragon_dreadfire_slot3_01,<color=purple>Work in Progress</color>,<color=purple>Work in Progress</color>,Icon_DragonAbility_BasicAttack.png,ability_habit_rare_null_01
habit_dragon_dreadfire_slot4_01,<color=purple>Work in Progress</color>,<color=purple>Work in Progress</color>,Icon_DragonAbility_BasicAttack.png,ability_habit_rare_null_01
habit_dragon_dreadfire_slot5_01,<color=purple>Work in Progress</color>,<color=purple>Work in Progress</color>,Icon_DragonAbility_BasicAttack.png,ability_habit_rare_null_01
habit_dragon_dreadfire_slot6_01,<color=purple>Work in Progress</color>,<color=purple>Work in Progress</color>,Icon_DragonAbility_BasicAttack.png,ability_habit_rare_null_01
habit_dragon_caraxes_slot1_01,Hunter's Wrath,"<style=""Inline_Bold"">At Level 16+ and deployed in the</style> <style=""Inline_Vanguard"">Vanguard</style>
Increase your <style=""Inline_Damage_Fire"">Fire Damage</style> Dealt by <style=""Inline_Positive"">+16%</style>. Increase <style=""Inline_Dragon_Strength"">Strength</style> and <style=""Inline_Dragon_Speed"">Initiative</style> by <style=""Inline_Positive"">+20</style> of the Ally deployed in the <style=""Inline_RightFlank"">Right Flank</style>.",Icon_DragonAbility_Habit_HuntersWrath_03.png,ability_habit_rare_hunterswrath_01
habit_dragon_caraxes_slot2_01,Battle Dread,"<style=""Inline_Underline"">Start of Combat:</style> Reduce the <style=""Inline_Dragon_Strength"">Strength</style> and <style=""Inline_Dragon_Speed"">Initiative</style> (enhanced by <style=""Inline_Dragon_Intelligence"">Intelligence</style>) of {effect_group=1:number_of_targets} {effect_group=1:target_type} {effect_group=1:target_range} by {effect_group=1:effect=1:base_mod} until the end of combat.",Icon_DragonAbility_Habit_BattleDread_04.png,ability_habit_legendary_battledread_01
habit_dragon_caraxes_slot3_01,Dragon's Flair,"<style=""Inline_Underline"">Start of Combat</style>: Increase your <style=""Inline_Damage_Fire"">Fire Damage</style> Dealt by {effect_group=1:effect=1:base_mod} until the end of combat.",Icon_DragonAbility_Habit_DragonsFlair_05.png,ability_habit_legendary_dragonsflair_01
habit_dragon_caraxes_slot4_01,Crippling Inferno,"<style=""Inline_Underline"">Each Round</style>: {effect_group=1:trigger_chance} chance to afflict <style=""Inline_Debuff"">Slow</style> and <style=""Inline_Damage_Fire"">Burn</style> (Damage Rate: {effect_group=1:effect=1:base_mod}) on {effect_group=1:number_of_targets} {effect_group=1:target_type} {effect_group=1:target_range}. Each effect is checked separately for each target and last for {effect_group=1:duration_rounds} round(s).

<style=""Inline_Debuff"">Burn</style> deals <style=""Inline_Damage_Fire"">Fire</style> Damage to the target each round.
<style=""Inline_Debuff"">Slow</style> causes the target to attack after all other combatants each round.",Icon_DragonAbility_Habit_CripplingInferno_05.png,ability_habit_legendary_cripplinginferno_01
habit_dragon_caraxes_slot5_01,Mass Enfeeble,"<style=""Inline_Underline"">Start of Combat</style>: Reduce <style=""Inline_Damage_Physical"">Physical</style> Damage Dealt (excluding <style=""Inline_Attack"">Basic Attacks</style>) by {effect_group=1:effect=1:base_mod} of {effect_group=1:number_of_targets} {effect_group=1:target_type} {effect_group=1:target_range} until the end of combat.",Icon_DragonAbility_Habit_MassEnfeeble_05.png,ability_habit_legendary_massenfeeble_01
habit_dragon_caraxes_slot6_01,Blood Wyrm,"<style=""Inline_Underline"">Start of each Round</style>: For each Enemy that is <style=""Inline_Bold"">below 50% max troop capacity</style>, increase your <style=""Inline_Damage_Fire"">Fire</style> Damage Dealt by {effect_group=13:effect=1:base_mod}.

<style=""Inline_Underline"">Start of each Round</style>: For each Enemy that <style=""Inline_Bold"">retreated</style> in the previous round, apply <style=""Inline_Recovery"">Recovery</style> (Recovery Rate: {effect_group=4:effect=1:base_mod}, enhanced by <style=""Inline_Dragon_Speed"">Initiative</style>) to yourself.",Icon_DragonAbility_Habit_BloodWyrm_05.png,ability_habit_legendary_bloodwyrm_01
habit_dragon_crimson_slot1_01,Hunter's Cunning,"<style=""Inline_Bold"">At Level 16+ and deployed in the</style> <style=""Inline_Vanguard"">Vanguard</style>
Increase your <style=""Inline_Recovery"">Recovery</style> Received by <style=""Inline_Positive"">+20%</style> and <style=""Inline_Dragon_Intelligence"">Intelligence</style> by <style=""Inline_Positive"">+25</style>. Increase <style=""Inline_Damage_Physical"">Physical Damage</style> Dealt by <style=""Inline_Positive"">+10%</style> of the Ally deployed in the <style=""Inline_RightFlank"">Right Flank</style>.",Icon_DragonAbility_Habit_HuntersCunning_03.png,ability_habit_rare_hunterscunning_01
habit_dragon_crimson_slot2_01,Enervate,"At the start of combat, reduce <style=""Inline_Damage_Tactical"">Tactical</style> Damage Dealt by {effect_group=1:effect=1:base_mod} of 1 Enemy that deals <style=""Inline_Damage_Tactical"">Tactical</style> Damage until the end of combat.",Icon_DragonAbility_Habit_Enervate_03.png,ability_habit_legendary_enervate_01
habit_dragon_crimson_slot3_01,Dragon's Intellect,"<style=""Inline_Underline"">Start of Combat</style>: Reduce your Damage Received by {effect_group=1:effect=1:base_mod} and increase your <style=""Inline_Dragon_Intelligence"">Intelligence</style> by {effect_group=1:effect=2:base_mod} until the end of combat.",Icon_DragonAbility_Habit_DragonsIntellect_03.png,ability_habit_legendary_dragonsintellect_01
habit_dragon_crimson_slot4_01,Bloodscale Fury,"<style=""Inline_Underline"">Each Round</style>: {effect_group=2:trigger_chance} chance to afflict <style=""Inline_Debuff"">Weakened</style> ({effect_group=2:effect=1:base_mod}) on {effect_group=1:number_of_targets} {effect_group=1:target_type} {effect_group=1:target_range} (prioritize targets NOT afflicted with <style=""Inline_Debuff"">Stun</style>) for {effect_group=2:duration_rounds} round(s). This chance is doubled ({effect_group=3:trigger_chance} ) against targets afflicted with <style=""Inline_Debuff"">Taunt</style>.

<style=""Inline_Debuff"">Weakened</style> reduces the target's Damage Dealt.",Icon_DragonAbility_Habit_BloodscaleFury_05.png,ability_habit_legendary_bloodscalefury_01
habit_dragon_crimson_slot5_01,Unlikely Hero,"<style=""Inline_Underline"">Start of Each Round</style>: Increase <style=""Inline_Damage_Physical"">Physical</style> Damage Received (excluding <style=""Inline_Attack"">Basic Attacks</style>) and <style=""Inline_Damage_Fire"">Fire</style> Damage Received by {effect_group=1:effect=2:base_mod} for all Enemies <style=""Inline_Bold"">above 75% max troop capacity</style> until the end of the round.

<style=""Inline_Underline"">Start of Each Round</style>: Reduce <style=""Inline_Recovery"">Recovery</style> Received by {effect_group=2:effect=1:base_mod} for all Enemies <style=""Inline_Bold"">below 25% max troop capacity<style=""Inline_Bold""> until the end of the round.",Icon_DragonAbility_Habit_UnlikelyHero_05.png,ability_habit_legendary_unlikelyhero_01
habit_dragon_crimson_slot6_01,Vermin's Bane,"<style=""Inline_Command"">Bloodscale Terror</style> gains:
<style=""Inline_Underline"">Even-numbered Rounds</style>: {ability=ability_command_legendary_bloodscaleterror_01:effect_group=5:trigger_chance} chance to reduce <style=""Inline_Dragon_Instinct"">Instinct</style> and <style=""Inline_Dragon_Speed"">Initiative</style> by {ability=ability_command_legendary_bloodscaleterror_01:effect_group=5:effect=1:base_mod} (enhanced by <style=""Inline_Dragon_Intelligence"">Intelligence</style>) of the enemy with the highest <style=""Inline_Dragon_Instinct"">Instinct</style> for {ability=ability_command_legendary_bloodscaleterror_01:effect_group=5:duration_rounds} round(s).

<style=""Inline_Underline"">Round 1</style>: The chance to <style=""Inline_Debuff"">Stun</style> is increased to <style=""Inline_Bold"">{ability=ability_command_legendary_bloodscaleterror_01:effect_group=4:trigger_chance}</style>.",Icon_DragonAbility_Habit_VerminsBane_05.png,ability_habit_rare_null_01
habit_dragon_sheepstealer_slot1_01,Hunter's Cunning,"<style=""Inline_Bold"">At Level 16+ and deployed in the</style> <style=""Inline_Vanguard"">Vanguard</style>
Increase your <style=""Inline_Recovery"">Recovery</style> Received by <style=""Inline_Positive"">+20%</style> and <style=""Inline_Dragon_Intelligence"">Intelligence</style> by <style=""Inline_Positive"">+25</style>. Increase <style=""Inline_Damage_Physical"">Physical Damage</style> Dealt by <style=""Inline_Positive"">+10%</style> of the Ally deployed in the <style=""Inline_RightFlank"">Right Flank</style>.",Icon_DragonAbility_Habit_HuntersCunning_03.png,ability_habit_rare_hunterscunning_01
habit_dragon_sheepstealer_slot2_01,Stolen Flock,"<style=""Inline_Underline"">Start of Combat</style>: Increase your <style=""Inline_Damage_Fire"">Fire</style> Damage Dealt by {effect_group=1:effect=1:base_mod} when battling <style=""Inline_Bold"">non-player armies at <style=""Inline_Food"">Food</style> Tiles</style> and when battling <style=""Inline_Bold"">Encounters against Beasts</style> until the end of combat.

<style=""Inline_Underline"">Each Round</style>: {effect_group=2:trigger_chance} chance to gain 1 stack of <style=""Inline_Buff"">Stolen Flock</style> (Max 10 Stacks).

<style=""Inline_Underline"">When your <style=""Inline_Debuff"">Prey</style> receives <style=""Inline_Recovery"">Recovery</style></style>: Gain 1 stack of <style=""Inline_Buff"">Stolen Flock</style> (Max 10 Stacks).

Each stack of <style=""Inline_Buff"">Stolen Flock</style> increases your <style=""Inline_Damage_Fire"">Fire</style> Damage Dealt by {effect_group=2:effect=1:base_mod} until the end of combat",Icon_DragonAbility_Habit_StolenFlock_05.png,ability_habit_legendary_stolenflock_01
habit_dragon_sheepstealer_slot3_01,Dragon's Cunning,"<style=""Inline_Underline"">Start of Combat</style>: Increase your <style=""Inline_Dragon_Intelligence"">Intelligence</style> by {effect_group=1:effect=1:base_mod} and reduce <style=""Inline_Dragon_Instinct"">Instinct</style> by {effect_group=2:effect=1:base_mod} (enhanced by <style=""Inline_Dragon_Speed"">Initiative</style>) of 2 Enemies within adjacency. Each effect lasts until the end of combat.",Icon_DragonAbility_Habit_DragonsCunning_04.png,ability_habit_legendary_dragonscunning_01
habit_dragon_sheepstealer_slot4_01,Baited Kill,"<style=""Inline_Underline"">Each Round</style>: {effect_group=1:trigger_chance} chance to afflict your Prey with <style=""Inline_Debuff"">Vulnerable</style> ({effect_group=1:effect=1:base_mod}). This chance is doubled ({effect_group=2:trigger_chance}) if the target received <style=""Inline_Recovery"">Recovery</style> within the last 1 round.

<style=""Inline_Debuff"">Vulnerable</style> increases the target's Damage Received.

<style=""Inline_Underline"">Each Round</style>: If your Prey is <style=""Inline_Bold"">above 50% Troop Capacity</style>, {effect_group=4:trigger_chance} chance to <style=""Inline_Buff"">Cleanse</style> yourself of 1 <style=""Inline_Debuff"">Negative</style> effect applied by an enemy that <style=""Inline_Negative"">reduces your Damage Dealt</style>.",Icon_DragonAbility_Habit_BaitedKill_05.png,ability_habit_legendary_baitedkill_01
habit_dragon_sheepstealer_slot5_01,Wary Beast,"<style=""Inline_Underline"">Start of Each Round</style>: If your <style=""Inline_Debuff"">Prey</style> is <style=""Inline_Bold"">above 50% Troop Capacity</style>, gain <style=""Inline_Buff"">Evade</style> until the end of the round.

<style=""Inline_Buff"">Evade</style> causes each instance of damage against the target to have a chance to be ignored.

<style=""Inline_Underline"">Start of Combat</style>: Reduce the <style=""Inline_Recovery"">Recovery</style> Received by {effect_group=3:effect=1:base_mod} of {effect_group=3:number_of_targets} {effect_group=3:target_type} {effect_group=3:target_range} until the end of combat.",Icon_DragonAbility_Habit_WaryBeast_05.png,ability_habit_legendary_warybeast_01
habit_dragon_sheepstealer_slot6_01,Savage Claim,"<style=""Inline_Command"">Wild Hunt</style> gains
<style=""Inline_Underline"">Each Round</style>: If you have a <style=""Inline_Debuff"">Prey</style>, Deal <style=""Inline_Damage_Fire"">Fire</style> Damage to them (Damage Rate: {ability=ability_command_legendary_wildhunt_01:effect_group=9:effect=1:base_mod}) and apply <style=""Inline_Recovery"">Recovery</style> to yourself (Recovery Rate: {ability=ability_command_legendary_wildhunt_01:effect_group=11:effect=1:base_mod}, enhanced by <style=""Inline_Dragon_Intelligence"">Intelligence</style>). If your <style=""Inline_Debuff"">Prey</style> received <style=""Inline_Recovery"">Recovery</style> within the last round, triple the Damage ({ability=ability_command_legendary_wildhunt_01:effect_group=12:effect=1:base_mod}) and Recovery ({ability=ability_command_legendary_wildhunt_01:effect_group=14:effect=1:base_mod}).",Icon_DragonAbility_Habit_SavageClaim_05.png,ability_habit_rare_null_01
habit_dragon_sylveren_slot1_01,<color=purple>Work in Progress</color>,<color=purple>Work in Progress</color>,Icon_DragonAbility_BasicAttack.png,ability_habit_rare_null_01
habit_dragon_sylveren_slot2_01,<color=purple>Work in Progress</color>,<color=purple>Work in Progress</color>,Icon_DragonAbility_BasicAttack.png,ability_habit_rare_null_01
habit_dragon_sylveren_slot3_01,<color=purple>Work in Progress</color>,<color=purple>Work in Progress</color>,Icon_DragonAbility_BasicAttack.png,ability_habit_rare_null_01
habit_dragon_sylveren_slot4_01,<color=purple>Work in Progress</color>,<color=purple>Work in Progress</color>,Icon_DragonAbility_BasicAttack.png,ability_habit_rare_null_01
habit_dragon_sylveren_slot5_01,<color=purple>Work in Progress</color>,<color=purple>Work in Progress</color>,Icon_DragonAbility_BasicAttack.png,ability_habit_rare_null_01
habit_dragon_sylveren_slot6_01,<color=purple>Work in Progress</color>,<color=purple>Work in Progress</color>,Icon_DragonAbility_BasicAttack.png,ability_habit_rare_null_01
habit_dragon_syrax_slot1_01,Sentinel's Wit,"<style=""Inline_Bold"">At Level 16+ and deployed in the</style> <style=""Inline_Vanguard"">Vanguard</style>
Increase your <style=""Inline_Damage_Tactical"">Tactical Damage</style> Dealt by <style=""Inline_Positive"">+16%</style>. Increase <style=""Inline_Dragon_Instinct"">Instinct</style> and <style=""Inline_Dragon_Speed"">Initiative</style> by <style=""Inline_Positive"">+20</style> of the Ally deployed in the <style=""Inline_LeftFlank"">Left Flank</style>.",Icon_DragonAbility_Habit_SentinelsWit_03.png,ability_habit_rare_sentinelswit_01
habit_dragon_syrax_slot2_01,Mindful Synergy,"<style=""Inline_Underline"">Start of Combat:</style> Increase the <style=""Inline_Dragon_Intelligence"">Intelligence</style> and <style=""Inline_Dragon_Instinct"">Instinct</style> (enhanced by <style=""Inline_Dragon_Speed"">Initiative</style>) of {effect_group=1:number_of_targets} {effect_group=1:target_type} {effect_group=1:target_range} by {effect_group=1:effect=1:base_mod} until the end of combat.",Icon_DragonAbility_Habit_MindfulSynergy_04.png,ability_habit_legendary_mindfulsynergy_01
habit_dragon_syrax_slot3_01,Flight Mastery,"<style=""Inline_Underline"">Start of Combat</style>: Increase <style=""Inline_Dragon_Speed"">Initiative</style> by {effect_group=1:effect=1:base_mod} (enhanced by <style=""Inline_Dragon_Instinct"">Instinct</style>) of 3 Allies in any lane and reduce <style=""Inline_Dragon_Speed"">Initiative</style> by {effect_group=2:effect=1:base_mod} (enhanced by <style=""Inline_Dragon_Instinct"">Instinct</style>) of 3 Enemies in any lane until the end of combat.",Icon_DragonAbility_Habit_FlightMastery_05.png,ability_habit_legendary_flightmastery_01
habit_dragon_syrax_slot4_01,Strategic Revival,"<style=""Inline_Command"">Blazing Fury</style> gains:
<style=""Inline_Underline"">Rounds 2, 5, 8</style>: Apply <style=""Inline_Recovery"">Recovery</style> to the Ally with the least troops (Recover Rate: {ability=ability_command_legendary_blazingfury_01:effect_group=3:effect=1:base_mod}, enhanced by <style=""Inline_Dragon_Speed"">Initiative</style>). The amount of <style=""Inline_Recovery"">Recovery</style> is increased by 1.5x ({ability=ability_command_legendary_blazingfury_01:effect_group=4:effect=1:base_mod}) if an Enemy is afflicted with <style=""Inline_Debuff"">Slow</style>. Additionally, there is a {ability=ability_command_legendary_blazingfury_01:effect_group=5:trigger_chance} to grant the target <style=""Inline_Buff"">Resistance</style> ({ability=ability_command_legendary_blazingfury_01:effect_group=5:effect=1:base_mod}) for {ability=ability_command_legendary_blazingfury_01:effect_group=5:duration_rounds} round(s).

<style=""Inline_Buff"">Resistance</style> reduces the target's Damage Received.",Icon_DragonAbility_Habit_StrategicRevival_05.png,ability_habit_rare_null_01
habit_dragon_syrax_slot5_01,Tactical Inferno,"<style=""Inline_Underline"">Start of Round 1:</style> Increase the <style=""Inline_Damage_Tactical"">Tactical</style> Damage Dealt of {effect_group=1:number_of_targets} {effect_group=1:target_type} {effect_group=1:target_range} (prioritizes the <style=""Inline_LeftFlank"">Left Flank</style>) and the <style=""Inline_Damage_Fire"">Fire</style> Damage Dealt of {effect_group=2:number_of_targets} {effect_group=2:target_type} {effect_group=2:target_range} (prioritizes the <style=""Inline_RightFlank"">Right Flank</style>) by {effect_group=2:effect=1:base_mod} for {effect_group=1:duration_rounds} round(s).",Icon_DragonAbility_Habit_TacticalInferno_03.png,ability_habit_legendary_tacticalinferno_01
habit_dragon_syrax_slot6_01,Mother's Mercy,"<style=""Inline_Underline"">Each Round</style>: {effect_group=1:trigger_chance} chance to <style=""Inline_Buff"">Cleanse</style> 2 <style=""Inline_Debuff"">Negative</style> and 1 <style=""Inline_Debuff"">Control</style> effects from {effect_group=1:number_of_targets} {effect_group=1:target_type} {effect_group=1:target_range} (prioritizes allies afflicted with a <style=""Inline_Debuff"">Control</style> effect).

<style=""Inline_Debuff"">Control</style> effects include Stun, Stagger, Overwhelm, and Confusion.",Icon_DragonAbility_Habit_MothersMercy_05.png,ability_habit_legendary_mothersmercy_01
habit_dragon_malachite_slot1_01,Sentinel's Presence,"<style=""Inline_Bold"">At Level 16+ and deployed in the</style> <style=""Inline_Vanguard"">Vanguard</style>
Increase your <style=""Inline_Recovery"">Recovery</style> Dealt by <style=""Inline_Positive"">+15%</style> and <style=""Inline_Dragon_Instinct"">Instinct</style> by <style=""Inline_Positive"">+25</style>. Increase <style=""Inline_Damage_Fire"">Fire Damage</style> Dealt by <style=""Inline_Positive"">+16%</style> of the Ally deployed in the <style=""Inline_LeftFlank"">Left Flank</style>.",Icon_DragonAbility_Habit_SentinelsPresence_03.png,ability_habit_rare_sentinelspresence_01
habit_dragon_malachite_slot2_01,Forest's Instinct,"<style=""Inline_Underline"">Each Round</style>: {effect_group=1:trigger_chance} chance to increase the <style=""Inline_Damage_Physical"">Physical</style> Damage Dealt (excluding <style=""Inline_Attack"">Basic Attacks</style>) by {effect_group=1:effect=1:base_mod} and reduce the <style=""Inline_Damage_Tactical"">Tactical</style> Damage Received by {effect_group=1:effect=2:base_mod} of {effect_group=1:number_of_targets} {effect_group=1:target_type} {effect_group=1:target_range} for {effect_group=1:duration_rounds} round(s).",Icon_DragonAbility_Habit_ForestsInstincts_05.png,ability_habit_legendary_forestsinstincts_01
habit_dragon_malachite_slot3_01,Wise Vigor,"<style=""Inline_Underline"">Start of Combat</style>: Increase your <style=""Inline_Dragon_Instinct"">Instinct</style> by {effect_group=1:effect=1:base_mod} and <style=""Inline_Recovery"">Recovery</style> Dealt by {effect_group=1:effect=2:base_mod} until the end of combat.",Icon_DragonAbility_Habit_WiseVigor_04.png,ability_habit_legendary_wisevigor_01
habit_dragon_malachite_slot4_01,Thunderous Roar,"<style=""Inline_Underline"">Each Round</style>: {effect_group=1:trigger_chance} chance to grant <style=""Inline_Buff"">Advantage</style> ({effect_group=1:effect=1:base_mod}) to {effect_group=1:number_of_targets} {effect_group=1:target_type} {effect_group=1:target_range} for {effect_group=1:duration_rounds} round(s).

<style=""Inline_Buff"">Advantage</style> increases the target's Damage Dealt.",Icon_DragonAbility_Habit_ThunderousRoar_05.png,ability_habit_legendary_thunderousroar_01
habit_dragon_malachite_slot5_01,Collective Might,"<style=""Inline_Underline"">Start of Combat</style>: Increase <style=""Inline_Dragon_Strength"">Strength</style> by {effect_group=1:effect=1:base_mod} (enhanced by <style=""Inline_Dragon_Strength"">Strength</style>) of 3 Allies in any lane until the end of combat.",Icon_DragonAbility_Habit_CollectiveMight_04.png,ability_habit_legendary_collectivemight_01
habit_dragon_malachite_slot6_01,Lightning Strike,"<style=""Inline_Underline"">Start of Round 1</style>: {effect_group=1:triggeR_chance} chance to grant <style=""Inline_Buff"">First-Strike</style>, <style=""Inline_Buff"">Double-Strike</style>, and increase <style=""Inline_Dragon_Strength"">Strength</style> by {effect_group=1:effect=1:base_mod} (enhanced by <style=""Inline_Dragon_Instinct"">Instinct</style>) of {effect_group=1:number_of_targets} {effect_group=1:target_type} {effect_group=1:target_range} for {effect_group=1:duration_rounds} round(s).

<style=""Inline_Buff"">First-Strike</style> causes the target to act before all other combatants each round.
<style=""Inline_Buff"">Double-Strike</style> grants the target a 2nd <style=""Inline_Attack"">Basic Attack</style> each round.",Icon_DragonAbility_Habit_LightningStrike_05.png,ability_habit_legendary_lightningstrike_01
habit_dragon_sunfyre_slot1_01,Sentinel's Wit,"<style=""Inline_Bold"">At Level 16+ and deployed in the</style> <style=""Inline_Vanguard"">Vanguard</style>
Increase your <style=""Inline_Damage_Tactical"">Tactical Damage</style> Dealt by <style=""Inline_Positive"">+16%</style>. Increase <style=""Inline_Dragon_Instinct"">Instinct</style> and <style=""Inline_Dragon_Speed"">Initiative</style> by <style=""Inline_Positive"">+20</style> of the Ally deployed in the <style=""Inline_LeftFlank"">Left Flank</style>.",Icon_DragonAbility_Habit_SentinelsWit_03.png,ability_habit_rare_sentinelswit_01
habit_dragon_sunfyre_slot2_01,Radiant Majesty,"<style=""Inline_Underline"">Start of Each Round:</style> Increase the Damage Dealt by {effect_group=1:effect=1:base_mod} of the other ally with the most troops until the end of the round.

If you are <style=""Inline_Bold"">below 75% Troop Capacity</style>, apply this effect to both other allies instead.

If you are <style=""Inline_Bold"">below 50% Troop Capacity</style>, also apply this effect to yourself.",Icon_DragonAbility_Habit_RadiantMajesty_05.png,ability_habit_legendary_radiantmajesty_01
habit_dragon_sunfyre_slot3_01,Extinguish,"<style=""Inline_Underline"">Start of Combat</style>: Reduce <style=""Inline_Damage_Fire"">Fire</style> Damage Dealt by {effect_group=1:effect=1:base_mod} of 1 Enemy that deals <style=""Inline_Damage_Fire"">Fire</style> Damage until the end of combat.",Icon_DragonAbility_Habit_Extinguish_05.png,ability_habit_legendary_extinguish_01
habit_dragon_sunfyre_slot4_01,The King's Ire,"<style=""Inline_Underline"">Each Round:</style> The <style=""Inline_Bold"">first time</style> any ally receives <style=""Inline_Damage_Fire"">Fire</style> Damage, deal <style=""Inline_Damage_Tactical"">Tactical</style> Damage to {ability=ability_habit_legendary_thekingsire_wrxn_01: effect_group=1:number_of_targets} {effect_group=1:target_type} {effect_group=1:target_range} that deals <style=""Inline_Damage_Fire"">Fire</style> Damage (Damage Rate: {ability=ability_habit_legendary_thekingsire_wrxn_01: effect_group=1:effect=1:base_mod}). Additionally, reduce the target’s <style=""Inline_Dragon_Intelligence"">Intelligence</style> by {ability=ability_habit_legendary_thekingsire_wrxn_01:effect_group=2:effect=1:base_mod} (enhanced by <style=""Inline_Dragon_Instinct"">Instinct</style>) for {ability=ability_habit_legendary_thekingsire_wrxn_01:effect_group=2:duration_rounds} round(s).

This effect can only trigger once per round.",Icon_DragonAbility_Habit_TheKingsIre_05.png,ability_habit_legendary_thekingsire_01
habit_dragon_sunfyre_slot5_01,Unbroken Splendor,"<style=""Inline_Underline"">Start of Combat:</style> Reduce your <style=""Inline_Damage_Fire"">Fire</style> Damage Received by {effect_group=1:effect=1:base_mod} until the end of combat.

<style=""Inline_Underline"">Start of Each Round:</style> If you are <style=""Inline_Bold"">below 50% troop capacity</style>, reduce your Damage Received by {effect_group=2:effect=1:base_mod} until the end of the round. Additionally, there is a {effect_group=3:trigger_chance} chance to <style=""Inline_Buff"">Cleanse</style> 1 <style=""Inline_Debuff"">Negative</style> effect that increases your Damage Received (prioritizes the <style=""Inline_Debuff"">Vulnerable</style> condition).",Icon_DragonAbility_Habit_UnbrokenSplendor_05.png,ability_habit_legendary_unbrokensplendor_01
habit_dragon_sunfyre_slot6_01,Adaptive Glory,"<style=""Inline_Underline"">Each Round</style>: The first time you Receive Damage, activate one of the following effects based on the type of damage received.
<style=""Inline_Bold""><style=""Inline_Damage_Fire"">Fire</style> Damage:</style> Apply <style=""Inline_Recovery"">Recovery</style> to yourself (Recovery Rate: {ability=ability_habit_legendary_adaptiveglory_wrxn_01:effect_group=1:effect=1:base_mod} enhanced by <style=""Inline_Dragon_Instinct"">Instinct</style>).

<style=""Inline_Bold""><style=""Inline_Damage_Tactical"">Tactical</style> Damage:</style> Increase the <style=""Inline_Buff""></style>Damage Dealt of the Ally with the most troops by {ability=ability_habit_legendary_adaptiveglory_wrxn_02:effect_group=1:effect=1:base_mod} for {ability=ability_habit_legendary_adaptiveglory_wrxn_02:effect_group=1:duration_rounds} round(s).

<style=""Inline_Bold""><style=""Inline_Damage_Physical"">Physical</style> Damage (excluding <style=""Inline_Attack"">Basic Attacks</style>):</style> Reduce the <style=""Inline_Debuff""></style>Damage Dealt of the Enemy with the most troops by {ability=ability_habit_legendary_adaptiveglory_wrxn_03:effect_group=1:effect=1:base_mod} for {ability=ability_habit_legendary_adaptiveglory_wrxn_03:effect_group=1:duration_rounds} round(s).

<style=""Inline_Bold""><style=""Inline_Attack"">Basic Attack</style>:</style> Increase your <style=""Inline_Dragon_Instinct"">Instinct</style> by {ability=ability_habit_legendary_adaptiveglory_wrxn_04:effect_group=1:effect=1:base_mod} and <style=""Inline_Dragon_Speed"">Initiative</style> by {ability=ability_habit_legendary_adaptiveglory_wrxn_04:effect_group=1:effect=2:base_mod} for {ability=ability_habit_legendary_adaptiveglory_wrxn_04:effect_group=1:duration_rounds} round(s).",Icon_DragonAbility_Habit_AdaptiveGlory_05.png,ability_habit_legendary_adaptiveglory_01
habit_dragon_silverwing_slot1_01,<color=purple>Work in Progress</color>,<color=purple>Work in Progress</color>,Icon_DragonAbility_BasicAttack.png,ability_habit_rare_null_01
habit_dragon_silverwing_slot2_01,<color=purple>Work in Progress</color>,<color=purple>Work in Progress</color>,Icon_DragonAbility_BasicAttack.png,ability_habit_rare_null_01
habit_dragon_silverwing_slot3_01,<color=purple>Work in Progress</color>,<color=purple>Work in Progress</color>,Icon_DragonAbility_BasicAttack.png,ability_habit_rare_null_01
habit_dragon_silverwing_slot4_01,<color=purple>Work in Progress</color>,<color=purple>Work in Progress</color>,Icon_DragonAbility_BasicAttack.png,ability_habit_rare_null_01
habit_dragon_silverwing_slot5_01,<color=purple>Work in Progress</color>,<color=purple>Work in Progress</color>,Icon_DragonAbility_BasicAttack.png,ability_habit_rare_null_01
habit_dragon_silverwing_slot6_01,<color=purple>Work in Progress</color>,<color=purple>Work in Progress</color>,Icon_DragonAbility_BasicAttack.png,ability_habit_rare_null_01
habit_dragon_dewdrop_slot1_01,<color=purple>Work in Progress</color>,<color=purple>Work in Progress</color>,Icon_DragonAbility_BasicAttack.png,ability_habit_rare_null_01
habit_dragon_dewdrop_slot2_01,<color=purple>Work in Progress</color>,<color=purple>Work in Progress</color>,Icon_DragonAbility_BasicAttack.png,ability_habit_rare_null_01
habit_dragon_dewdrop_slot3_01,<color=purple>Work in Progress</color>,<color=purple>Work in Progress</color>,Icon_DragonAbility_BasicAttack.png,ability_habit_rare_null_01
habit_dragon_dewdrop_slot4_01,<color=purple>Work in Progress</color>,<color=purple>Work in Progress</color>,Icon_DragonAbility_BasicAttack.png,ability_habit_rare_null_01
habit_dragon_dewdrop_slot5_01,<color=purple>Work in Progress</color>,<color=purple>Work in Progress</color>,Icon_DragonAbility_BasicAttack.png,ability_habit_rare_null_01
habit_dragon_dewdrop_slot6_01,<color=purple>Work in Progress</color>,<color=purple>Work in Progress</color>,Icon_DragonAbility_BasicAttack.png,ability_habit_rare_null_01
habit_dragon_venator_slot1_01,Warrior's Zeal,"<style=""Inline_Bold"">At Level 16+ and deployed in the</style> <style=""Inline_Vanguard"">Vanguard</style>
Increase your <style=""Inline_Damage_Physical"">Physical Damage (</style><style=""Inline_Command""></style><style=""Inline_Habit""></style><style=""Inline_Negative"">)</style> Dealt by <style=""Inline_Positive"">+16%</style>. Increase <style=""Inline_Dragon_Instinct"">Instinct</style> and <style=""Inline_Dragon_Speed"">Initiative</style> by <style=""Inline_Positive"">+20</style> of the Ally deployed in the <style=""Inline_LeftFlank"">Left Flank</style>.",Icon_DragonAbility_Habit_WarriorsZeal_03.png,ability_habit_rare_warriorszeal_01
habit_dragon_venator_slot2_01,Hunter's Bane,"<style=""Inline_Underline"">Start of Combat</style>: Reduce <style=""Inline_Dragon_Intelligence"">Intelligence</style> by {effect_group=1:effect=1:base_mod} (enhanced by <style=""Inline_Dragon_Strength"">Strength</style>) of 1 Enemy in any lane (prioritizes <style=""Inline_Breed_Hunter"">Hunters</style>).",Icon_DragonAbility_Habit_HuntersBane_05.png,ability_habit_legendary_huntersbane_01
habit_dragon_venator_slot3_01,Dragon's Might,"<style=""Inline_Underline"">Start of Combat</style>: Increase your <style=""Inline_Damage_Physical"">Physical</style> Damage Dealt (excluding <style=""Inline_Attack"">Basic Attacks</style>) by {effect_group=1:effect=1:base_mod} until the end of combat.",Icon_DragonAbility_Habit_DragonsMight_05.png,ability_habit_legendary_dragonsmight_01
habit_dragon_venator_slot4_01,Feral Precision,"<style=""Inline_Command"">Feral Strike</style> gains:
<style=""Inline_Underline"">After each <style=""Inline_Attack"">Basic Attack</style></style>: Deal {ability=ability_command_legendary_feralstrike_01:effect_group=3:effect=1:damage_type} Damage to the enemy with the least troops (Damage Rate: {ability=ability_command_legendary_feralstrike_01:effect_group=3:effect=1:base_mod}).

<style=""Inline_Underline"">Rounds 4, 6, 8</style>: The chance to gain <style=""Inline_Buff"">Double-Strike</style> is increased to {ability=ability_command_legendary_feralstrike_01:effect_group=5:trigger_chance}.

<style=""Inline_Buff"">Double-Strike</style> grants the target a 2nd <style=""Inline_Attack"">Basic Attack</style> each round.",Icon_DragonAbility_Habit_FeralPrecision_05.png,ability_habit_rare_null_01
habit_dragon_venator_slot5_01,Armor Break,"<style=""Inline_Underline"">Start of Combat</style>: Increase the <style=""Inline_Damage_Physical"">Physical</style> Damage Received by {effect_group=1:effect=1:base_mod} of 1 opposing Enemy until the end of combat.",Icon_DragonAbility_Habit_ArmorBreak_03.png,ability_habit_legendary_armorbreak_01
habit_dragon_venator_slot6_01,Desperate Ambush,"<style=""Inline_Underline"">Each Round</style>: If you are <style=""Inline_Bold"">below 50% troop capacity</style>, deal {effect_group=1:effect=1:damage_type} Damage to {effect_group=1:number_of_targets} {effect_group=1:target_type} {effect_group=1:target_range} (prioritizes <style=""Inline_Breed_Hunter"">Hunters</style>) (Damage Rate: {effect_group=1:effect=1:base_mod}). Additionally, there is a {effect_group=2:trigger_chance} chance to afflict the target with <style=""Inline_Debuff"">Overwhelm</style> for {effect_group=2:duration_rounds} rounds(s). 

<style=""Inline_Debuff"">Overwhelm</style> prevents the target from using <style=""Inline_Command"">Active Commands</style> and <style=""Inline_Habit"">Habits</style> on their turn.",Icon_DragonAbility_Habit_DesperateAmbush_05.png,ability_habit_legendary_desperateambush_01
habit_dragon_vhagar_slot1_01,Warrior's Resilience,"<style=""Inline_Bold"">At Level 16+ and deployed in the</style> <style=""Inline_Vanguard"">Vanguard</style>
Reduce your Damage Received by <style=""Inline_Positive"">-8%</style>. Increase <style=""Inline_Damage_Tactical"">Tactical Damage</style> Dealt by <style=""Inline_Positive"">+16%</style> of the Ally deployed in the <style=""Inline_LeftFlank"">Left Flank</style>.",Icon_DragonAbility_Habit_WarriorsResilience_03.png,ability_habit_rare_warriorsresilience_01
habit_dragon_vhagar_slot2_01,Ancestral Shield,"<style=""Inline_Underline"">Start of Round 1</style>: Reduce your <style=""Inline_Damage_Physical"">Physical</style> and <style=""Inline_Damage_Tactical"">Tactical</style> Damage Received by {effect_group=1:effect=1:base_mod} for 3 rounds.

<style=""Inline_Underline"">Start of Round 4</style>: Increase your <style=""Inline_Recovery"">Recovery</style> Received by {effect_group=2:effect=1:base_mod} until the end of combat.",Icon_DragonAbility_Habit_AncestralShield_05.png,ability_habit_legendary_ancestralshield_01
habit_dragon_vhagar_slot3_01,Battle Leader,"<style=""Inline_Underline"">Start of Combat</style>: Increase <style=""Inline_Damage_Physical"">Physical</style> Damage Dealt (excluding <style=""Inline_Attack"">Basic Attacks</style>) by {effect_group=1:effect=1:base_mod} of 1 Ally in any lane (prioritizes the <style=""Inline_RightFlank"">Right Flank</style>) until the end of combat.",Icon_DragonAbility_Habit_BattleLeader_03.png,ability_habit_legendary_battleleader_01
habit_dragon_vhagar_slot4_01,Eclipse Cover,"<style=""Inline_Underline"">Rounds 3-7</style>: {effect_group=1:trigger_chance} chance to grant <style=""Inline_Buff"">Advantage</style> ({effect_group=1:effect=1:base_mod}) to the Ally with the most troops and afflict <style=""Inline_Debuff"">Weakened</style> ({effect_group=2:effect=1:base_mod}) on the Enemy with the most troops. Each effect lasts for {effect_group=1:duration_rounds} round(s).

<style=""Inline_Buff"">Advantage</style> increases the target's Damage Dealt.
<style=""Inline_Debuff"">Weakened</style> reduces the target's Damage Dealt.",Icon_DragonAbility_Habit_EclipseCover_05.png,ability_habit_legendary_eclipsecover_01
habit_dragon_vhagar_slot5_01,Blazing Onslaught,"<style=""Inline_Underline"">Start of Round 1</style>: Increase <style=""Inline_Damage_Fire"">Fire</style> Damage Received of {effect_group=1:number_of_targets} {effect_group=1:target_type} {effect_group=1:target_range} (prioritizes the <style=""Inline_LeftFlank"">Left Flank</style>) and  <style=""Inline_Damage_Physical"">Physical</style> Damage Received (excluding <style=""Inline_Attack"">Basic Attacks</style>) of {effect_group=2:number_of_targets} {effect_group=2:target_type} {effect_group=2:target_range} (prioritizes the <style=""Inline_RightFlank"">Right Flank</style>) by {effect_group=1:effect=1:base_mod} for {effect_group=1:duration_rounds} round(s).",Icon_DragonAbility_Habit_BlazingOnslaught_04.png,ability_habit_legendary_blazingonslaught_01
habit_dragon_vhagar_slot6_01,Skyward Titan,"<style=""Inline_Underline"">Each Round</style>: {effect_group=1:trigger_chance} chance to gain 1 stack of <style=""Inline_Buff"">Bulwark</style> (Max 5 Stacks) until the end of combat.

Each Stack of <style=""Inline_Buff"">Bulwark</style> increases your <style=""Inline_Dragon_Strength"">Strength</style> by {effect_group=1:effect=1:base_mod} and reduces your <style=""Inline_Damage_Physical"">Physical</style> and <style=""Inline_Damage_Tactical"">Tactical</style> Damage Received by {effect_group=1:effect=2:base_mod}.

<style=""Inline_Underline"">Gain 3rd Stack of <style=""Inline_Buff"">Bulwark</style></style>: Deal <style=""Inline_Damage_Physical"">Physical</style> Damage (Damage Rate: {effect_group=2:effect=1:base_mod}) to {effect_group=2:number_of_targets} {effect_group=2:target_type} {effect_group=2:target_range}.",Icon_DragonAbility_Habit_SkywardTitan_05.png,ability_habit_legendary_skywardtitan_01
habit_dragon_meleys_slot1_01,Warrior's Resilience,"<style=""Inline_Bold"">At Level 16+ and deployed in the</style> <style=""Inline_Vanguard"">Vanguard</style>
Reduce your Damage Received by <style=""Inline_Positive"">-8%</style>. Increase <style=""Inline_Damage_Tactical"">Tactical Damage</style> Dealt by <style=""Inline_Positive"">+16%</style> of the Ally deployed in the <style=""Inline_LeftFlank"">Left Flank</style>.",Icon_DragonAbility_Habit_WarriorsResilience_03.png,ability_habit_rare_warriorsresilience_01
habit_dragon_meleys_slot2_01,Royal Rend,"<style=""Inline_Command"">Scarlet Strike</style> gains: 
If the target is afflicted with <style=""Inline_Damage_Physical"">Bleed</style>, there is a {ability=ability_command_legendary_scarletstrike_01:effect_group=4:trigger_chance} chance to afflict them with  <style=""Inline_Debuff"">Vulnerable</style> for 2 rounds. Otherwise, there is a chance to increase their <style=""Inline_Damage_Physical"">Physical</style> Damage Received by {ability=ability_command_legendary_scarletstrike_01:effect_group=5:effect=1:base_mod} for 2 rounds and apply an additional stack of <style=""Inline_Debuff"">Laceration</style>.
",Icon_DragonAbility_Habit_RoyalRend_05.png,ability_habit_rare_null_01
habit_dragon_meleys_slot3_01,Battle Rush,"At the start of round 1, increase your <style=""Inline_Dragon_Speed"">Initiative</style> by {effect_group=1:effect=1:base_mod} and reduce <style=""Inline_Dragon_Instinct"">Instinct</style> by {effect_group=2:effect=1:base_mod} (enhanced by <style=""Inline_Dragon_Strength"">Strength</style>) of {effect_group=2:number_of_targets} {effect_group=2:target_type} {effect_group=2:target_range}. Each effect lasts for 3 rounds.",Icon_DragonAbility_Habit_BattleRush_03.png,ability_habit_legendary_battlerush_01
habit_dragon_meleys_slot4_01,Queen's Vengeance,"<style=""Inline_Underline"">Each Round:</style> There is a {effect_group=1:trigger_chance} chance to apply <style=""Inline_Buff"">Reflect</style> to self for 1 round. If successfully applied,  <style=""Inline_Buff"">Reflect</style> each <style=""Inline_Attack"">Basic Attack</style> dealt against Meleys this round. Additionally, apply 1 stack of Laceration to the enemy dragon with the highest <style=""Inline_Dragon_Speed"">Initiative</style>. 

<style=""Inline_Buff"">Reflect</style> causes each instance of a <style=""Inline_Attack"">Basic Attack</style> against the target to be split between the original target and the source of the attack. Each target's mitigation stats will affect the final damage they take.",Icon_DragonAbility_Habit_QueensVengeance_05.png,ability_habit_legendary_queensvengeance_01
habit_dragon_meleys_slot5_01,Battle Guile,"<style=""Inline_Underline"">Start of Combat</style> Reduce <style=""Inline_Dragon_Instinct"">Instinct</style> and <style=""Inline_Dragon_Speed"">Initiative</style> by {effect_group=1:effect=1:base_mod} (enhanced by <style=""Inline_Dragon_Speed"">Initiative</style>) of {effect_group=1:number_of_targets} {effect_group=1:target_type} {effect_group=1:target_range} until the end of combat.",Icon_DragonAbility_Habit_BattleGuile_04.png,ability_habit_legendary_battleguile_01
habit_dragon_meleys_slot6_01,The Red Queen,"<style=""Inline_Underline"">Round 3,6,9:</style> Deal <style=""Inline_Damage_Physical"">Physical</style> Damage (Damage Rate: {effect_group=3:effect=1:base_mod}) to {effect_group=3:number_of_targets} {effect_group=3:target_type} {effect_group=3:target_range}. Additionally, there is a {effect_group=1:trigger_chance} to apply 1 stack of <style=""Inline_Debuff"">Laceration</style> to them. Apply an additional stack of <style=""Inline_Debuff"">Laceration</style> to targets afflicted with <style=""Inline_Damage_Physical"">Bleed</style>.",Icon_DragonAbility_Habit_TheRedQueen_05.png,ability_habit_legendary_theredqueen_01
habit_dragon_moondancer_slot1_01,Warrior's Zeal,"<style=""Inline_Bold"">At Level 16+ and deployed in the</style> <style=""Inline_Vanguard"">Vanguard</style>
Increase your <style=""Inline_Damage_Physical"">Physical Damage (</style><style=""Inline_Command""></style><style=""Inline_Habit""></style><style=""Inline_Negative"">)</style> Dealt by <style=""Inline_Positive"">+16%</style>. Increase <style=""Inline_Dragon_Instinct"">Instinct</style> and <style=""Inline_Dragon_Speed"">Initiative</style> by <style=""Inline_Positive"">+20</style> of the Ally deployed in the <style=""Inline_LeftFlank"">Left Flank</style>.",Icon_DragonAbility_Habit_WarriorsZeal_03.png,ability_habit_rare_warriorszeal_01
habit_dragon_moondancer_slot2_01,New Moon,"<style=""Inline_Underline"">Rounds 1, 3, 5</style>: {effect_group=1:trigger_chance} chance to gain 1 stack of <style=""Inline_Buff"">Rising Tide</style>. Double this chance ({effect_group=2:trigger_chance}) if any ally has <style=""Inline_Buff"">Advantage</style>.

<style=""Inline_Underline"">Odd-numbered Rounds</style>: Increase the <style=""Inline_Dragon_Instinct"">Instinct</style> (enhanced by <style=""Inline_Dragon_Speed"">Initiative</style>) by {effect_group=3:effect=1:base_mod} and the <style=""Inline_Damage_Tactical"">Tactical</style> Damage Dealt by {effect_group=3:effect=2:base_mod} of {effect_group=3:number_of_targets} {effect_group=3:target_type} <style=""Inline_Breed_Sentinel"">Sentinel</style> for {effect_group=3:duration_rounds} round(s).

If you have <style=""Inline_Bold"">4+ stacks of <style=""Inline_Buff"">Rising Tide</style></style>, increase these effects by 1.5x, ({effect_group=4:effect=1:base_mod} <style=""Inline_Dragon_Instinct"">Instinct</style> and {effect_group=4:effect=2:base_mod} <style=""Inline_Damage_Tactical"">Tactical</style> Damage Dealt).",Icon_DragonAbility_Habit_NewMoon_05.png,ability_habit_legendary_newmoon_01
habit_dragon_moondancer_slot3_01,Reactive Instincts,"<u>Start of Combat</u>: Increase <style=""Inline_Dragon_Instinct"">Instinct</style> by {effect_group=1:effect=1:base_mod} and <style=""Inline_Dragon_Speed"">Initiative</style> by {effect_group=1:effect=2:base_mod} of the Ally with the highest <style=""Inline_Dragon_Instinct"">Instinct</style> until the end of combat. Both effects are enhanced by <style=""Inline_Dragon_Strength"">Strength</style>.",Icon_DragonAbility_Habit_ReactiveInstincts_04.png,ability_habit_legendary_reactiveinstincts_01
habit_dragon_moondancer_slot4_01,Full Moon,"<style=""Inline_Underline"">Rounds 6, 8, 10</style>: {effect_group=1:trigger_chance} chance to gain 1 stack of <style=""Inline_Buff"">Rising Tide</style>. Double this chance ({effect_group=2:trigger_chance}) if any Ally has <style=""Inline_Buff"">Advantage</style>. Additionally, gain 1 stack if you have the <b>least troops</b> of all combatants.

<style=""Inline_Command"">Crescent Blade</style> gains:
Increase the <style=""Inline_Damage_Physical"">Physical</style> Damage dealt to {ability=ability_command_legendary_crescentblade_01:effect_group=3:effect=1:base_mod}. Additionally, double this damage ({ability=ability_command_legendary_crescentblade_01:effect_group=4:effect=1:base_mod}) when you have <style=""Inline_Bold"">4+ stacks of <style=""Inline_Buff"">Rising Tide</style></style>.",Icon_DragonAbility_Habit_FullMoon_05.png,ability_habit_legendary_fullmoon_01
habit_dragon_moondancer_slot5_01,Blood Moon,"<style=""Inline_Underline"">Each Round</style>: If you have <style=""Inline_Bold"">4+ stacks of <style=""Inline_Buff"">Rising Tide</style></style>, increase your <style=""Inline_Damage_Physical"">Physical</style> Damage Dealt by {effect_group=1:effect=1:base_mod} until the end of the round.

<style=""Inline_Underline"">Odd-numbered Rounds</style>: {effect_group=2:trigger_chance} chance to afflict <style=""Inline_Damage_Physical"">Bleed</style> on {effect_group=2:number_of_targets} {effect_group=2:target_type} {effect_group=2:target_range} for {effect_group=2:duration_rounds} round(s). Double this chance ({effect_group=3:trigger_chance}) if you have <style=""Inline_Buff"">6+ stacks of <style=""Inline_Buff"">Rising Tide</style></style>.",Icon_DragonAbility_Habit_BloodMoon_05.png,ability_habit_legendary_bloodmoon_01
habit_dragon_moondancer_slot6_01,Eclipsing Strike,"<style=""Inline_Underline"">Each Round</style>: {effect_group=1:trigger_chance} chance to reduce the Damage Dealt of the Enemy with the <style=""Inline_Bold"">Most Troops</style> by {effect_group=1:effect=1:base_mod} for {effect_group=1:duration_rounds} round(s). If you have <style=""Inline_Bold"">6+ stacks of <style=""Inline_Buff"">Rising Tide</style></style>, double this chance ({effect_group=2:trigger_chance}) and also reduce the target's <style=""Inline_Dragon_Speed"">Initiative</style> by {effect_group=2:effect=2:base_mod} (enhanced by <style=""Inline_Dragon_Speed"">Initiative</style>).",Icon_DragonAbility_Habit_EclipsingStrike_05.png,ability_habit_legendary_eclipsingstrike_01
habit_dragon_belmorghul_slot1_01,<color=purple>Work in Progress</color>,<color=purple>Work in Progress</color>,Icon_DragonAbility_BasicAttack.png,ability_habit_rare_null_01
habit_dragon_belmorghul_slot2_01,<color=purple>Work in Progress</color>,<color=purple>Work in Progress</color>,Icon_DragonAbility_BasicAttack.png,ability_habit_rare_null_01
habit_dragon_belmorghul_slot3_01,<color=purple>Work in Progress</color>,<color=purple>Work in Progress</color>,Icon_DragonAbility_BasicAttack.png,ability_habit_rare_null_01
habit_dragon_belmorghul_slot4_01,<color=purple>Work in Progress</color>,<color=purple>Work in Progress</color>,Icon_DragonAbility_BasicAttack.png,ability_habit_rare_null_01
habit_dragon_belmorghul_slot5_01,<color=purple>Work in Progress</color>,<color=purple>Work in Progress</color>,Icon_DragonAbility_BasicAttack.png,ability_habit_rare_null_01
habit_dragon_belmorghul_slot6_01,<color=purple>Work in Progress</color>,<color=purple>Work in Progress</color>,Icon_DragonAbility_BasicAttack.png,ability_habit_rare_null_01
habit_pve_nodedefender_slot1_01,<color=purple>Work in Progress</color>,<color=purple>Work in Progress</color>,Icon_DragonAbility_BasicAttack.png,ability_habit_rare_null_01
habit_pve_nodedefender_slot2_01,<color=purple>Work in Progress</color>,<color=purple>Work in Progress</color>,Icon_DragonAbility_BasicAttack.png,ability_habit_rare_null_01
habit_pve_nodedefender_slot3_01,<color=purple>Work in Progress</color>,<color=purple>Work in Progress</color>,Icon_DragonAbility_BasicAttack.png,ability_habit_rare_null_01
habit_pve_nodedefender_slot4_01,<color=purple>Work in Progress</color>,<color=purple>Work in Progress</color>,Icon_DragonAbility_BasicAttack.png,ability_habit_rare_null_01
habit_pve_nodedefender_slot5_01,<color=purple>Work in Progress</color>,<color=purple>Work in Progress</color>,Icon_DragonAbility_BasicAttack.png,ability_habit_rare_null_01
habit_pve_bandit_slot1_01,<color=purple>Work in Progress</color>,<color=purple>Work in Progress</color>,Icon_DragonAbility_BasicAttack.png,ability_habit_rare_null_01
habit_pve_bandit_slot2_01,<color=purple>Work in Progress</color>,<color=purple>Work in Progress</color>,Icon_DragonAbility_BasicAttack.png,ability_habit_rare_null_01
habit_pve_bandit_slot3_01,<color=purple>Work in Progress</color>,<color=purple>Work in Progress</color>,Icon_DragonAbility_BasicAttack.png,ability_habit_rare_null_01
habit_pve_bandit_slot4_01,<color=purple>Work in Progress</color>,<color=purple>Work in Progress</color>,Icon_DragonAbility_BasicAttack.png,ability_habit_rare_null_01
habit_pve_bandit_slot5_01,<color=purple>Work in Progress</color>,<color=purple>Work in Progress</color>,Icon_DragonAbility_BasicAttack.png,ability_habit_rare_null_01
habit_pve_outlaw_slot1_01,<color=purple>Work in Progress</color>,<color=purple>Work in Progress</color>,Icon_DragonAbility_BasicAttack.png,ability_habit_rare_null_01
habit_pve_outlaw_slot2_01,<color=purple>Work in Progress</color>,<color=purple>Work in Progress</color>,Icon_DragonAbility_BasicAttack.png,ability_habit_rare_null_01
habit_pve_outlaw_slot3_01,<color=purple>Work in Progress</color>,<color=purple>Work in Progress</color>,Icon_DragonAbility_BasicAttack.png,ability_habit_rare_null_01
habit_pve_outlaw_slot4_01,<color=purple>Work in Progress</color>,<color=purple>Work in Progress</color>,Icon_DragonAbility_BasicAttack.png,ability_habit_rare_null_01
habit_pve_outlaw_slot5_01,<color=purple>Work in Progress</color>,<color=purple>Work in Progress</color>,Icon_DragonAbility_BasicAttack.png,ability_habit_rare_null_01
habit_pve_marauder_slot1_01,<color=purple>Work in Progress</color>,<color=purple>Work in Progress</color>,Icon_DragonAbility_BasicAttack.png,ability_habit_rare_null_01
habit_pve_marauder_slot2_01,<color=purple>Work in Progress</color>,<color=purple>Work in Progress</color>,Icon_DragonAbility_BasicAttack.png,ability_habit_rare_null_01
habit_pve_marauder_slot3_01,<color=purple>Work in Progress</color>,<color=purple>Work in Progress</color>,Icon_DragonAbility_BasicAttack.png,ability_habit_rare_null_01
habit_pve_marauder_slot4_01,<color=purple>Work in Progress</color>,<color=purple>Work in Progress</color>,Icon_DragonAbility_BasicAttack.png,ability_habit_rare_null_01
habit_pve_marauder_slot5_01,<color=purple>Work in Progress</color>,<color=purple>Work in Progress</color>,Icon_DragonAbility_BasicAttack.png,ability_habit_rare_null_01
habit_dragon_silversong_slot1_01,Champion's Brilliance,"<style=""Inline_Bold"">At Level 16+ and deployed in the</style> <style=""Inline_Vanguard"">Vanguard</style>
Increase your <style=""Inline_Dragon_Strength"">Strength</style>, <style=""Inline_Dragon_Intelligence"">Intelligence</style>, and <style=""Inline_Dragon_Instinct"">Instinct</style> by <style=""Inline_Positive"">+15</style>. Reduce Damage Received by <style=""Inline_Positive"">-8%</style> of the Ally deployed in the <style=""Inline_RightFlank"">Right Flank</style>. ",Icon_DragonAbility_BasicAttack.png,ability_habit_rare_championsbrilliance_01
habit_dragon_silversong_slot2_01,Watcher: Deal BA Damage,"When you deal Basic Attack Damage, apply Recovery to yourself and there is a chance to deal Fire Damage to 1 enemy.",Icon_DragonAbility_BasicAttack.png,ability_habit_test_watch_dealbadmg_01
habit_dragon_silversong_slot3_01,Watcher: Receive Recovery,"When you Receive Recovery, deal Tactical Damage to 1 Enemy.",Icon_DragonAbility_BasicAttack.png,ability_habit_test_watch_receiverec_01
habit_dragon_silversong_slot4_01,Dragon's Intellect,"<style=""Inline_Underline"">Start of Combat</style>: Reduce your Damage Received by {effect_group=1:effect=1:base_mod} and increase your <style=""Inline_Dragon_Intelligence"">Intelligence</style> by {effect_group=1:effect=2:base_mod} until the end of combat.",Icon_DragonAbility_BasicAttack.png,ability_habit_rare_dragonsintellect_01
habit_dragon_silversong_slot5_01,HABIT_DRAGONSVALOR_03_NAME,"<style=""Inline_Underline"">Start of Combat</style>: Reduce your Damage Received by {effect_group=1:effect=1:base_mod} and increase your <style=""Inline_Dragon_Strength"">Strength</style> by {effect_group=1:effect=2:base_mod} until the end of combat.",Icon_DragonAbility_BasicAttack.png,ability_habit_rare_dragonsvalor_01
habit_dragon_silversong_slot6_01,Dragon's Might,"<style=""Inline_Underline"">Start of Combat</style>: Increase your <style=""Inline_Damage_Physical"">Physical Damage (</style><style=""Inline_Command""></style><style=""Inline_Habit""></style><style=""Inline_Negative"">)</style> Dealt by {effect_group=1:effect=1:base_mod} until the end of combat.",Icon_DragonAbility_BasicAttack.png,ability_habit_rare_dragonsmight_01
habit_pve_spwn_wildlings_slot1_01,Savage Uprising,"Each round, chance to deal {effect_group=1:effect=1:damage_type} Damage to {effect_group=1:number_of_targets} {effect_group=1:target_type} {effect_group=1:target_range} and afflict the target with <style=""Inline_Debuff"">Weakened</style>. When troops fall below 50%, gain resistance to Fire Damage until the end of combat.",COMMAND_SPWN_WILDLINGS_DETAILED_DESCRIPTION,ability_habit_uncommon_spwn_wildlings_01
habit_pve_spwn_rivermen_slot1_01,River’s Snare,"Each round, chance to deal {effect_group=1:effect=1:damage_type} Damage to {effect_group=1:number_of_targets} {effect_group=1:target_type} {effect_group=1:target_range}. Also on rounds 5-10, chance to afflict the target with <style=""Inline_Debuff"">Stun</style>.",COMMAND_SPWN_RIVERMEN_DETAILED_DESCRIPTION,ability_habit_uncommon_spwn_rivermen_01
habit_pve_spwn_wilddragon_champion_slot1_01,Crownbreaker’s Wrath,"Weak to Warrior Breeds.

Each round, chance to deal {effect_group=1:effect=1:damage_type} Damage to {effect_group=1:number_of_targets} {effect_group=1:target_type} {effect_group=1:target_range}.",COMMAND_SPWN_WILDDRAGON_CHAMPION_DETAILED_DESCRIPTION,ability_habit_uncommon_spwn_wilddragon_champion_01
habit_pve_spwn_wilddragon_sentinel_slot1_01,Ironwind Ward,"Weak to Hunter Breeds.

Each round, chance to deal {effect_group=1:effect=1:damage_type} Damage to {effect_group=1:number_of_targets} {effect_group=1:target_type} {effect_group=1:target_range}.",COMMAND_SPWN_WILDDRAGON_SENTINEL_DETAILED_DESCRIPTION,ability_habit_uncommon_spwn_wilddragon_sentinel_01
habit_pve_spwn_wilddragon_hunter_slot1_01,Burning Quarry,"Weak to Champion Breeds.

Each round, chance to deal {effect_group=1:effect=1:damage_type} Damage to {effect_group=1:number_of_targets} {effect_group=1:target_type} {effect_group=1:target_range}.",COMMAND_SPWN_WILDDRAGON_HUNTER_DETAILED_DESCRIPTION,ability_habit_uncommon_spwn_wilddragon_hunter_01
habit_pve_spwn_wilddragon_warrior_slot1_01,Bloodfang Call,"Weak to Sentinel Breeds.

Each round, chance to deal {effect_group=1:effect=1:damage_type} Damage to {effect_group=1:number_of_targets} {effect_group=1:target_type} {effect_group=1:target_range}.",COMMAND_SPWN_WILDDRAGON_WARRIOR_DETAILED_DESCRIPTION,ability_habit_uncommon_spwn_wilddragon_warrior_01
habit_pve_spwn_targaryen_soldier_slot1_01,Usurper's Demise,"Each round, chance to deal {effect_group=1:effect=1:damage_type} Damage to {effect_group=1:number_of_targets} {effect_group=1:target_type} {effect_group=1:target_range} and afflict the target with <style=""Inline_Debuff"">Weakened</style>. When troops fall below 50%, gain resistance to Fire Damage until the end of combat.",COMMAND_SPWN_WILDLINGS_DETAILED_DESCRIPTION,ability_habit_uncommon_spwn_wildlings_01
habit_test__nul,TBA (Work in Progress),This Habit is under construction.,Icon_Generic_Placeholder.png,ability_test__nul
habit_test_passive_buff,Passive Ability Type,,Icon_Generic_Placeholder.png,ability_habit_test_passive_buff
habit_test_allally_buff_all_010,Buff All Stats on All Allies by 10,,Icon_Generic_Placeholder.png,ability_habit_test_allally_buff_all_010
habit_test_allenemy_debuff_all_010,Debuff All Stats on All Enemies by 10,,Icon_Generic_Placeholder.png,ability_habit_test_allenemy_debuff_all_010
habit_test_allally_buff_all_010_pct,Buff All Stats on All Allies by 10%,,Icon_Generic_Placeholder.png,ability_habit_test_allally_buff_all_010_pct
habit_test_allenemy_debuff_all_010_pct,Debuff All Stats on All Enemies by 10%,,Icon_Generic_Placeholder.png,ability_habit_test_allenemy_debuff_all_010_pct
habit_test_opposing_debuff_all_010,Debuff All Stats on 1 Opposing Enemy by 10,,Icon_Generic_Placeholder.png,ability_habit_test_opposing_debuff_all_010
habit_test__damage_physical_010pct,Physical Damage 10% (Active),,Icon_Generic_Placeholder.png,ability_test__act_100pct__dmg_phy_010pct
habit_test__damage_physical_100pct,Physical Damage 100% (Active),,Icon_Generic_Placeholder.png,ability_test__act_100pct__dmg_phy_100pct
habit_test__damage_tactical_010pct,Tactical Damage 10% (Active),,Icon_Generic_Placeholder.png,ability_test__act_100pct__dmg_tac_010pct
habit_test__damage_tactical_100pct,Tactical Damage 100% (Active),,Icon_Generic_Placeholder.png,ability_test__act_100pct__dmg_tac_100pct
habit_test__damage_fire_010pct,Dragon Fire Damage 10% (Active),,Icon_Generic_Placeholder.png,ability_test__act_100pct__dmg_fire_010pct
habit_test__damage_fire_100pct,Dragon Fire Damage 100% (Active),,Icon_Generic_Placeholder.png,ability_test__act_100pct__dmg_fire_100pct
habit_test__damage_phy_010pct_attmod,Physical Damage 10% (AttackMod),,Icon_Generic_Placeholder.png,ability_test__act_100pct__dmg_phy_010pct_attmod
habit_test__damage_tac_010pct_attmod,Tactical Damage 10% (AttackMod),,Icon_Generic_Placeholder.png,ability_test__act_100pct__dmg_tac_010pct_attmod
habit_test__damage_fire_010pct_attmod,Dragon Fire Damage 10% (AttackMod),,Icon_Generic_Placeholder.png,ability_test__act_100pct__dmg_fire_010pct_attmod
habit_test__damage_phy_010pct_prep,Physical Damage 10% (Passive),,Icon_Generic_Placeholder.png,ability_test__act_100pct__dmg_phy_010pct_prep
habit_test__damage_tac_010pct_prep,Tactical Damage 10% (Passive),,Icon_Generic_Placeholder.png,ability_test__act_100pct__dmg_tac_010pct_prep
habit_test__damage_fire_010pct_prep,Dragon Fire Damage 10% (Passive),,Icon_Generic_Placeholder.png,ability_test__act_100pct__dmg_fire_010pct_prep
habit_test_attmod_self_recover_100,Recover troops for Self (10% | AttMod),,Icon_Generic_Placeholder.png,ability_habit_test_attmod_self_recover_100
habit_test_attmod_self_recover_010,Recover troops for Self (10% | AttMod),,Icon_Generic_Placeholder.png,ability_habit_test_attmod_self_recover_010
habit_test_self_buff_directdmgmod_phy_010_pct,Buff Physical Damage Dealt on Self by 10%,,Icon_Generic_Placeholder.png,ability_habit_test_self_buff_directdmgmod_phy_010_pct
habit_test_self_debuff_directdmgmod_phy_010_pct,Debuff Physical Damage Dealt on Self by 10%,,Icon_Generic_Placeholder.png,ability_habit_test_self_debuff_directdmgmod_phy_010_pct
habit_test_self_buff_directdmgmod_tac_010_pct,Buff Tacctical Damage Dealt on Self by 10%,,Icon_Generic_Placeholder.png,ability_habit_test_self_buff_directdmgmod_tac_010_pct
habit_test_self_debuff_directdmgmod_tac_010_pct,Debuff Tacctical Damage Dealt on Self by 10%,,Icon_Generic_Placeholder.png,ability_habit_test_self_debuff_directdmgmod_tac_010_pct
habit_test_self_buff_directdmgmod_fire_010_pct,Buff Dragon Fire Damage Dealt on Self by 10%,,Icon_Generic_Placeholder.png,ability_habit_test_self_buff_directdmgmod_fire_010_pct
habit_test_self_debuff_directdmgmod_fire_010_pct,Debuff Dragon Fire Damage Dealt on Self by 10%,,Icon_Generic_Placeholder.png,ability_habit_test_self_debuff_directdmgmod_fire_010_pct
habit_test_self_buff_directdmgmod_phy_cmd_010_pct,Buff Physical Damage Dealt from Commands on Self by 10%,,Icon_Generic_Placeholder.png,ability_habit_test_self_buff_directdmgmod_phy_cmd_010_pct
habit_test_self_buff_directdmgmod_phy_ba_010_pct,Buff Physical Damage Dealt from Basic Attacks on Self by 10%,,Icon_Generic_Placeholder.png,ability_habit_test_self_buff_directdmgmod_phy_ba_010_pct
habit_test_self_buff_directdmgmod_hbt_act_attmod_010_pct,Buff Damage Dealt from AttackMod Habits on Self by 10%,,Icon_Generic_Placeholder.png,ability_habit_test_self_buff_directdmgmod_hbt_act_attmod_010_pct
habit_test_self_buff_directdmgmod_phy_010_pct_scaling,Buff Physical Damage Dealt on Self by 10% (Scales w/ SPD),,Icon_Generic_Placeholder.png,ability_habit_test_self_buff_directdmgmod_phy_010_pct_scaling
habit_test_ally_buff_directdmgmod_phy_010_pct,Buff Physical Damage Dealt on 3 Ally by 10%,,Icon_Generic_Placeholder.png,ability_test_ally_buff_directdmgmod_phy_010_pct
habit_test_ally_debuff_directdmgmod_phy_010_pct,Debuff Physical Damage Dealt on 3 Ally by 10%,,Icon_Generic_Placeholder.png,ability_test_ally_debuff_directdmgmod_phy_010_pct
habit_test_enemy_buff_directdmgmod_phy_010_pct,Buff Physical Damage Dealt on 3 Enemy by 10%,,Icon_Generic_Placeholder.png,ability_test_enemy_buff_directdmgmod_phy_010_pct
habit_test_enemy_debuff_directdmgmod_phy_010_pct,Debuff Physical Damage Dealt on 3 Enemy by 10%,,Icon_Generic_Placeholder.png,ability_test_enemy_debuff_directdmgmod_phy_010_pct
habit_test_self_buff_dmgreceivedmod_phy_010_pct,Buff Physical Damage Dealt on Self by 10%,,Icon_Generic_Placeholder.png,ability_habit_test_self_buff_dmgreceivedmod_phy_010_pct
habit_test_self_debuff_dmgreceivedmod_phy_010_pct,Debuff Physical Damage Dealt on Self by 10%,,Icon_Generic_Placeholder.png,ability_habit_test_self_debuff_dmgreceivedmod_phy_010_pct
habit_test_self_buff_dmgreceivedmod_tac_010_pct,Buff Tacctical Damage Dealt on Self by 10%,,Icon_Generic_Placeholder.png,ability_habit_test_self_buff_dmgreceivedmod_tac_010_pct
habit_test_self_debuff_dmgreceivedmod_tac_010_pct,Debuff Tacctical Damage Dealt on Self by 10%,,Icon_Generic_Placeholder.png,ability_habit_test_self_debuff_dmgreceivedmod_tac_010_pct
habit_test_self_buff_dmgreceivedmod_fire_010_pct,Buff Dragon Fire Damage Dealt on Self by 10%,,Icon_Generic_Placeholder.png,ability_habit_test_self_buff_dmgreceivedmod_fire_010_pct
habit_test_self_debuff_dmgreceivedmod_fire_010_pct,Debuff Dragon Fire Damage Dealt on Self by 10%,,Icon_Generic_Placeholder.png,ability_habit_test_self_debuff_dmgreceivedmod_fire_010_pct
habit_test_self_buff_dmgreceivedmod_phy_cmd_010_pct,Buff Physical Damage Dealt from Commands on Self by 10%,,Icon_Generic_Placeholder.png,ability_habit_test_self_buff_dmgreceivedmod_phy_cmd_010_pct
habit_test_self_buff_dmgreceivedmod_phy_ba_010_pct,Buff Physical Damage Dealt from Basic Attacks on Self by 10%,,Icon_Generic_Placeholder.png,ability_habit_test_self_buff_dmgreceivedmod_phy_ba_010_pct
habit_test_self_buff_dmgreceivedmod_hbt_act_attmod_010_pct,Buff Damage Dealt from AttackMod Habits on Self by 10%,,Icon_Generic_Placeholder.png,ability_habit_test_self_buff_dmgreceivedmod_hbt_act_attmod_010_pct
habit_test_buff_recoveryoutput_010_pct,Buff Recovery Output on Self by 10%,,Icon_Generic_Placeholder.png,ability_habit_test_buff_recoveryoutput_010_pct
habit_test_debuff_recoveryoutput_010_pct,Debuff Recovery Output on Self by 10%,,Icon_Generic_Placeholder.png,ability_habit_test_debuff_recoveryoutput_010_pct
habit_test_buff_recoveryoutput_cmd_010_pct,Buff Recovery Output from Commands on Self by 10%,,Icon_Generic_Placeholder.png,ability_habit_test_buff_recoveryoutput_cmd_010_pct
habit_test_buff_recoveryoutput_hbt_act_attmod_010_pct,Buff Recovery Output from AttackMod Habits on Self by 10%,,Icon_Generic_Placeholder.png,ability_habit_test_buff_recoveryoutput_hbt_act_attmod_010_pct
habit_test_buff_recoveryreceived_010_pct,Buff Recovery Received on Self by 10%,,Icon_Generic_Placeholder.png,ability_habit_test_buff_recoveryreceived_010_pct
habit_test_debuff_recoveryreceived_010_pct,Debuff Recovery Received on Self by 10%,,Icon_Generic_Placeholder.png,ability_habit_test_debuff_recoveryreceived_010_pct
habit_test_buff_recoveryreceived_cmd_010_pct,Buff Recovery Received from Commands on Self by 10%,,Icon_Generic_Placeholder.png,ability_habit_test_buff_recoveryreceived_cmd_010_pct
habit_test_buff_recoveryreceived_hbt_act_attmod_010_pct,Buff Recovery Received from AttackMod Habits on Self by 10%,,Icon_Generic_Placeholder.png,ability_habit_test_buff_recoveryreceived_hbt_act_attmod_010_pct
habit_test_action_auto_instant,Active Habit Test w/ Instant EG,,Icon_Generic_Placeholder.png,ability_test_action_auto_instant
habit_test_action_auto_timed,Active Habit Test w/ Timed EG,,Icon_Generic_Placeholder.png,ability_test_action_auto_timed
habit_test_action_auto_passive,Active Habit Test w/ Passive EG,,Icon_Generic_Placeholder.png,ability_test_action_auto_passive
habit_test_action_attackmod_instant,AttackMod Habit Test w/ Instant EG,,Icon_Generic_Placeholder.png,ability_test_action_attackmod_instant
habit_test_action_attackmod_timed,AttackMod Habit Test w/ Timed EG,,Icon_Generic_Placeholder.png,ability_test_action_attackmod_timed
habit_test_action_attackmod_passive,AttackMod Habit Test w/ Passive EG,,Icon_Generic_Placeholder.png,ability_test_action_attackmod_passive
habit_test_preparation_auto_instant,Passive Habit Test w/ Instant EG,,Icon_Generic_Placeholder.png,ability_test_preparation_auto_instant
habit_test_preparation_auto_timed,Passive Habit Test w/ Timed EG,,Icon_Generic_Placeholder.png,ability_test_preparation_auto_timed
habit_test_preparation_auto_passive,Passive Habit Test w/ Passive EG,,Icon_Generic_Placeholder.png,ability_test_preparation_auto_passive
habit_test_self_doublestrike_ar4_d3,Self Doublestrike (d3 | ar4),,Icon_Generic_Placeholder.png,ability_test_self_doublestrike_ar4_d3
habit_test_self_doublestrike,Grant Self Double-Strike,,Icon_Generic_Placeholder.png,ability_test_self_doublestrike
habit_test_self_firststrike,Grant Self First-Strike,,Icon_Generic_Placeholder.png,ability_test_self_firststrike
habit_test_self_slow,Grant Self Slow,,Icon_Generic_Placeholder.png,ability_test_self_slow
habit_test_self_buff_speed_100_ar3,Buff Speed on Self by 100,,Icon_Generic_Placeholder.png,ability_habit_test_self_buff_speed_100_ar3
habit_test_self_buff_speed,Buff Speed on Self by 10,,Icon_Generic_Placeholder.png,ability_habit_test_self_buff_speed
habit_test_anyally_buff_str__self_troops_u025,Buff Strength on All Allies (if source <25% Troops),,Icon_Generic_Placeholder.png,ability_habit_test_anyally_buff_str__self_troops_u025
habit_test_enemy_debuff_str__target_troops_a075,Debuff Strenght of All Enemies (if target >75% Troops),,Icon_Generic_Placeholder.png,ability_habit_test_enemy_debuff_str__target_troops_a075
habit_test_self_buff_str__anyally_troops_b050_075,Buff Strength Self (if anyally 50%<Troops<75%),,Icon_Generic_Placeholder.png,ability_habit_test_self_buff_str__anyally_troops_b050_075
habit_test_self_buff_str__source_speed_u90,Buff Strength Self (if source speed <= 90),,Icon_Generic_Placeholder.png,ability_habit_test_self_buff_str__source_speed_u90
habit_test_self_buff_str__self_level_u10,Buff Strength Self (if source <= Lvl 10),,Icon_Generic_Placeholder.png,ability_habit_test_self_buff_str__self_level_u10
habit_test_self_buff_int__self_level_b11_40,Buff Intelligence Self (if source >= Lvl11 & <= Lvl40),,Icon_Generic_Placeholder.png,ability_habit_test_self_buff_int__self_level_b11_40
habit_test_self_buff_ins__self_level_a41,Buff Instincts Self (if source >= Lvl 41),,Icon_Generic_Placeholder.png,ability_habit_test_self_buff_ins__self_level_a41
habit_test_self_buff_str__self_star_u02,Buff Strength Self (if source <= 2 Stars),,Icon_Generic_Placeholder.png,ability_habit_test_self_buff_str__self_star_u02
habit_test_self_buff_int__self_star_b03_04,Buff Intelligence Self (if source >= 3 Stars & <= 4 Stars),,Icon_Generic_Placeholder.png,ability_habit_test_self_buff_int__self_star_b03_04
habit_test_self_buff_ins__self_star_a05,Buff Instincts Self (if source >= 5 Stars),,Icon_Generic_Placeholder.png,ability_habit_test_self_buff_ins__self_star_a05
habit_test_self_buff_str__or_source_level_u10_stars_u02,Buff Strength Self (if source <= Lvl 10 or <= 2 Stars),,Icon_Generic_Placeholder.png,ability_habit_test_self_buff_str__or_source_level_u10_stars_u02
habit_test_self_buff_str__and_source_level_a41_stars_a05,Buff Strength Self (if source >= Lvl 41 and >=5 Stars),,Icon_Generic_Placeholder.png,ability_habit_test_self_buff_str__and_source_level_a41_stars_a05
habit_test_self_buff_str__nor_source_troop_u025,Buff Strength Self (if source NOT <= 25% Troops),,Icon_Generic_Placeholder.png,ability_habit_test_self_buff_str__nor_source_troop_u025
habit_test_self_buff_str__nor_source_level_u10_stars_u02,Buff Strength Self (if source NOT <= Lvl 10 nor <= 2 Stars),,Icon_Generic_Placeholder.png,ability_habit_test_self_buff_str__nor_source_level_u10_stars_u02
habit_test_self_buff_str__nand_source_level_a41_stars_a05,Buff Strength Self (if source NOT >= Lvl 41 and >=5 Stars),,Icon_Generic_Placeholder.png,ability_habit_test_self_buff_str__nand_source_level_a41_stars_a05
habit_test_applylabel_recoveryblock,Apply Recovery Block,,Icon_Generic_Placeholder.png,ability_habit_test_applylabel_recoveryblock
habit_test_self_bleed,Apply Bleed Label and 10 STR to Self,,Icon_Generic_Placeholder.png,ability_habit_test_self_bleed
habit_test_act050_active_samelane_1_damage,Active Habit (50% Chance),,Icon_Generic_Placeholder.png,ability_test_act050_active_samelane_1_damage
habit_test_buff_trigger_chance_030pct,Increase All Trigger Chance (30%),,Icon_Generic_Placeholder.png,ability_habit_test_buff_trigger_chance_030pct
habit_test_debuff_trigger_chance_030pct,Decrease All Trigger Chance (-30%),,Icon_Generic_Placeholder.png,ability_habit_test_debuff_trigger_chance_030pct
habit_test_buff_trigger_chance_030pct_hbt_all,Increase Habit Trigger Chance (30%),,Icon_Generic_Placeholder.png,ability_habit_test_buff_trigger_chance_030pct_hbt_all
habit_test_debuff_trigger_chance_030pct_hbt_all,Decrease Habit Trigger Chance (-30%),,Icon_Generic_Placeholder.png,ability_habit_test_debuff_trigger_chance_030pct_hbt_all
habit_test_buff_trigger_chance_030pct_cmd_all,Increase Command Trigger Chance (30%),,Icon_Generic_Placeholder.png,ability_habit_test_buff_trigger_chance_030pct_cmd_all
habit_test_debuff_trigger_chance_030pct_cmd_all,Decrease Command Trigger Chance (-30%),,Icon_Generic_Placeholder.png,ability_habit_test_debuff_trigger_chance_030pct_cmd_all
habit_test_buff_trigger_chance_030pct_cmd_attmod,Increase AttackMod Command Trigger Chance (30%),,Icon_Generic_Placeholder.png,ability_habit_test_buff_trigger_chance_030pct_cmd_attmod
habit_test_debuff_trigger_chance_030pct_cmd_attmod,Decrease AttackMod Command Trigger Chance (-30%),,Icon_Generic_Placeholder.png,ability_habit_test_debuff_trigger_chance_030pct_cmd_attmod
habit_test_tiledamagemod_1000pct,Increase Siege Damage (1000%),,Icon_Generic_Placeholder.png,ability_test_tiledamagemod_1000pct
habit_test_self_label_advantage,Grant Advantage Label to Self,,Icon_Generic_Placeholder.png,ability_test_self_label_advantage
habit_test_self_label_weakened,Grant Weakened Label to Self,,Icon_Generic_Placeholder.png,ability_test_self_label_weakened
habit_test_self_label_resistance,Grant Resistance Label to Self,,Icon_Generic_Placeholder.png,ability_test_self_label_resistance
habit_test_self_label_vulnerable,Grant Vulnerable Label to Self,,Icon_Generic_Placeholder.png,ability_test_self_label_vulnerable
habit_test_self_label_bleed,Grant Bleed Label to Self,,Icon_Generic_Placeholder.png,ability_test_self_label_bleed
habit_test_self_label_panic,Grant Panic Label to Self,,Icon_Generic_Placeholder.png,ability_test_self_label_panic
habit_test_self_label_burn,Grant Burn Label to Self,,Icon_Generic_Placeholder.png,ability_test_self_label_burn
habit_test_self_label_taunt,Grant Taunt Label to Self,,Icon_Generic_Placeholder.png,ability_test_self_label_taunt
habit_test_self_label_slow,Grant Slow Label to Self,,Icon_Generic_Placeholder.png,ability_test_self_label_slow
habit_test_self_label_firststrike,Grant First-Strike Label to Self,,Icon_Generic_Placeholder.png,ability_test_self_label_firststrike
habit_test_enemy_label_burn__ar0206_d2,Grant Burn to Enemy (R2 6 | D2),,Icon_Generic_Placeholder.png,ability_test_enemy_label_burn__ar0206_d2
habit_test_enemy_label_burn__ar01040710_d2,Grant Burn to Enemy (R1 4 7 10 | D2),,Icon_Generic_Placeholder.png,ability_test_enemy_label_burn__ar01040710_d2
habit_test_enemy_label_burn__ar01040710_d2__label_first,Grant Burn to Enemy (R1 4 7 10 | D2) Label 1st,,Icon_Generic_Placeholder.png,ability_test_enemy_label_burn__ar01040710_d2__label_first
habit_test_self_cleanse_burn,Cleanse Burn from Self,,Icon_Generic_Placeholder.png,ability_test_self_cleanse_burn
habit_test_self_cleanse_burn__r0207,Cleanse Burn from Self (R1 7),,Icon_Generic_Placeholder.png,ability_test_self_cleanse_burn__r0207
habit_test_stagger_self,Stagger Self,,Icon_Generic_Placeholder.png,ability_command_test_stagger_self_10rnd
habit_test_stagger_d2_r010509,Stagger Opposing Enemy (R1 5 9 | D2),,Icon_Generic_Placeholder.png,ability_command_test_stagger_d2_r010509
habit_test_deflect_cmd_dmg,Deflect CMD Damage to Ally,,Icon_Generic_Placeholder.png,ability_test_deflect_cmd_dmg
habit_test_deflect_ba_dmg,Deflect BA Damage to Ally,,Icon_Generic_Placeholder.png,ability_test_deflect_ba_dmg
habit_test_deflect_cmd_stat,Deflect StatMod to Ally,,Icon_Generic_Placeholder.png,ability_test_deflect_cmd_stat
habit_test_evade_basicattacks_025pct,Evade (Basic Attacks 25%),,Icon_Generic_Placeholder.png,ability_test_evade_basicattacks_025pct
habit_test_evade_directdmgmod_fromenemy_100pct,Evade (DMG Mod from Enemy 100%),,Icon_Generic_Placeholder.png,ability_test_evade_directdmgmod_fromenemy_100pct
habit_test_deflect_partial,Deflect Partial Damage to Ally,,Icon_Generic_Placeholder.png,ability_test_deflect_partial
habit_test_deflect_steal_rec,Deflect Partial Recovery from Enemy to Self,,Icon_Generic_Placeholder.png,ability_test_deflect_steal_rec
habit_test_deflect_actual_usecase_cmd_dmg,Deflection,,Icon_Generic_Placeholder.png,ability_test_deflect_actual_usecase_cmd_dmg
habit_test_protect_actual_usecase_cmd_dmg,Protection,,Icon_Generic_Placeholder.png,ability_test_protect_actual_usecase_cmd_dmg
habit_test_cover_actual_usecase_cmd_dmg,Cover,,Icon_Generic_Placeholder.png,ability_test_cover_actual_usecase_cmd_dmg
habit_test_self_buff_int__r2_d10,Buff Self INT on R2,,Icon_Generic_Placeholder.png,ability_test_self_buff_int__r2_d10
habit_test_self_buff_str_ins__r345_d10,Buff Self STR & INS on R3 4 5,,Icon_Generic_Placeholder.png,ability_test_self_buff_str_ins__r345_d10
habit_test_self_label_test10__source_has_3st_test09,Grant Self Test10,,Icon_Generic_Placeholder.png,ability_test_self_label_test10__source_has_3st_test09
habit_test_self_habitprog_n025_n050_0_p50_p100,DMG Dealt Mod Based on Rank (1 -50% | 2 -25% | 3 0% | 4 +50% | 5 +100%),,Icon_Generic_Placeholder.png,ability_test_self_habitprog_n025_n050_0_p50_p100
habit_test_enemy_debuff_str__r3_d5,Debuff enemy STR on R3 (d5) (Remove on Source Killed),,Icon_Generic_Placeholder.png,ability_test_enemy_debuff_str__r3_d5
habit_test_enemy_debuff_str__r3_d5_rosk,Debuff enemy STR on R3 (d5) (Remove on Source Killed),,Icon_Generic_Placeholder.png,ability_test_enemy_debuff_str__r3_d5_rosk
habit_test_watcher__ba_target__fire_dmg__r2d4,Watcher (Self) Deal Fire DMG when Basic Attacked (R2 D4),,Icon_Generic_Placeholder.png,ability_test_watcher__ba_target__fire_dmg__r2d4
habit_test_watcher__ba_launch__fire_dmg__r2d4,Watcher (Adj Ally) Deal Fire DMG (RF) when Basic Attack (R2 D4),,Icon_Generic_Placeholder.png,ability_test_watcher__ba_target__fire_dmg__r2d4
habit_test_watcher__enemy_retreat__self_rec,Watcher Recover Self when any Enemy Retreats,,Icon_Generic_Placeholder.png,ability_test_watcher__enemy_retreat__self_rec
habit_test_watcher__receive_burn__cleanse,Watcher Cleanse Burn when Gain Burn,,Icon_Generic_Placeholder.png,ability_test_watcher__receive_burn__cleanse
habit_test_watcher__receive_stagger__cleanse,Watcher Cleanse Stagger when Gain Stagger,,Icon_Generic_Placeholder.png,ability_test_watcher__receive_stagger__cleanse
habit_test_watcher__receive_dmg_tac__tac_mitigation,Watcher Tactical Mitigation when Receive Tactical Damage,,Icon_Generic_Placeholder.png,ability_test_watcher__receive_dmg_tac__tac_mitigation
habit_test_watcher__enemy_deal_recovery__debuff_ins,Watcher Debuff Self Instincts when Deal Recovery,,Icon_Generic_Placeholder.png,ability_test_watcher__enemy_deal_recovery__debuff_ins
habit_test_watcher__van_deal_dmg_phy__phy_dmgbuff,Watcher Physical Damage Buff when Deal Physical Damage,,Icon_Generic_Placeholder.png,ability_test_watcher__van_deal_dmg_phy__phy_dmgbuff
habit_test_watcher__rf_deal_dmg_fire__fire_dmgbuff,Watcher Fire Damage Buff when Deal Fire Damage,,Icon_Generic_Placeholder.png,ability_test_watcher__rf_deal_dmg_fire__fire_dmgbuff
habit_test_targeter__van__buff_str_1,Buff Strength of Vanguard Ally (Targeter Cond Only),,Icon_Generic_Placeholder.png,ability_test_targeter__van__buff_str_1
habit_test_targeter__van__buff_str_2,Buff Strength of Vanguard Ally (Targeter & EG Cond),,Icon_Generic_Placeholder.png,ability_test_targeter__van__buff_str_2
habit_test_targeter__6stars__self_buff_str_1,Buff Strength of Self at 6 Stars (Targeter Cond Only),,Icon_Generic_Placeholder.png,ability_test_targeter__6stars__self_buff_str_1
habit_test_targeter__6stars__self_buff_str_2,Buff Strength of Self at 6 Stars (Targeter & EG Cond),,Icon_Generic_Placeholder.png,ability_test_targeter__6stars__self_buff_str_2
habit_test__targeter_self__eg_2_otherally,Buff Strength (Targeter = Self | EG = 2 Other Allies),,Icon_Generic_Placeholder.png,ability_test__targeter_self__eg_2_otherally
habit_test_watcher__van_turn_start__deal_tac_dmg,Watcher Deal Tactical DMG on Turn Start (VG),,Icon_Generic_Placeholder.png,ability_test_watcher__van_turn_start__deal_tac_dmg
habit_test_watcher__turn_2_start__deal_fire_dmg,Watcher Deal Fire DMG on Turn 2 Start,,Icon_Generic_Placeholder.png,ability_test_watcher__turn_2_start__deal_fire_dmg
habit_test_watcher__turn_7_start__deal_fire_dmg,Watcher Deal Fire DMG on Turn 7 Start,,Icon_Generic_Placeholder.png,ability_test_watcher__turn_7_start__deal_fire_dmg
habit_test_action_auto_damage,Habit Action Auto  Damage,,Icon_Generic_Placeholder.png,ability_test_active_damage
habit_test_action_attackmod_damage,Habit Action AttackMod Damage,,Icon_Generic_Placeholder.png,ability_test_attackmod_damage
habit_test_preparation_auto_damage,Habit Preparation Auto Damage,,Icon_Generic_Placeholder.png,ability_test_passive_damage
habit_balance_buff4stats3targets_01,Increase All Stats 1,,,ability_habit_balance_buff4stats3targets_01
habit_balance_buff4stats3targets_02,Increase All Stats 2,,,ability_habit_balance_buff4stats3targets_02
habit_balance_buff4stats3targets_03,Increase All Stats 3,,,ability_habit_balance_buff4stats3targets_03
habit_balance_debuff4stats3targets_01,Decrease All Stats 1,,,ability_habit_balance_debuff4stats3targets_01
habit_balance_debuff4stats3targets_02,Decrease All Stats 2,,,ability_habit_balance_debuff4stats3targets_02
habit_balance_debuff4stats3targets_03,Decrease All Stats 3,,,ability_habit_balance_debuff4stats3targets_03
habit_balance_buffdmgdealt3targets_01,Increase All DMG Dealt 1,,,ability_habit_balance_buffdmgdealt3targets_01
habit_balance_buffdmgdealt3targets_02,Increase All DMG Dealt 2,,,ability_habit_balance_buffdmgdealt3targets_02
habit_balance_buffdmgdealt3targets_03,Increase All DMG Dealt 3,,,ability_habit_balance_buffdmgdealt3targets_03
habit_balance_debuffdmgdealt3targets_01,Decrease All DMG Dealt 1,,,ability_habit_balance_debuffdmgdealt3targets_01
habit_balance_debuffdmgdealt3targets_02,Decrease All DMG Dealt 2,,,ability_habit_balance_debuffdmgdealt3targets_02
habit_balance_debuffdmgdealt3targets_03,Decrease All DMG Dealt 3,,,ability_habit_balance_debuffdmgdealt3targets_03
habit_balance_buffdmgrec3targets_01,Decrease All DMG Received 1,,,ability_habit_balance_buffdmgrec3targets_01
habit_balance_buffdmgrec3targets_02,Decrease All DMG Received 2,,,ability_habit_balance_buffdmgrec3targets_02
habit_balance_buffdmgrec3targets_03,Decrease All DMG Received 3,,,ability_habit_balance_buffdmgrec3targets_03
habit_balance_debuffdmgrec3targets_01,Increase All DMG Received 1,,,ability_habit_balance_debuffdmgrec3targets_01
habit_balance_debuffdmgrec3targets_02,Increase All DMG Received 2,,,ability_habit_balance_debuffdmgrec3targets_02
habit_balance_debuffdmgrec3targets_03,Increase All DMG Received 3,,,ability_habit_balance_debuffdmgrec3targets_03
